order_item_id,order_id,product_id,quantity,unit_price,line_revenue
HITM0000001,HORD000001,PRD0950,1,238.05,238.05
HITM0000002,HORD000001,PRD0613,1,1377.73,1377.73
HITM0000003,HORD000001,PRD0447,1,961.68,961.68
HITM0000004,HORD000002,PRD0857,1,1044.86,1044.86
HITM0000005,HORD000002,PRD0451,2,1300.44,2600.88
HITM0000006,HORD000002,PRD0834,2,2762.83,5525.66
HITM0000007,HORD000002,PRD0010,1,39.45,39.45
HITM0000008,HORD000003,PRD0570,1,179.75,179.75
HITM0000009,HORD000003,PRD1000,1,45.04,45.04
HITM0000010,HORD000003,PRD0568,1,299.47,299.47
HITM0000011,HORD000003,PRD0372,2,330.93,661.86
HITM0000012,HORD000004,PRD0375,2,404.28,808.56
HITM0000013,HORD000004,PRD0329,1,100.62,100.62
HITM0000014,HORD000004,PRD0551,2,2253.02,4506.04
HITM0000015,HORD000005,PRD0383,1,1183.76,1183.76
HITM0000016,HORD000005,PRD0791,1,2467.42,2467.42
HITM0000017,HORD000006,PRD0625,1,122.46,122.46
HITM0000018,HORD000006,PRD0784,3,385.51,1156.53
HITM0000019,HORD000006,PRD0358,2,1045.44,2090.88
HITM0000020,HORD000006,PRD0236,1,313.33,313.33
HITM0000021,HORD000007,PRD0299,1,150.48,150.48
HITM0000022,HORD000007,PRD0331,1,2135.57,2135.57
HITM0000023,HORD000007,PRD0380,1,355.83,355.83
HITM0000024,HORD000008,PRD1000,2,45.04,90.08
HITM0000025,HORD000008,PRD0235,1,248.42,248.42
HITM0000026,HORD000008,PRD0015,1,624.09,624.09
HITM0000027,HORD000008,PRD0677,1,1000.46,1000.46
HITM0000028,HORD000009,PRD0011,1,2618.24,2618.24
HITM0000029,HORD000010,PRD0174,1,733.71,733.71
HITM0000030,HORD000010,PRD0464,1,2149.57,2149.57
HITM0000031,HORD000010,PRD0808,1,69.84,69.84
HITM0000032,HORD000010,PRD0647,2,754.04,1508.08
HITM0000033,HORD000010,PRD0358,1,1045.44,1045.44
HITM0000034,HORD000011,PRD0740,1,150.48,150.48
HITM0000035,HORD000011,PRD0840,1,102.1,102.1
HITM0000036,HORD000011,PRD0080,1,122.76,122.76
HITM0000037,HORD000011,PRD0563,1,651.72,651.72
HITM0000038,HORD000012,PRD0821,2,979.52,1959.04
HITM0000039,HORD000012,PRD0953,1,968.69,968.69
HITM0000040,HORD000012,PRD0198,1,737.1,737.1
HITM0000041,HORD000013,PRD0177,1,535.99,535.99
HITM0000042,HORD000013,PRD0475,2,357.18,714.36
HITM0000043,HORD000013,PRD0404,1,2672.02,2672.02
HITM0000044,HORD000013,PRD0858,1,363.41,363.41
HITM0000045,HORD000013,PRD0189,1,634.68,634.68
HITM0000046,HORD000014,PRD0233,1,1412.0,1412.0
HITM0000047,HORD000014,PRD0689,1,277.28,277.28
HITM0000048,HORD000014,PRD0080,1,122.76,122.76
HITM0000049,HORD000014,PRD0118,1,156.33,156.33
HITM0000050,HORD000015,PRD0006,2,35.37,70.74
HITM0000051,HORD000015,PRD0883,1,1201.31,1201.31
HITM0000052,HORD000015,PRD0345,1,752.34,752.34
HITM0000053,HORD000015,PRD0086,2,92.8,185.6
HITM0000054,HORD000015,PRD0875,1,73.21,73.21
HITM0000055,HORD000016,PRD0687,2,1174.99,2349.98
HITM0000056,HORD000017,PRD0086,1,92.8,92.8
HITM0000057,HORD000017,PRD0095,1,590.13,590.13
HITM0000058,HORD000018,PRD0399,1,1231.55,1231.55
HITM0000059,HORD000018,PRD0790,1,55.39,55.39
HITM0000060,HORD000018,PRD0999,1,892.27,892.27
HITM0000061,HORD000018,PRD0554,2,611.35,1222.7
HITM0000062,HORD000019,PRD0528,1,136.95,136.95
HITM0000063,HORD000019,PRD0330,2,51.67,103.34
HITM0000064,HORD000020,PRD0513,2,453.22,906.44
HITM0000065,HORD000020,PRD0828,1,146.02,146.02
HITM0000066,HORD000020,PRD0368,1,759.57,759.57
HITM0000067,HORD000020,PRD0089,1,561.13,561.13
HITM0000068,HORD000021,PRD0688,2,611.89,1223.78
HITM0000069,HORD000021,PRD0518,2,127.55,255.1
HITM0000070,HORD000021,PRD0706,1,377.51,377.51
HITM0000071,HORD000022,PRD0655,1,424.11,424.11
HITM0000072,HORD000022,PRD0908,1,136.87,136.87
HITM0000073,HORD000022,PRD0004,2,3297.7,6595.4
HITM0000074,HORD000022,PRD0330,1,51.67,51.67
HITM0000075,HORD000023,PRD0002,1,1052.85,1052.85
HITM0000076,HORD000023,PRD0970,1,107.81,107.81
HITM0000077,HORD000023,PRD0879,2,1459.82,2919.64
HITM0000078,HORD000024,PRD0528,1,136.95,136.95
HITM0000079,HORD000024,PRD0942,1,437.56,437.56
HITM0000080,HORD000024,PRD0650,3,297.34,892.02
HITM0000081,HORD000024,PRD0680,1,103.14,103.14
HITM0000082,HORD000024,PRD0990,1,373.88,373.88
HITM0000083,HORD000025,PRD0919,1,192.13,192.13
HITM0000084,HORD000026,PRD0057,1,2445.72,2445.72
HITM0000085,HORD000026,PRD0706,2,377.51,755.02
HITM0000086,HORD000027,PRD0460,1,289.71,289.71
HITM0000087,HORD000027,PRD0628,1,904.82,904.82
HITM0000088,HORD000027,PRD0905,1,470.11,470.11
HITM0000089,HORD000027,PRD0686,1,208.32,208.32
HITM0000090,HORD000028,PRD0037,1,873.28,873.28
HITM0000091,HORD000028,PRD0252,2,879.59,1759.18
HITM0000092,HORD000029,PRD0393,1,793.28,793.28
HITM0000093,HORD000029,PRD0635,1,576.88,576.88
HITM0000094,HORD000029,PRD0862,1,612.88,612.88
HITM0000095,HORD000030,PRD0925,1,56.69,56.69
HITM0000096,HORD000030,PRD0807,1,123.14,123.14
HITM0000097,HORD000030,PRD0309,1,621.05,621.05
HITM0000098,HORD000030,PRD0526,1,44.24,44.24
HITM0000099,HORD000031,PRD0017,1,1435.41,1435.41
HITM0000100,HORD000031,PRD0573,2,1394.74,2789.48
HITM0000101,HORD000031,PRD0716,3,120.76,362.28
HITM0000102,HORD000031,PRD0277,1,1516.37,1516.37
HITM0000103,HORD000031,PRD0610,2,167.07,334.14
HITM0000104,HORD000032,PRD0877,1,1849.07,1849.07
HITM0000105,HORD000032,PRD0515,1,1179.28,1179.28
HITM0000106,HORD000032,PRD0835,2,240.61,481.22
HITM0000107,HORD000032,PRD0799,1,114.07,114.07
HITM0000108,HORD000032,PRD0625,1,122.46,122.46
HITM0000109,HORD000033,PRD0396,1,485.87,485.87
HITM0000110,HORD000033,PRD0616,1,819.39,819.39
HITM0000111,HORD000033,PRD0996,2,440.1,880.2
HITM0000112,HORD000034,PRD0891,1,2138.63,2138.63
HITM0000113,HORD000034,PRD0093,1,401.55,401.55
HITM0000114,HORD000035,PRD0660,1,89.27,89.27
HITM0000115,HORD000035,PRD0671,1,926.06,926.06
HITM0000116,HORD000035,PRD0895,2,567.08,1134.16
HITM0000117,HORD000036,PRD0619,1,238.4,238.4
HITM0000118,HORD000036,PRD0491,1,2056.04,2056.04
HITM0000119,HORD000037,PRD0335,1,235.04,235.04
HITM0000120,HORD000037,PRD0448,2,1005.39,2010.78
HITM0000121,HORD000037,PRD0996,1,440.1,440.1
HITM0000122,HORD000038,PRD0300,2,243.64,487.28
HITM0000123,HORD000038,PRD0275,1,394.33,394.33
HITM0000124,HORD000038,PRD0555,1,955.38,955.38
HITM0000125,HORD000039,PRD0674,2,2519.21,5038.42
HITM0000126,HORD000039,PRD0855,1,204.55,204.55
HITM0000127,HORD000039,PRD0044,2,649.62,1299.24
HITM0000128,HORD000040,PRD0868,1,594.16,594.16
HITM0000129,HORD000040,PRD0424,1,4001.95,4001.95
HITM0000130,HORD000041,PRD0988,1,721.76,721.76
HITM0000131,HORD000041,PRD0089,1,561.13,561.13
HITM0000132,HORD000041,PRD0870,2,360.59,721.18
HITM0000133,HORD000042,PRD0376,1,811.77,811.77
HITM0000134,HORD000042,PRD0589,1,824.97,824.97
HITM0000135,HORD000042,PRD0296,2,122.37,244.74
HITM0000136,HORD000042,PRD0328,2,650.32,1300.64
HITM0000137,HORD000043,PRD0786,1,326.86,326.86
HITM0000138,HORD000043,PRD0252,1,879.59,879.59
HITM0000139,HORD000043,PRD0490,2,63.94,127.88
HITM0000140,HORD000044,PRD0283,1,405.7,405.7
HITM0000141,HORD000044,PRD0116,1,328.2,328.2
HITM0000142,HORD000044,PRD0787,1,1650.81,1650.81
HITM0000143,HORD000045,PRD0276,1,530.49,530.49
HITM0000144,HORD000045,PRD0974,1,1232.06,1232.06
HITM0000145,HORD000045,PRD0895,2,567.08,1134.16
HITM0000146,HORD000045,PRD0455,1,243.16,243.16
HITM0000147,HORD000046,PRD0768,1,73.54,73.54
HITM0000148,HORD000046,PRD0524,1,782.83,782.83
HITM0000149,HORD000046,PRD0090,3,136.64,409.92
HITM0000150,HORD000046,PRD0625,1,122.46,122.46
HITM0000151,HORD000047,PRD0131,2,2191.15,4382.3
HITM0000152,HORD000047,PRD0221,1,2212.0,2212.0
HITM0000153,HORD000047,PRD0859,1,664.51,664.51
HITM0000154,HORD000047,PRD0991,1,2498.97,2498.97
HITM0000155,HORD000047,PRD0325,1,607.53,607.53
HITM0000156,HORD000048,PRD0340,1,42.57,42.57
HITM0000157,HORD000048,PRD0853,1,1167.89,1167.89
HITM0000158,HORD000048,PRD0535,1,878.27,878.27
HITM0000159,HORD000049,PRD0398,1,341.64,341.64
HITM0000160,HORD000049,PRD0268,1,226.89,226.89
HITM0000161,HORD000050,PRD0689,1,277.28,277.28
HITM0000162,HORD000051,PRD0299,3,150.48,451.44
HITM0000163,HORD000051,PRD0626,1,139.26,139.26
HITM0000164,HORD000051,PRD0803,2,671.68,1343.36
HITM0000165,HORD000052,PRD0628,1,904.82,904.82
HITM0000166,HORD000052,PRD0494,1,2689.23,2689.23
HITM0000167,HORD000052,PRD0545,1,1132.56,1132.56
HITM0000168,HORD000052,PRD0860,3,397.97,1193.91
HITM0000169,HORD000053,PRD0575,3,996.56,2989.68
HITM0000170,HORD000053,PRD0927,1,138.39,138.39
HITM0000171,HORD000053,PRD0602,1,1660.35,1660.35
HITM0000172,HORD000053,PRD0966,2,706.39,1412.78
HITM0000173,HORD000054,PRD0608,1,313.58,313.58
HITM0000174,HORD000054,PRD0056,2,437.03,874.06
HITM0000175,HORD000054,PRD0510,1,112.56,112.56
HITM0000176,HORD000054,PRD0999,1,892.27,892.27
HITM0000177,HORD000055,PRD0807,1,123.14,123.14
HITM0000178,HORD000055,PRD0097,1,458.08,458.08
HITM0000179,HORD000055,PRD0398,1,341.64,341.64
HITM0000180,HORD000056,PRD0435,2,676.32,1352.64
HITM0000181,HORD000056,PRD0295,1,607.48,607.48
HITM0000182,HORD000056,PRD0032,1,742.08,742.08
HITM0000183,HORD000056,PRD0811,2,3124.99,6249.98
HITM0000184,HORD000056,PRD0088,2,141.39,282.78
HITM0000185,HORD000057,PRD0836,2,610.89,1221.78
HITM0000186,HORD000057,PRD0519,1,268.64,268.64
HITM0000187,HORD000057,PRD0558,2,1004.64,2009.28
HITM0000188,HORD000057,PRD0830,1,146.02,146.02
HITM0000189,HORD000057,PRD0688,1,611.89,611.89
HITM0000190,HORD000058,PRD0809,1,1365.76,1365.76
HITM0000191,HORD000058,PRD0743,2,939.8,1879.6
HITM0000192,HORD000058,PRD0730,1,388.14,388.14
HITM0000193,HORD000058,PRD0155,1,673.32,673.32
HITM0000194,HORD000059,PRD0267,1,2030.91,2030.91
HITM0000195,HORD000059,PRD0977,1,327.77,327.77
HITM0000196,HORD000059,PRD0270,1,218.48,218.48
HITM0000197,HORD000059,PRD0203,2,489.43,978.86
HITM0000198,HORD000060,PRD0279,1,1189.02,1189.02
HITM0000199,HORD000060,PRD0496,1,519.08,519.08
HITM0000200,HORD000060,PRD0138,1,99.85,99.85
HITM0000201,HORD000061,PRD0964,1,887.89,887.89
HITM0000202,HORD000061,PRD0190,1,34.34,34.34
HITM0000203,HORD000062,PRD0565,1,515.91,515.91
HITM0000204,HORD000062,PRD0694,1,1978.51,1978.51
HITM0000205,HORD000062,PRD0866,1,369.1,369.1
HITM0000206,HORD000063,PRD0261,1,3026.48,3026.48
HITM0000207,HORD000063,PRD0249,1,1215.99,1215.99
HITM0000208,HORD000064,PRD0188,1,861.47,861.47
HITM0000209,HORD000064,PRD0175,1,340.25,340.25
HITM0000210,HORD000065,PRD0953,3,968.69,2906.07
HITM0000211,HORD000065,PRD0558,2,1004.64,2009.28
HITM0000212,HORD000066,PRD0369,3,446.88,1340.64
HITM0000213,HORD000066,PRD0336,1,110.53,110.53
HITM0000214,HORD000066,PRD0230,1,34.01,34.01
HITM0000215,HORD000067,PRD0689,1,277.28,277.28
HITM0000216,HORD000067,PRD0156,1,115.73,115.73
HITM0000217,HORD000068,PRD0440,2,112.71,225.42
HITM0000218,HORD000068,PRD0250,3,329.47,988.41
HITM0000219,HORD000069,PRD0024,2,935.75,1871.5
HITM0000220,HORD000069,PRD0530,1,220.26,220.26
HITM0000221,HORD000069,PRD0160,1,21.4,21.4
HITM0000222,HORD000069,PRD0641,1,2668.96,2668.96
HITM0000223,HORD000070,PRD0481,2,1805.28,3610.56
HITM0000224,HORD000070,PRD0608,1,313.58,313.58
HITM0000225,HORD000071,PRD0795,1,574.53,574.53
HITM0000226,HORD000071,PRD0626,1,139.26,139.26
HITM0000227,HORD000072,PRD0480,1,168.51,168.51
HITM0000228,HORD000072,PRD0847,1,1756.67,1756.67
HITM0000229,HORD000073,PRD0432,1,1637.76,1637.76
HITM0000230,HORD000073,PRD0860,2,397.97,795.94
HITM0000231,HORD000073,PRD0745,1,494.7,494.7
HITM0000232,HORD000073,PRD0481,2,1805.28,3610.56
HITM0000233,HORD000074,PRD0158,1,224.45,224.45
HITM0000234,HORD000074,PRD0090,3,136.64,409.92
HITM0000235,HORD000075,PRD0149,1,1414.32,1414.32
HITM0000236,HORD000075,PRD0985,1,77.36,77.36
HITM0000237,HORD000075,PRD0568,2,299.47,598.94
HITM0000238,HORD000076,PRD0675,1,625.06,625.06
HITM0000239,HORD000076,PRD0329,2,100.62,201.24
HITM0000240,HORD000076,PRD0815,2,962.19,1924.38
HITM0000241,HORD000077,PRD0979,2,1067.2,2134.4
HITM0000242,HORD000077,PRD0287,3,2154.08,6462.24
HITM0000243,HORD000077,PRD0635,1,576.88,576.88
HITM0000244,HORD000078,PRD0519,1,268.64,268.64
HITM0000245,HORD000078,PRD0146,1,212.69,212.69
HITM0000246,HORD000078,PRD0496,2,519.08,1038.16
HITM0000247,HORD000078,PRD0528,1,136.95,136.95
HITM0000248,HORD000079,PRD0589,1,824.97,824.97
HITM0000249,HORD000080,PRD0176,1,662.86,662.86
HITM0000250,HORD000080,PRD0526,2,44.24,88.48
HITM0000251,HORD000080,PRD0790,1,55.39,55.39
HITM0000252,HORD000080,PRD0637,1,2457.32,2457.32
HITM0000253,HORD000081,PRD0019,1,353.47,353.47
HITM0000254,HORD000081,PRD0225,1,1003.93,1003.93
HITM0000255,HORD000081,PRD0060,1,207.18,207.18
HITM0000256,HORD000082,PRD0588,1,544.11,544.11
HITM0000257,HORD000082,PRD0874,1,3409.41,3409.41
HITM0000258,HORD000082,PRD0466,1,460.08,460.08
HITM0000259,HORD000083,PRD0398,1,341.64,341.64
HITM0000260,HORD000083,PRD0957,1,1668.98,1668.98
HITM0000261,HORD000083,PRD0599,1,1129.79,1129.79
HITM0000262,HORD000083,PRD0446,1,172.12,172.12
HITM0000263,HORD000083,PRD0846,1,417.95,417.95
HITM0000264,HORD000084,PRD0125,1,108.47,108.47
HITM0000265,HORD000084,PRD0456,1,117.59,117.59
HITM0000266,HORD000084,PRD0736,1,171.3,171.3
HITM0000267,HORD000085,PRD0510,1,112.56,112.56
HITM0000268,HORD000085,PRD0609,1,83.83,83.83
HITM0000269,HORD000085,PRD0454,1,1438.89,1438.89
HITM0000270,HORD000086,PRD0191,1,1064.69,1064.69
HITM0000271,HORD000086,PRD0489,2,376.72,753.44
HITM0000272,HORD000086,PRD0420,1,277.28,277.28
HITM0000273,HORD000086,PRD0122,2,1579.58,3159.16
HITM0000274,HORD000087,PRD0985,2,77.36,154.72
HITM0000275,HORD000087,PRD0795,1,574.53,574.53
HITM0000276,HORD000087,PRD0640,1,23.59,23.59
HITM0000277,HORD000087,PRD0421,2,2974.43,5948.86
HITM0000278,HORD000088,PRD0550,1,229.62,229.62
HITM0000279,HORD000088,PRD0127,1,1131.95,1131.95
HITM0000280,HORD000088,PRD0636,1,418.01,418.01
HITM0000281,HORD000089,PRD0085,2,655.93,1311.86
HITM0000282,HORD000089,PRD0950,1,238.05,238.05
HITM0000283,HORD000090,PRD0624,1,2196.66,2196.66
HITM0000284,HORD000090,PRD0892,1,375.64,375.64
HITM0000285,HORD000090,PRD0430,1,348.93,348.93
HITM0000286,HORD000090,PRD0718,1,543.69,543.69
HITM0000287,HORD000091,PRD0807,1,123.14,123.14
HITM0000288,HORD000091,PRD0642,1,1152.43,1152.43
HITM0000289,HORD000091,PRD0919,1,192.13,192.13
HITM0000290,HORD000091,PRD0918,2,911.04,1822.08
HITM0000291,HORD000092,PRD0762,1,848.37,848.37
HITM0000292,HORD000092,PRD0597,2,2095.04,4190.08
HITM0000293,HORD000092,PRD0889,1,518.76,518.76
HITM0000294,HORD000092,PRD0080,1,122.76,122.76
HITM0000295,HORD000093,PRD0721,1,2913.95,2913.95
HITM0000296,HORD000093,PRD0328,2,650.32,1300.64
HITM0000297,HORD000094,PRD0569,2,1425.79,2851.58
HITM0000298,HORD000094,PRD0176,2,662.86,1325.72
HITM0000299,HORD000094,PRD0152,1,1406.47,1406.47
HITM0000300,HORD000094,PRD0384,1,1325.18,1325.18
HITM0000301,HORD000095,PRD0845,1,45.19,45.19
HITM0000302,HORD000095,PRD0950,1,238.05,238.05
HITM0000303,HORD000095,PRD0009,1,354.96,354.96
HITM0000304,HORD000096,PRD0334,1,2353.86,2353.86
HITM0000305,HORD000096,PRD0876,2,146.18,292.36
HITM0000306,HORD000096,PRD0730,1,388.14,388.14
HITM0000307,HORD000096,PRD0626,1,139.26,139.26
HITM0000308,HORD000097,PRD0159,1,897.22,897.22
HITM0000309,HORD000097,PRD0840,1,102.1,102.1
HITM0000310,HORD000097,PRD0318,1,971.41,971.41
HITM0000311,HORD000097,PRD0555,1,955.38,955.38
HITM0000312,HORD000097,PRD0191,1,1064.69,1064.69
HITM0000313,HORD000098,PRD0685,3,987.86,2963.58
HITM0000314,HORD000098,PRD0350,2,133.96,267.92
HITM0000315,HORD000098,PRD0462,1,1180.47,1180.47
HITM0000316,HORD000099,PRD0997,1,1651.08,1651.08
HITM0000317,HORD000099,PRD0067,1,2053.61,2053.61
HITM0000318,HORD000100,PRD0003,2,342.16,684.32
HITM0000319,HORD000100,PRD0707,1,1217.98,1217.98
HITM0000320,HORD000100,PRD0895,1,567.08,567.08
HITM0000321,HORD000100,PRD0767,2,380.35,760.7
HITM0000322,HORD000101,PRD0008,2,205.21,410.42
HITM0000323,HORD000101,PRD0222,2,1185.98,2371.96
HITM0000324,HORD000101,PRD0695,1,908.69,908.69
HITM0000325,HORD000101,PRD0528,1,136.95,136.95
HITM0000326,HORD000102,PRD0723,2,867.11,1734.22
HITM0000327,HORD000102,PRD0720,1,416.7,416.7
HITM0000328,HORD000102,PRD0907,1,2551.71,2551.71
HITM0000329,HORD000102,PRD0886,1,389.53,389.53
HITM0000330,HORD000102,PRD0641,1,2668.96,2668.96
HITM0000331,HORD000103,PRD0210,1,371.54,371.54
HITM0000332,HORD000103,PRD0676,2,117.14,234.28
HITM0000333,HORD000103,PRD0516,1,742.63,742.63
HITM0000334,HORD000104,PRD0449,1,792.41,792.41
HITM0000335,HORD000104,PRD0552,3,470.47,1411.41
HITM0000336,HORD000105,PRD0284,1,1446.14,1446.14
HITM0000337,HORD000105,PRD0636,1,418.01,418.01
HITM0000338,HORD000106,PRD0010,1,39.45,39.45
HITM0000339,HORD000106,PRD0665,1,191.97,191.97
HITM0000340,HORD000106,PRD0512,1,1262.67,1262.67
HITM0000341,HORD000106,PRD0566,1,306.33,306.33
HITM0000342,HORD000106,PRD0620,1,339.14,339.14
HITM0000343,HORD000107,PRD0572,1,678.29,678.29
HITM0000344,HORD000107,PRD0353,1,1290.29,1290.29
HITM0000345,HORD000107,PRD0878,1,689.64,689.64
HITM0000346,HORD000107,PRD0420,3,277.28,831.84
HITM0000347,HORD000107,PRD0895,3,567.08,1701.24
HITM0000348,HORD000108,PRD0438,1,104.09,104.09
HITM0000349,HORD000108,PRD0707,1,1217.98,1217.98
HITM0000350,HORD000108,PRD0826,3,89.12,267.36
HITM0000351,HORD000109,PRD0849,2,115.9,231.8
HITM0000352,HORD000109,PRD0652,1,1711.11,1711.11
HITM0000353,HORD000109,PRD0981,1,2778.15,2778.15
HITM0000354,HORD000109,PRD0230,1,34.01,34.01
HITM0000355,HORD000109,PRD0190,1,34.34,34.34
HITM0000356,HORD000110,PRD0894,2,3415.6,6831.2
HITM0000357,HORD000110,PRD0602,2,1660.35,3320.7
HITM0000358,HORD000110,PRD0978,2,655.83,1311.66
HITM0000359,HORD000110,PRD0880,1,132.59,132.59
HITM0000360,HORD000111,PRD0684,1,3458.02,3458.02
HITM0000361,HORD000111,PRD0135,1,715.95,715.95
HITM0000362,HORD000111,PRD0194,1,3007.67,3007.67
HITM0000363,HORD000111,PRD0220,2,187.94,375.88
HITM0000364,HORD000112,PRD0679,1,1399.86,1399.86
HITM0000365,HORD000112,PRD0023,1,268.14,268.14
HITM0000366,HORD000112,PRD0019,1,353.47,353.47
HITM0000367,HORD000113,PRD0296,1,122.37,122.37
HITM0000368,HORD000113,PRD0345,1,752.34,752.34
HITM0000369,HORD000113,PRD0325,1,607.53,607.53
HITM0000370,HORD000113,PRD0908,1,136.87,136.87
HITM0000371,HORD000113,PRD0180,1,356.72,356.72
HITM0000372,HORD000114,PRD0067,1,2053.61,2053.61
HITM0000373,HORD000115,PRD0557,2,2192.99,4385.98
HITM0000374,HORD000115,PRD0081,2,1855.65,3711.3
HITM0000375,HORD000115,PRD0193,1,575.14,575.14
HITM0000376,HORD000115,PRD0620,2,339.14,678.28
HITM0000377,HORD000115,PRD0723,1,867.11,867.11
HITM0000378,HORD000116,PRD0196,1,373.5,373.5
HITM0000379,HORD000117,PRD0929,1,131.55,131.55
HITM0000380,HORD000117,PRD0838,1,955.16,955.16
HITM0000381,HORD000117,PRD0790,1,55.39,55.39
HITM0000382,HORD000118,PRD0571,1,2499.58,2499.58
HITM0000383,HORD000118,PRD0329,1,100.62,100.62
HITM0000384,HORD000118,PRD0807,1,123.14,123.14
HITM0000385,HORD000119,PRD0183,1,667.61,667.61
HITM0000386,HORD000119,PRD0575,1,996.56,996.56
HITM0000387,HORD000119,PRD0670,2,137.8,275.6
HITM0000388,HORD000119,PRD0917,2,1133.22,2266.44
HITM0000389,HORD000120,PRD0133,1,334.91,334.91
HITM0000390,HORD000120,PRD0797,1,936.62,936.62
HITM0000391,HORD000120,PRD0295,1,607.48,607.48
HITM0000392,HORD000120,PRD0806,1,499.24,499.24
HITM0000393,HORD000121,PRD0928,1,834.91,834.91
HITM0000394,HORD000121,PRD0849,2,115.9,231.8
HITM0000395,HORD000121,PRD0235,1,248.42,248.42
HITM0000396,HORD000121,PRD0384,1,1325.18,1325.18
HITM0000397,HORD000122,PRD0123,3,1257.07,3771.21
HITM0000398,HORD000122,PRD0139,1,1069.24,1069.24
HITM0000399,HORD000122,PRD0670,1,137.8,137.8
HITM0000400,HORD000123,PRD0700,1,206.13,206.13
HITM0000401,HORD000123,PRD0796,1,46.19,46.19
HITM0000402,HORD000123,PRD0238,1,1033.13,1033.13
HITM0000403,HORD000124,PRD0042,1,711.35,711.35
HITM0000404,HORD000124,PRD0828,2,146.02,292.04
HITM0000405,HORD000124,PRD0554,2,611.35,1222.7
HITM0000406,HORD000124,PRD0419,1,1353.51,1353.51
HITM0000407,HORD000125,PRD0965,2,1000.42,2000.84
HITM0000408,HORD000125,PRD0406,1,184.6,184.6
HITM0000409,HORD000125,PRD0710,2,161.67,323.34
HITM0000410,HORD000125,PRD0515,1,1179.28,1179.28
HITM0000411,HORD000126,PRD0346,1,519.06,519.06
HITM0000412,HORD000126,PRD0411,1,2750.24,2750.24
HITM0000413,HORD000126,PRD0846,1,417.95,417.95
HITM0000414,HORD000127,PRD0912,1,1391.06,1391.06
HITM0000415,HORD000127,PRD0523,1,1405.5,1405.5
HITM0000416,HORD000127,PRD0446,1,172.12,172.12
HITM0000417,HORD000127,PRD0158,1,224.45,224.45
HITM0000418,HORD000127,PRD0389,1,910.21,910.21
HITM0000419,HORD000128,PRD0308,1,524.45,524.45
HITM0000420,HORD000128,PRD0101,1,1796.81,1796.81
HITM0000421,HORD000128,PRD0870,3,360.59,1081.77
HITM0000422,HORD000128,PRD0081,3,1855.65,5566.95
HITM0000423,HORD000128,PRD0166,1,486.74,486.74
HITM0000424,HORD000129,PRD0960,1,321.52,321.52
HITM0000425,HORD000129,PRD0117,1,1668.5,1668.5
HITM0000426,HORD000129,PRD0168,2,451.79,903.58
HITM0000427,HORD000129,PRD0676,1,117.14,117.14
HITM0000428,HORD000130,PRD0174,1,733.71,733.71
HITM0000429,HORD000130,PRD0149,1,1414.32,1414.32
HITM0000430,HORD000131,PRD0171,3,2475.28,7425.84
HITM0000431,HORD000132,PRD0436,1,112.2,112.2
HITM0000432,HORD000132,PRD0230,1,34.01,34.01
HITM0000433,HORD000132,PRD0225,1,1003.93,1003.93
HITM0000434,HORD000132,PRD0693,2,1390.63,2781.26
HITM0000435,HORD000133,PRD0031,3,1504.32,4512.96
HITM0000436,HORD000133,PRD0519,1,268.64,268.64
HITM0000437,HORD000133,PRD0948,2,454.84,909.68
HITM0000438,HORD000134,PRD0080,1,122.76,122.76
HITM0000439,HORD000134,PRD0916,1,784.31,784.31
HITM0000440,HORD000134,PRD0608,1,313.58,313.58
HITM0000441,HORD000135,PRD0651,1,1981.28,1981.28
HITM0000442,HORD000135,PRD0382,2,865.54,1731.08
HITM0000443,HORD000136,PRD0885,2,689.39,1378.78
HITM0000444,HORD000136,PRD0506,2,187.88,375.76
HITM0000445,HORD000137,PRD0850,1,37.87,37.87
HITM0000446,HORD000137,PRD0438,1,104.09,104.09
HITM0000447,HORD000137,PRD0287,1,2154.08,2154.08
HITM0000448,HORD000137,PRD0044,1,649.62,649.62
HITM0000449,HORD000138,PRD0424,1,4001.95,4001.95
HITM0000450,HORD000138,PRD0007,1,1146.82,1146.82
HITM0000451,HORD000139,PRD0339,1,1448.64,1448.64
HITM0000452,HORD000139,PRD0830,2,146.02,292.04
HITM0000453,HORD000139,PRD0580,1,218.53,218.53
HITM0000454,HORD000139,PRD1000,1,45.04,45.04
HITM0000455,HORD000140,PRD0946,1,810.85,810.85
HITM0000456,HORD000140,PRD0419,1,1353.51,1353.51
HITM0000457,HORD000141,PRD0029,1,418.31,418.31
HITM0000458,HORD000141,PRD0676,2,117.14,234.28
HITM0000459,HORD000141,PRD0797,1,936.62,936.62
HITM0000460,HORD000142,PRD0073,1,1497.77,1497.77
HITM0000461,HORD000142,PRD0820,2,31.29,62.58
HITM0000462,HORD000142,PRD0720,1,416.7,416.7
HITM0000463,HORD000142,PRD0655,2,424.11,848.22
HITM0000464,HORD000143,PRD0676,2,117.14,234.28
HITM0000465,HORD000143,PRD0325,1,607.53,607.53
HITM0000466,HORD000143,PRD0762,1,848.37,848.37
HITM0000467,HORD000144,PRD0374,1,759.14,759.14
HITM0000468,HORD000144,PRD0687,2,1174.99,2349.98
HITM0000469,HORD000145,PRD0669,1,387.51,387.51
HITM0000470,HORD000145,PRD0389,1,910.21,910.21
HITM0000471,HORD000145,PRD0604,3,2778.09,8334.27
HITM0000472,HORD000145,PRD0521,1,2461.03,2461.03
HITM0000473,HORD000146,PRD0550,1,229.62,229.62
HITM0000474,HORD000146,PRD0937,1,435.56,435.56
HITM0000475,HORD000146,PRD0083,1,1406.78,1406.78
HITM0000476,HORD000147,PRD0774,2,1734.69,3469.38
HITM0000477,HORD000147,PRD0948,1,454.84,454.84
HITM0000478,HORD000147,PRD0164,2,3982.07,7964.14
HITM0000479,HORD000147,PRD0686,1,208.32,208.32
HITM0000480,HORD000148,PRD0825,2,841.2,1682.4
HITM0000481,HORD000148,PRD0563,1,651.72,651.72
HITM0000482,HORD000148,PRD0430,1,348.93,348.93
HITM0000483,HORD000148,PRD0313,3,1045.09,3135.27
HITM0000484,HORD000148,PRD0873,1,1172.09,1172.09
HITM0000485,HORD000149,PRD0456,1,117.59,117.59
HITM0000486,HORD000149,PRD0199,1,710.27,710.27
HITM0000487,HORD000150,PRD0827,1,1653.52,1653.52
HITM0000488,HORD000150,PRD0450,1,56.05,56.05
HITM0000489,HORD000151,PRD0054,2,3479.55,6959.1
HITM0000490,HORD000151,PRD0225,1,1003.93,1003.93
HITM0000491,HORD000151,PRD0671,1,926.06,926.06
HITM0000492,HORD000151,PRD0236,1,313.33,313.33
HITM0000493,HORD000152,PRD0589,1,824.97,824.97
HITM0000494,HORD000152,PRD0911,1,1191.91,1191.91
HITM0000495,HORD000152,PRD0072,1,982.29,982.29
HITM0000496,HORD000153,PRD0934,1,524.96,524.96
HITM0000497,HORD000153,PRD0274,3,416.56,1249.68
HITM0000498,HORD000154,PRD0280,1,84.08,84.08
HITM0000499,HORD000154,PRD0987,1,1838.0,1838.0
HITM0000500,HORD000154,PRD0160,1,21.4,21.4
HITM0000501,HORD000154,PRD0600,2,222.54,445.08
HITM0000502,HORD000155,PRD0850,1,37.87,37.87
HITM0000503,HORD000155,PRD0790,2,55.39,110.78
HITM0000504,HORD000156,PRD0506,1,187.88,187.88
HITM0000505,HORD000156,PRD0266,1,186.6,186.6
HITM0000506,HORD000156,PRD0634,1,3567.92,3567.92
HITM0000507,HORD000156,PRD0606,1,49.01,49.01
HITM0000508,HORD000157,PRD0922,1,693.11,693.11
HITM0000509,HORD000157,PRD0380,1,355.83,355.83
HITM0000510,HORD000157,PRD0480,1,168.51,168.51
HITM0000511,HORD000158,PRD0905,1,470.11,470.11
HITM0000512,HORD000158,PRD0082,1,1374.63,1374.63
HITM0000513,HORD000158,PRD0040,1,201.64,201.64
HITM0000514,HORD000158,PRD0677,1,1000.46,1000.46
HITM0000515,HORD000159,PRD0738,1,520.03,520.03
HITM0000516,HORD000159,PRD0032,2,742.08,1484.16
HITM0000517,HORD000160,PRD0084,1,1248.72,1248.72
HITM0000518,HORD000160,PRD0899,1,1072.73,1072.73
HITM0000519,HORD000160,PRD0510,1,112.56,112.56
HITM0000520,HORD000161,PRD0215,1,616.18,616.18
HITM0000521,HORD000161,PRD0634,1,3567.92,3567.92
HITM0000522,HORD000161,PRD0318,1,971.41,971.41
HITM0000523,HORD000161,PRD0022,1,778.88,778.88
HITM0000524,HORD000162,PRD0360,3,326.09,978.27
HITM0000525,HORD000162,PRD0238,1,1033.13,1033.13
HITM0000526,HORD000162,PRD0266,1,186.6,186.6
HITM0000527,HORD000163,PRD0139,2,1069.24,2138.48
HITM0000528,HORD000163,PRD0154,1,2205.21,2205.21
HITM0000529,HORD000163,PRD0830,1,146.02,146.02
HITM0000530,HORD000163,PRD0869,1,131.2,131.2
HITM0000531,HORD000164,PRD0673,1,548.1,548.1
HITM0000532,HORD000164,PRD0416,1,236.82,236.82
HITM0000533,HORD000165,PRD0453,2,904.43,1808.86
HITM0000534,HORD000165,PRD0970,2,107.81,215.62
HITM0000535,HORD000165,PRD0108,1,997.65,997.65
HITM0000536,HORD000166,PRD0076,1,232.75,232.75
HITM0000537,HORD000166,PRD0864,1,631.67,631.67
HITM0000538,HORD000166,PRD0468,1,388.69,388.69
HITM0000539,HORD000166,PRD0720,1,416.7,416.7
HITM0000540,HORD000167,PRD0343,1,1288.78,1288.78
HITM0000541,HORD000167,PRD0584,1,3190.99,3190.99
HITM0000542,HORD000167,PRD0640,1,23.59,23.59
HITM0000543,HORD000167,PRD0190,2,34.34,68.68
HITM0000544,HORD000168,PRD0087,1,2521.54,2521.54
HITM0000545,HORD000168,PRD0040,1,201.64,201.64
HITM0000546,HORD000168,PRD0922,1,693.11,693.11
HITM0000547,HORD000168,PRD0335,1,235.04,235.04
HITM0000548,HORD000169,PRD0814,1,849.01,849.01
HITM0000549,HORD000169,PRD0860,1,397.97,397.97
HITM0000550,HORD000170,PRD0252,1,879.59,879.59
HITM0000551,HORD000170,PRD0570,1,179.75,179.75
HITM0000552,HORD000170,PRD0828,2,146.02,292.04
HITM0000553,HORD000171,PRD1000,2,45.04,90.08
HITM0000554,HORD000171,PRD0960,1,321.52,321.52
HITM0000555,HORD000171,PRD0569,1,1425.79,1425.79
HITM0000556,HORD000171,PRD0490,1,63.94,63.94
HITM0000557,HORD000172,PRD0135,1,715.95,715.95
HITM0000558,HORD000173,PRD0510,1,112.56,112.56
HITM0000559,HORD000173,PRD0896,1,507.02,507.02
HITM0000560,HORD000174,PRD0137,1,125.48,125.48
HITM0000561,HORD000174,PRD0459,1,461.78,461.78
HITM0000562,HORD000175,PRD0296,1,122.37,122.37
HITM0000563,HORD000175,PRD0673,1,548.1,548.1
HITM0000564,HORD000175,PRD0653,2,514.7,1029.4
HITM0000565,HORD000175,PRD0001,1,2639.78,2639.78
HITM0000566,HORD000175,PRD0334,1,2353.86,2353.86
HITM0000567,HORD000176,PRD0184,1,869.57,869.57
HITM0000568,HORD000176,PRD0744,1,3085.44,3085.44
HITM0000569,HORD000177,PRD0695,1,908.69,908.69
HITM0000570,HORD000177,PRD0567,2,1572.22,3144.44
HITM0000571,HORD000177,PRD0917,1,1133.22,1133.22
HITM0000572,HORD000177,PRD0794,1,4029.39,4029.39
HITM0000573,HORD000177,PRD0771,2,1690.63,3381.26
HITM0000574,HORD000178,PRD0114,1,2620.24,2620.24
HITM0000575,HORD000178,PRD0064,1,3952.78,3952.78
HITM0000576,HORD000178,PRD0574,1,1085.51,1085.51
HITM0000577,HORD000179,PRD0238,1,1033.13,1033.13
HITM0000578,HORD000179,PRD0804,1,3159.06,3159.06
HITM0000579,HORD000179,PRD0613,2,1377.73,2755.46
HITM0000580,HORD000180,PRD0522,2,1270.84,2541.68
HITM0000581,HORD000180,PRD0372,1,330.93,330.93
HITM0000582,HORD000180,PRD0055,1,371.08,371.08
HITM0000583,HORD000181,PRD0409,1,165.4,165.4
HITM0000584,HORD000181,PRD0465,1,778.89,778.89
HITM0000585,HORD000182,PRD0230,1,34.01,34.01
HITM0000586,HORD000182,PRD0006,2,35.37,70.74
HITM0000587,HORD000182,PRD0702,2,1785.7,3571.4
HITM0000588,HORD000182,PRD0640,2,23.59,47.18
HITM0000589,HORD000183,PRD0732,2,1068.78,2137.56
HITM0000590,HORD000183,PRD0810,1,393.15,393.15
HITM0000591,HORD000184,PRD0706,2,377.51,755.02
HITM0000592,HORD000184,PRD0517,1,2094.09,2094.09
HITM0000593,HORD000184,PRD0766,1,420.5,420.5
HITM0000594,HORD000185,PRD0309,2,621.05,1242.1
HITM0000595,HORD000185,PRD0170,1,275.39,275.39
HITM0000596,HORD000185,PRD0839,1,1337.75,1337.75
HITM0000597,HORD000186,PRD0031,1,1504.32,1504.32
HITM0000598,HORD000186,PRD0845,1,45.19,45.19
HITM0000599,HORD000186,PRD0670,1,137.8,137.8
HITM0000600,HORD000186,PRD0232,1,1295.64,1295.64
HITM0000601,HORD000187,PRD0401,1,2894.25,2894.25
HITM0000602,HORD000187,PRD0450,1,56.05,56.05
HITM0000603,HORD000187,PRD0304,2,3629.59,7259.18
HITM0000604,HORD000187,PRD0028,1,160.23,160.23
HITM0000605,HORD000188,PRD0507,1,135.21,135.21
HITM0000606,HORD000188,PRD0139,2,1069.24,2138.48
HITM0000607,HORD000188,PRD0415,1,191.7,191.7
HITM0000608,HORD000188,PRD0992,1,1098.67,1098.67
HITM0000609,HORD000188,PRD0095,1,590.13,590.13
HITM0000610,HORD000189,PRD0875,1,73.21,73.21
HITM0000611,HORD000189,PRD0263,2,618.52,1237.04
HITM0000612,HORD000189,PRD0051,1,1390.84,1390.84
HITM0000613,HORD000189,PRD0790,1,55.39,55.39
HITM0000614,HORD000190,PRD0040,1,201.64,201.64
HITM0000615,HORD000190,PRD0943,2,578.85,1157.7
HITM0000616,HORD000190,PRD0810,1,393.15,393.15
HITM0000617,HORD000191,PRD0315,1,58.99,58.99
HITM0000618,HORD000191,PRD0524,1,782.83,782.83
HITM0000619,HORD000191,PRD0985,2,77.36,154.72
HITM0000620,HORD000192,PRD0116,1,328.2,328.2
HITM0000621,HORD000192,PRD0280,2,84.08,168.16
HITM0000622,HORD000192,PRD0274,1,416.56,416.56
HITM0000623,HORD000192,PRD0468,1,388.69,388.69
HITM0000624,HORD000192,PRD0220,1,187.94,187.94
HITM0000625,HORD000193,PRD0265,1,542.34,542.34
HITM0000626,HORD000193,PRD0928,2,834.91,1669.82
HITM0000627,HORD000193,PRD0173,1,270.07,270.07
HITM0000628,HORD000193,PRD0944,1,2088.32,2088.32
HITM0000629,HORD000194,PRD0854,1,651.27,651.27
HITM0000630,HORD000194,PRD0585,2,101.78,203.56
HITM0000631,HORD000194,PRD0661,1,1942.53,1942.53
HITM0000632,HORD000195,PRD0441,1,2803.03,2803.03
HITM0000633,HORD000195,PRD0598,1,522.01,522.01
HITM0000634,HORD000195,PRD0750,1,262.52,262.52
HITM0000635,HORD000196,PRD0116,1,328.2,328.2
HITM0000636,HORD000196,PRD0920,1,123.07,123.07
HITM0000637,HORD000196,PRD0402,1,782.5,782.5
HITM0000638,HORD000197,PRD0938,2,103.84,207.68
HITM0000639,HORD000197,PRD0160,1,21.4,21.4
HITM0000640,HORD000197,PRD0819,1,269.55,269.55
HITM0000641,HORD000197,PRD0127,1,1131.95,1131.95
HITM0000642,HORD000197,PRD0626,2,139.26,278.52
HITM0000643,HORD000198,PRD0870,3,360.59,1081.77
HITM0000644,HORD000198,PRD0445,1,589.84,589.84
HITM0000645,HORD000198,PRD0038,1,702.97,702.97
HITM0000646,HORD000198,PRD0665,2,191.97,383.94
HITM0000647,HORD000199,PRD0632,3,1640.52,4921.56
HITM0000648,HORD000199,PRD0580,2,218.53,437.06
HITM0000649,HORD000199,PRD0988,1,721.76,721.76
HITM0000650,HORD000200,PRD0089,2,561.13,1122.26
HITM0000651,HORD000201,PRD0248,2,207.33,414.66
HITM0000652,HORD000201,PRD0903,2,332.35,664.7
HITM0000653,HORD000201,PRD0670,1,137.8,137.8
HITM0000654,HORD000201,PRD0924,2,508.67,1017.34
HITM0000655,HORD000201,PRD0556,2,546.84,1093.68
HITM0000656,HORD000202,PRD0622,1,1298.2,1298.2
HITM0000657,HORD000202,PRD0113,2,756.1,1512.2
HITM0000658,HORD000202,PRD0658,1,665.45,665.45
HITM0000659,HORD000203,PRD0237,1,983.57,983.57
HITM0000660,HORD000203,PRD0045,1,306.29,306.29
HITM0000661,HORD000203,PRD0056,1,437.03,437.03
HITM0000662,HORD000203,PRD0826,2,89.12,178.24
HITM0000663,HORD000204,PRD0645,2,1142.68,2285.36
HITM0000664,HORD000204,PRD0254,1,3553.03,3553.03
HITM0000665,HORD000204,PRD0350,1,133.96,133.96
HITM0000666,HORD000204,PRD0006,2,35.37,70.74
HITM0000667,HORD000205,PRD0584,1,3190.99,3190.99
HITM0000668,HORD000205,PRD0524,1,782.83,782.83
HITM0000669,HORD000205,PRD0845,1,45.19,45.19
HITM0000670,HORD000205,PRD0739,1,784.83,784.83
HITM0000671,HORD000206,PRD0869,2,131.2,262.4
HITM0000672,HORD000206,PRD0973,2,573.55,1147.1
HITM0000673,HORD000206,PRD0103,1,1002.58,1002.58
HITM0000674,HORD000207,PRD0546,1,361.61,361.61
HITM0000675,HORD000207,PRD0810,1,393.15,393.15
HITM0000676,HORD000207,PRD0019,1,353.47,353.47
HITM0000677,HORD000208,PRD0766,1,420.5,420.5
HITM0000678,HORD000208,PRD0655,2,424.11,848.22
HITM0000679,HORD000209,PRD0010,1,39.45,39.45
HITM0000680,HORD000209,PRD0157,1,1264.96,1264.96
HITM0000681,HORD000209,PRD0720,2,416.7,833.4
HITM0000682,HORD000209,PRD0340,1,42.57,42.57
HITM0000683,HORD000210,PRD0856,1,429.74,429.74
HITM0000684,HORD000210,PRD0200,2,231.67,463.34
HITM0000685,HORD000210,PRD0889,1,518.76,518.76
HITM0000686,HORD000211,PRD0708,1,1093.2,1093.2
HITM0000687,HORD000211,PRD0548,1,448.84,448.84
HITM0000688,HORD000212,PRD0065,1,446.02,446.02
HITM0000689,HORD000212,PRD0960,1,321.52,321.52
HITM0000690,HORD000212,PRD0994,1,2732.71,2732.71
HITM0000691,HORD000213,PRD0609,1,83.83,83.83
HITM0000692,HORD000213,PRD0249,1,1215.99,1215.99
HITM0000693,HORD000213,PRD0364,1,914.03,914.03
HITM0000694,HORD000213,PRD0030,1,239.93,239.93
HITM0000695,HORD000214,PRD0685,1,987.86,987.86
HITM0000696,HORD000214,PRD0727,2,2045.32,4090.64
HITM0000697,HORD000214,PRD0030,1,239.93,239.93
HITM0000698,HORD000215,PRD0431,1,2880.93,2880.93
HITM0000699,HORD000215,PRD0295,1,607.48,607.48
HITM0000700,HORD000215,PRD0942,1,437.56,437.56
HITM0000701,HORD000215,PRD0588,1,544.11,544.11
HITM0000702,HORD000216,PRD0880,1,132.59,132.59
HITM0000703,HORD000216,PRD0846,1,417.95,417.95
HITM0000704,HORD000216,PRD0390,1,153.47,153.47
HITM0000705,HORD000217,PRD0470,1,133.45,133.45
HITM0000706,HORD000217,PRD0772,1,661.34,661.34
HITM0000707,HORD000217,PRD0895,2,567.08,1134.16
HITM0000708,HORD000217,PRD0388,1,341.67,341.67
HITM0000709,HORD000218,PRD0687,1,1174.99,1174.99
HITM0000710,HORD000218,PRD0585,1,101.78,101.78
HITM0000711,HORD000218,PRD0989,2,535.6,1071.2
HITM0000712,HORD000219,PRD0911,1,1191.91,1191.91
HITM0000713,HORD000219,PRD0968,1,861.46,861.46
HITM0000714,HORD000219,PRD0368,2,759.57,1519.14
HITM0000715,HORD000219,PRD0695,1,908.69,908.69
HITM0000716,HORD000220,PRD0581,1,2366.29,2366.29
HITM0000717,HORD000220,PRD0408,1,384.62,384.62
HITM0000718,HORD000220,PRD0420,2,277.28,554.56
HITM0000719,HORD000221,PRD0925,1,56.69,56.69
HITM0000720,HORD000221,PRD0473,1,370.27,370.27
HITM0000721,HORD000221,PRD0992,1,1098.67,1098.67
HITM0000722,HORD000221,PRD0025,1,404.64,404.64
HITM0000723,HORD000222,PRD0372,1,330.93,330.93
HITM0000724,HORD000222,PRD0768,1,73.54,73.54
HITM0000725,HORD000222,PRD0528,1,136.95,136.95
HITM0000726,HORD000222,PRD0637,1,2457.32,2457.32
HITM0000727,HORD000223,PRD0076,1,232.75,232.75
HITM0000728,HORD000223,PRD0092,1,651.72,651.72
HITM0000729,HORD000223,PRD0315,1,58.99,58.99
HITM0000730,HORD000224,PRD0363,2,489.25,978.5
HITM0000731,HORD000224,PRD0166,1,486.74,486.74
HITM0000732,HORD000225,PRD0764,2,472.57,945.14
HITM0000733,HORD000225,PRD0337,1,408.39,408.39
HITM0000734,HORD000225,PRD0036,1,226.94,226.94
HITM0000735,HORD000225,PRD0958,1,733.5,733.5
HITM0000736,HORD000226,PRD0129,1,584.17,584.17
HITM0000737,HORD000227,PRD0394,1,1316.11,1316.11
HITM0000738,HORD000227,PRD0779,1,234.12,234.12
HITM0000739,HORD000228,PRD0474,1,480.29,480.29
HITM0000740,HORD000228,PRD0276,1,530.49,530.49
HITM0000741,HORD000228,PRD0764,2,472.57,945.14
HITM0000742,HORD000228,PRD0676,2,117.14,234.28
HITM0000743,HORD000229,PRD0655,2,424.11,848.22
HITM0000744,HORD000229,PRD0713,1,1129.25,1129.25
HITM0000745,HORD000229,PRD0405,1,1063.36,1063.36
HITM0000746,HORD000230,PRD0006,1,35.37,35.37
HITM0000747,HORD000230,PRD0626,1,139.26,139.26
HITM0000748,HORD000230,PRD0788,1,1009.9,1009.9
HITM0000749,HORD000231,PRD0495,1,692.95,692.95
HITM0000750,HORD000231,PRD0562,1,1881.67,1881.67
HITM0000751,HORD000231,PRD0849,1,115.9,115.9
HITM0000752,HORD000231,PRD0565,1,515.91,515.91
HITM0000753,HORD000232,PRD0636,1,418.01,418.01
HITM0000754,HORD000232,PRD0204,1,1670.01,1670.01
HITM0000755,HORD000232,PRD0955,1,502.79,502.79
HITM0000756,HORD000232,PRD0237,1,983.57,983.57
HITM0000757,HORD000233,PRD0481,1,1805.28,1805.28
HITM0000758,HORD000233,PRD0928,3,834.91,2504.73
HITM0000759,HORD000233,PRD0345,2,752.34,1504.68
HITM0000760,HORD000234,PRD0394,2,1316.11,2632.22
HITM0000761,HORD000234,PRD0463,1,564.14,564.14
HITM0000762,HORD000234,PRD0510,2,112.56,225.12
HITM0000763,HORD000234,PRD0316,2,401.13,802.26
HITM0000764,HORD000234,PRD0897,1,351.24,351.24
HITM0000765,HORD000235,PRD0482,1,1837.21,1837.21
HITM0000766,HORD000235,PRD0994,1,2732.71,2732.71
HITM0000767,HORD000236,PRD0589,1,824.97,824.97
HITM0000768,HORD000236,PRD0455,1,243.16,243.16
HITM0000769,HORD000236,PRD0282,1,1092.79,1092.79
HITM0000770,HORD000237,PRD0336,1,110.53,110.53
HITM0000771,HORD000237,PRD0529,3,1028.26,3084.78
HITM0000772,HORD000237,PRD0908,1,136.87,136.87
HITM0000773,HORD000237,PRD0096,1,291.41,291.41
HITM0000774,HORD000238,PRD0826,1,89.12,89.12
HITM0000775,HORD000238,PRD0195,1,951.68,951.68
HITM0000776,HORD000238,PRD0709,1,1109.44,1109.44
HITM0000777,HORD000238,PRD0165,1,203.41,203.41
HITM0000778,HORD000239,PRD0404,1,2672.02,2672.02
HITM0000779,HORD000239,PRD0363,1,489.25,489.25
HITM0000780,HORD000239,PRD0369,3,446.88,1340.64
HITM0000781,HORD000239,PRD0571,1,2499.58,2499.58
HITM0000782,HORD000239,PRD0296,1,122.37,122.37
HITM0000783,HORD000240,PRD0533,1,1118.9,1118.9
HITM0000784,HORD000240,PRD0882,1,989.33,989.33
HITM0000785,HORD000241,PRD0392,1,1492.32,1492.32
HITM0000786,HORD000241,PRD0427,1,2246.52,2246.52
HITM0000787,HORD000242,PRD0173,1,270.07,270.07
HITM0000788,HORD000242,PRD0840,2,102.1,204.2
HITM0000789,HORD000242,PRD0319,1,1438.71,1438.71
HITM0000790,HORD000242,PRD0556,2,546.84,1093.68
HITM0000791,HORD000243,PRD0088,1,141.39,141.39
HITM0000792,HORD000243,PRD0625,1,122.46,122.46
HITM0000793,HORD000243,PRD0075,1,360.03,360.03
HITM0000794,HORD000244,PRD0996,2,440.1,880.2
HITM0000795,HORD000244,PRD0672,1,629.2,629.2
HITM0000796,HORD000245,PRD0565,2,515.91,1031.82
HITM0000797,HORD000245,PRD0334,2,2353.86,4707.72
HITM0000798,HORD000246,PRD0141,1,2328.72,2328.72
HITM0000799,HORD000246,PRD0048,1,490.15,490.15
HITM0000800,HORD000246,PRD0049,1,598.46,598.46
HITM0000801,HORD000246,PRD0783,1,1427.48,1427.48
HITM0000802,HORD000247,PRD0961,1,985.63,985.63
HITM0000803,HORD000247,PRD0590,1,49.98,49.98
HITM0000804,HORD000247,PRD0173,1,270.07,270.07
HITM0000805,HORD000247,PRD0439,1,323.08,323.08
HITM0000806,HORD000247,PRD0333,1,621.74,621.74
HITM0000807,HORD000248,PRD0216,1,241.98,241.98
HITM0000808,HORD000248,PRD0157,1,1264.96,1264.96
HITM0000809,HORD000248,PRD0510,1,112.56,112.56
HITM0000810,HORD000248,PRD0003,1,342.16,342.16
HITM0000811,HORD000249,PRD0792,2,1480.93,2961.86
HITM0000812,HORD000250,PRD0850,1,37.87,37.87
HITM0000813,HORD000250,PRD0734,2,3584.06,7168.12
HITM0000814,HORD000250,PRD0824,1,1647.74,1647.74
HITM0000815,HORD000251,PRD0140,1,347.21,347.21
HITM0000816,HORD000251,PRD0006,1,35.37,35.37
HITM0000817,HORD000251,PRD0495,1,692.95,692.95
HITM0000818,HORD000251,PRD0742,1,1054.62,1054.62
HITM0000819,HORD000251,PRD0295,1,607.48,607.48
HITM0000820,HORD000252,PRD0806,2,499.24,998.48
HITM0000821,HORD000252,PRD0867,1,822.76,822.76
HITM0000822,HORD000252,PRD0753,1,372.43,372.43
HITM0000823,HORD000252,PRD0180,1,356.72,356.72
HITM0000824,HORD000253,PRD0574,1,1085.51,1085.51
HITM0000825,HORD000253,PRD0222,2,1185.98,2371.96
HITM0000826,HORD000253,PRD0415,1,191.7,191.7
HITM0000827,HORD000253,PRD0357,1,1006.85,1006.85
HITM0000828,HORD000253,PRD0312,1,1834.14,1834.14
HITM0000829,HORD000254,PRD0010,1,39.45,39.45
HITM0000830,HORD000254,PRD0584,1,3190.99,3190.99
HITM0000831,HORD000254,PRD0582,1,1513.23,1513.23
HITM0000832,HORD000255,PRD0449,2,792.41,1584.82
HITM0000833,HORD000256,PRD0959,3,182.03,546.09
HITM0000834,HORD000256,PRD0489,1,376.72,376.72
HITM0000835,HORD000256,PRD0669,1,387.51,387.51
HITM0000836,HORD000256,PRD0427,1,2246.52,2246.52
HITM0000837,HORD000257,PRD0566,2,306.33,612.66
HITM0000838,HORD000257,PRD0206,1,190.8,190.8
HITM0000839,HORD000257,PRD0724,1,2896.31,2896.31
HITM0000840,HORD000257,PRD0799,1,114.07,114.07
HITM0000841,HORD000258,PRD0451,2,1300.44,2600.88
HITM0000842,HORD000258,PRD0295,1,607.48,607.48
HITM0000843,HORD000258,PRD0349,1,469.34,469.34
HITM0000844,HORD000259,PRD0052,1,1497.13,1497.13
HITM0000845,HORD000259,PRD0321,1,1488.38,1488.38
HITM0000846,HORD000259,PRD0791,2,2467.42,4934.84
HITM0000847,HORD000260,PRD0494,2,2689.23,5378.46
HITM0000848,HORD000260,PRD0248,2,207.33,414.66
HITM0000849,HORD000260,PRD0184,1,869.57,869.57
HITM0000850,HORD000260,PRD0008,1,205.21,205.21
HITM0000851,HORD000260,PRD0205,1,696.35,696.35
HITM0000852,HORD000261,PRD0308,1,524.45,524.45
HITM0000853,HORD000261,PRD0609,1,83.83,83.83
HITM0000854,HORD000261,PRD0645,1,1142.68,1142.68
HITM0000855,HORD000261,PRD0028,1,160.23,160.23
HITM0000856,HORD000262,PRD0372,2,330.93,661.86
HITM0000857,HORD000262,PRD0138,1,99.85,99.85
HITM0000858,HORD000262,PRD0019,2,353.47,706.94
HITM0000859,HORD000262,PRD0025,1,404.64,404.64
HITM0000860,HORD000262,PRD0502,1,553.17,553.17
HITM0000861,HORD000263,PRD0928,1,834.91,834.91
HITM0000862,HORD000263,PRD0920,1,123.07,123.07
HITM0000863,HORD000263,PRD0553,1,1597.7,1597.7
HITM0000864,HORD000264,PRD0270,1,218.48,218.48
HITM0000865,HORD000264,PRD0596,2,497.18,994.36
HITM0000866,HORD000264,PRD0133,1,334.91,334.91
HITM0000867,HORD000264,PRD0165,1,203.41,203.41
HITM0000868,HORD000264,PRD0193,2,575.14,1150.28
HITM0000869,HORD000265,PRD0364,1,914.03,914.03
HITM0000870,HORD000266,PRD0790,1,55.39,55.39
HITM0000871,HORD000266,PRD0877,1,1849.07,1849.07
HITM0000872,HORD000266,PRD0131,1,2191.15,2191.15
HITM0000873,HORD000266,PRD0837,1,470.72,470.72
HITM0000874,HORD000267,PRD0506,1,187.88,187.88
HITM0000875,HORD000267,PRD0394,1,1316.11,1316.11
HITM0000876,HORD000267,PRD0703,1,716.42,716.42
HITM0000877,HORD000268,PRD0379,1,888.83,888.83
HITM0000878,HORD000268,PRD0237,1,983.57,983.57
HITM0000879,HORD000268,PRD0621,1,1360.63,1360.63
HITM0000880,HORD000268,PRD0935,1,617.88,617.88
HITM0000881,HORD000268,PRD0133,1,334.91,334.91
HITM0000882,HORD000269,PRD0265,1,542.34,542.34
HITM0000883,HORD000269,PRD0050,1,289.02,289.02
HITM0000884,HORD000269,PRD0444,2,3715.62,7431.24
HITM0000885,HORD000269,PRD0012,1,1122.89,1122.89
HITM0000886,HORD000270,PRD0092,2,651.72,1303.44
HITM0000887,HORD000270,PRD0995,1,258.22,258.22
HITM0000888,HORD000270,PRD0820,1,31.29,31.29
HITM0000889,HORD000271,PRD0866,1,369.1,369.1
HITM0000890,HORD000271,PRD0433,1,1481.25,1481.25
HITM0000891,HORD000271,PRD0562,1,1881.67,1881.67
HITM0000892,HORD000272,PRD0405,1,1063.36,1063.36
HITM0000893,HORD000272,PRD0628,1,904.82,904.82
HITM0000894,HORD000272,PRD0997,1,1651.08,1651.08
HITM0000895,HORD000272,PRD0880,1,132.59,132.59
HITM0000896,HORD000272,PRD0966,1,706.39,706.39
HITM0000897,HORD000273,PRD0676,1,117.14,117.14
HITM0000898,HORD000273,PRD0166,1,486.74,486.74
HITM0000899,HORD000273,PRD0323,1,1563.09,1563.09
HITM0000900,HORD000273,PRD0770,3,410.85,1232.55
HITM0000901,HORD000274,PRD0227,1,922.85,922.85
HITM0000902,HORD000274,PRD0248,1,207.33,207.33
HITM0000903,HORD000275,PRD0856,1,429.74,429.74
HITM0000904,HORD000276,PRD0755,1,229.0,229.0
HITM0000905,HORD000276,PRD0256,1,432.88,432.88
HITM0000906,HORD000276,PRD0463,1,564.14,564.14
HITM0000907,HORD000277,PRD0728,1,122.0,122.0
HITM0000908,HORD000278,PRD0140,1,347.21,347.21
HITM0000909,HORD000278,PRD0248,1,207.33,207.33
HITM0000910,HORD000278,PRD0640,1,23.59,23.59
HITM0000911,HORD000279,PRD0895,3,567.08,1701.24
HITM0000912,HORD000279,PRD0756,1,61.89,61.89
HITM0000913,HORD000279,PRD0039,1,735.79,735.79
HITM0000914,HORD000279,PRD0188,1,861.47,861.47
HITM0000915,HORD000279,PRD0917,1,1133.22,1133.22
HITM0000916,HORD000280,PRD0065,1,446.02,446.02
HITM0000917,HORD000280,PRD0489,2,376.72,753.44
HITM0000918,HORD000280,PRD0540,2,301.77,603.54
HITM0000919,HORD000280,PRD0988,2,721.76,1443.52
HITM0000920,HORD000280,PRD0643,1,530.41,530.41
HITM0000921,HORD000281,PRD0534,1,458.42,458.42
HITM0000922,HORD000281,PRD0600,1,222.54,222.54
HITM0000923,HORD000281,PRD0687,2,1174.99,2349.98
HITM0000924,HORD000281,PRD0513,1,453.22,453.22
HITM0000925,HORD000282,PRD0942,3,437.56,1312.68
HITM0000926,HORD000282,PRD0530,1,220.26,220.26
HITM0000927,HORD000282,PRD0919,1,192.13,192.13
HITM0000928,HORD000282,PRD0287,2,2154.08,4308.16
HITM0000929,HORD000282,PRD0129,1,584.17,584.17
HITM0000930,HORD000283,PRD0830,1,146.02,146.02
HITM0000931,HORD000283,PRD0780,1,308.34,308.34
HITM0000932,HORD000284,PRD0501,1,2577.38,2577.38
HITM0000933,HORD000284,PRD0763,1,950.45,950.45
HITM0000934,HORD000284,PRD0882,1,989.33,989.33
HITM0000935,HORD000284,PRD0797,2,936.62,1873.24
HITM0000936,HORD000285,PRD0725,2,282.7,565.4
HITM0000937,HORD000285,PRD0108,1,997.65,997.65
HITM0000938,HORD000285,PRD0297,1,902.79,902.79
HITM0000939,HORD000286,PRD0271,1,1003.21,1003.21
HITM0000940,HORD000286,PRD0170,1,275.39,275.39
HITM0000941,HORD000286,PRD0688,1,611.89,611.89
HITM0000942,HORD000287,PRD0175,1,340.25,340.25
HITM0000943,HORD000287,PRD0209,1,327.08,327.08
HITM0000944,HORD000287,PRD0767,1,380.35,380.35
HITM0000945,HORD000287,PRD0020,1,148.97,148.97
HITM0000946,HORD000288,PRD0352,1,393.98,393.98
HITM0000947,HORD000288,PRD0705,1,387.12,387.12
HITM0000948,HORD000288,PRD0455,1,243.16,243.16
HITM0000949,HORD000288,PRD0123,1,1257.07,1257.07
HITM0000950,HORD000289,PRD0340,1,42.57,42.57
HITM0000951,HORD000289,PRD0116,2,328.2,656.4
HITM0000952,HORD000289,PRD0909,1,346.13,346.13
HITM0000953,HORD000289,PRD0219,1,888.21,888.21
HITM0000954,HORD000289,PRD0132,1,687.19,687.19
HITM0000955,HORD000290,PRD0707,1,1217.98,1217.98
HITM0000956,HORD000291,PRD0739,1,784.83,784.83
HITM0000957,HORD000291,PRD0005,1,793.64,793.64
HITM0000958,HORD000291,PRD0370,1,233.44,233.44
HITM0000959,HORD000291,PRD0607,1,2415.11,2415.11
HITM0000960,HORD000291,PRD0927,1,138.39,138.39
HITM0000961,HORD000292,PRD0740,2,150.48,300.96
HITM0000962,HORD000292,PRD0968,1,861.46,861.46
HITM0000963,HORD000292,PRD0008,3,205.21,615.63
HITM0000964,HORD000292,PRD0994,1,2732.71,2732.71
HITM0000965,HORD000292,PRD0842,1,1294.03,1294.03
HITM0000966,HORD000293,PRD0296,1,122.37,122.37
HITM0000967,HORD000293,PRD0499,1,779.63,779.63
HITM0000968,HORD000293,PRD0158,1,224.45,224.45
HITM0000969,HORD000293,PRD0216,2,241.98,483.96
HITM0000970,HORD000294,PRD0067,1,2053.61,2053.61
HITM0000971,HORD000294,PRD0742,2,1054.62,2109.24
HITM0000972,HORD000294,PRD0113,1,756.1,756.1
HITM0000973,HORD000294,PRD0493,1,1431.18,1431.18
HITM0000974,HORD000295,PRD0674,1,2519.21,2519.21
HITM0000975,HORD000295,PRD0526,1,44.24,44.24
HITM0000976,HORD000295,PRD0588,1,544.11,544.11
HITM0000977,HORD000295,PRD0605,1,964.1,964.1
HITM0000978,HORD000296,PRD0159,1,897.22,897.22
HITM0000979,HORD000296,PRD0490,1,63.94,63.94
HITM0000980,HORD000297,PRD0586,2,751.47,1502.94
HITM0000981,HORD000297,PRD0470,1,133.45,133.45
HITM0000982,HORD000297,PRD0817,2,1184.03,2368.06
HITM0000983,HORD000298,PRD0970,1,107.81,107.81
HITM0000984,HORD000298,PRD0065,2,446.02,892.04
HITM0000985,HORD000298,PRD0225,2,1003.93,2007.86
HITM0000986,HORD000299,PRD0660,1,89.27,89.27
HITM0000987,HORD000300,PRD0560,1,258.29,258.29
HITM0000988,HORD000300,PRD0768,1,73.54,73.54
HITM0000989,HORD000301,PRD0061,1,2127.06,2127.06
HITM0000990,HORD000301,PRD0436,1,112.2,112.2
HITM0000991,HORD000301,PRD0647,1,754.04,754.04
HITM0000992,HORD000301,PRD0380,2,355.83,711.66
HITM0000993,HORD000302,PRD0565,1,515.91,515.91
HITM0000994,HORD000302,PRD0643,1,530.41,530.41
HITM0000995,HORD000302,PRD0799,3,114.07,342.21
HITM0000996,HORD000303,PRD0950,2,238.05,476.1
HITM0000997,HORD000304,PRD0826,1,89.12,89.12
HITM0000998,HORD000304,PRD0071,2,2816.43,5632.86
HITM0000999,HORD000304,PRD0340,1,42.57,42.57
HITM0001000,HORD000305,PRD0973,1,573.55,573.55
HITM0001001,HORD000305,PRD0521,1,2461.03,2461.03
HITM0001002,HORD000306,PRD0578,1,383.34,383.34
HITM0001003,HORD000306,PRD0266,2,186.6,373.2
HITM0001004,HORD000306,PRD0640,1,23.59,23.59
HITM0001005,HORD000306,PRD0883,2,1201.31,2402.62
HITM0001006,HORD000307,PRD0247,1,1546.72,1546.72
HITM0001007,HORD000308,PRD0809,2,1365.76,2731.52
HITM0001008,HORD000308,PRD0143,1,490.94,490.94
HITM0001009,HORD000309,PRD0549,3,850.69,2552.07
HITM0001010,HORD000309,PRD0131,1,2191.15,2191.15
HITM0001011,HORD000309,PRD0745,1,494.7,494.7
HITM0001012,HORD000309,PRD0827,1,1653.52,1653.52
HITM0001013,HORD000310,PRD0303,1,858.46,858.46
HITM0001014,HORD000310,PRD0404,2,2672.02,5344.04
HITM0001015,HORD000310,PRD0648,1,389.72,389.72
HITM0001016,HORD000311,PRD0378,2,271.63,543.26
HITM0001017,HORD000311,PRD0579,2,1123.35,2246.7
HITM0001018,HORD000312,PRD0723,1,867.11,867.11
HITM0001019,HORD000312,PRD0131,2,2191.15,4382.3
HITM0001020,HORD000312,PRD0478,1,917.54,917.54
HITM0001021,HORD000313,PRD0205,1,696.35,696.35
HITM0001022,HORD000313,PRD0525,1,135.44,135.44
HITM0001023,HORD000313,PRD0704,1,4048.59,4048.59
HITM0001024,HORD000314,PRD0412,1,1822.18,1822.18
HITM0001025,HORD000314,PRD0710,1,161.67,161.67
HITM0001026,HORD000314,PRD0390,1,153.47,153.47
HITM0001027,HORD000315,PRD0506,1,187.88,187.88
HITM0001028,HORD000315,PRD0589,1,824.97,824.97
HITM0001029,HORD000315,PRD0886,1,389.53,389.53
HITM0001030,HORD000315,PRD0588,1,544.11,544.11
HITM0001031,HORD000316,PRD0092,1,651.72,651.72
HITM0001032,HORD000316,PRD0080,1,122.76,122.76
HITM0001033,HORD000317,PRD0911,1,1191.91,1191.91
HITM0001034,HORD000317,PRD0051,1,1390.84,1390.84
HITM0001035,HORD000317,PRD0728,1,122.0,122.0
HITM0001036,HORD000317,PRD0228,1,946.39,946.39
HITM0001037,HORD000318,PRD0533,1,1118.9,1118.9
HITM0001038,HORD000318,PRD0204,2,1670.01,3340.02
HITM0001039,HORD000319,PRD0875,1,73.21,73.21
HITM0001040,HORD000319,PRD0224,1,2004.5,2004.5
HITM0001041,HORD000319,PRD0422,1,1820.9,1820.9
HITM0001042,HORD000320,PRD0340,1,42.57,42.57
HITM0001043,HORD000320,PRD0173,1,270.07,270.07
HITM0001044,HORD000321,PRD0340,1,42.57,42.57
HITM0001045,HORD000321,PRD0521,1,2461.03,2461.03
HITM0001046,HORD000321,PRD0097,1,458.08,458.08
HITM0001047,HORD000322,PRD0751,1,1174.19,1174.19
HITM0001048,HORD000322,PRD0467,1,590.42,590.42
HITM0001049,HORD000322,PRD0526,1,44.24,44.24
HITM0001050,HORD000323,PRD0124,1,2854.48,2854.48
HITM0001051,HORD000323,PRD0660,2,89.27,178.54
HITM0001052,HORD000323,PRD0715,2,809.62,1619.24
HITM0001053,HORD000324,PRD0731,2,1036.98,2073.96
HITM0001054,HORD000324,PRD0450,1,56.05,56.05
HITM0001055,HORD000325,PRD0270,2,218.48,436.96
HITM0001056,HORD000325,PRD0078,1,451.23,451.23
HITM0001057,HORD000325,PRD0691,1,2519.24,2519.24
HITM0001058,HORD000325,PRD0759,1,655.9,655.9
HITM0001059,HORD000326,PRD0206,1,190.8,190.8
HITM0001060,HORD000326,PRD0475,1,357.18,357.18
HITM0001061,HORD000326,PRD0110,2,197.81,395.62
HITM0001062,HORD000326,PRD0669,1,387.51,387.51
HITM0001063,HORD000326,PRD0446,1,172.12,172.12
HITM0001064,HORD000327,PRD0792,1,1480.93,1480.93
HITM0001065,HORD000327,PRD0836,1,610.89,610.89
HITM0001066,HORD000327,PRD0660,1,89.27,89.27
HITM0001067,HORD000327,PRD0428,2,491.35,982.7
HITM0001068,HORD000328,PRD0435,1,676.32,676.32
HITM0001069,HORD000328,PRD0553,1,1597.7,1597.7
HITM0001070,HORD000328,PRD0417,2,1221.03,2442.06
HITM0001071,HORD000329,PRD0935,1,617.88,617.88
HITM0001072,HORD000329,PRD0865,1,1074.97,1074.97
HITM0001073,HORD000329,PRD0588,2,544.11,1088.22
HITM0001074,HORD000330,PRD0904,3,2587.28,7761.84
HITM0001075,HORD000330,PRD0868,1,594.16,594.16
HITM0001076,HORD000330,PRD0666,1,688.32,688.32
HITM0001077,HORD000331,PRD0618,2,208.79,417.58
HITM0001078,HORD000331,PRD0240,1,116.74,116.74
HITM0001079,HORD000331,PRD0397,1,1704.15,1704.15
HITM0001080,HORD000331,PRD0609,1,83.83,83.83
HITM0001081,HORD000332,PRD0268,2,226.89,453.78
HITM0001082,HORD000332,PRD0118,1,156.33,156.33
HITM0001083,HORD000332,PRD0736,1,171.3,171.3
HITM0001084,HORD000332,PRD0752,1,933.7,933.7
HITM0001085,HORD000333,PRD0016,1,346.08,346.08
HITM0001086,HORD000333,PRD0510,1,112.56,112.56
HITM0001087,HORD000333,PRD0476,1,658.84,658.84
HITM0001088,HORD000333,PRD0266,2,186.6,373.2
HITM0001089,HORD000334,PRD0120,1,266.59,266.59
HITM0001090,HORD000334,PRD0173,1,270.07,270.07
HITM0001091,HORD000334,PRD0410,1,142.89,142.89
HITM0001092,HORD000334,PRD0356,1,246.85,246.85
HITM0001093,HORD000335,PRD0311,1,1786.27,1786.27
HITM0001094,HORD000335,PRD0756,2,61.89,123.78
HITM0001095,HORD000335,PRD0938,1,103.84,103.84
HITM0001096,HORD000335,PRD0566,1,306.33,306.33
HITM0001097,HORD000335,PRD0757,1,915.35,915.35
HITM0001098,HORD000336,PRD0211,1,2486.18,2486.18
HITM0001099,HORD000336,PRD0157,2,1264.96,2529.92
HITM0001100,HORD000337,PRD0103,1,1002.58,1002.58
HITM0001101,HORD000337,PRD0456,1,117.59,117.59
HITM0001102,HORD000338,PRD0152,1,1406.47,1406.47
HITM0001103,HORD000338,PRD0969,1,99.89,99.89
HITM0001104,HORD000339,PRD0880,1,132.59,132.59
HITM0001105,HORD000339,PRD0969,1,99.89,99.89
HITM0001106,HORD000340,PRD0454,1,1438.89,1438.89
HITM0001107,HORD000340,PRD0262,3,893.46,2680.38
HITM0001108,HORD000340,PRD0137,1,125.48,125.48
HITM0001109,HORD000341,PRD0658,1,665.45,665.45
HITM0001110,HORD000341,PRD0734,1,3584.06,3584.06
HITM0001111,HORD000341,PRD0509,1,400.59,400.59
HITM0001112,HORD000341,PRD0251,1,1871.06,1871.06
HITM0001113,HORD000342,PRD0288,2,151.78,303.56
HITM0001114,HORD000342,PRD0116,1,328.2,328.2
HITM0001115,HORD000342,PRD0179,1,1477.46,1477.46
HITM0001116,HORD000343,PRD0530,1,220.26,220.26
HITM0001117,HORD000343,PRD0040,1,201.64,201.64
HITM0001118,HORD000343,PRD0294,1,1563.92,1563.92
HITM0001119,HORD000343,PRD0852,1,1779.82,1779.82
HITM0001120,HORD000344,PRD0326,2,833.05,1666.1
HITM0001121,HORD000344,PRD0277,1,1516.37,1516.37
HITM0001122,HORD000344,PRD0329,1,100.62,100.62
HITM0001123,HORD000345,PRD0601,1,2366.92,2366.92
HITM0001124,HORD000345,PRD0912,1,1391.06,1391.06
HITM0001125,HORD000345,PRD0410,2,142.89,285.78
HITM0001126,HORD000345,PRD0306,1,422.96,422.96
HITM0001127,HORD000345,PRD0399,1,1231.55,1231.55
HITM0001128,HORD000346,PRD0043,2,1005.0,2010.0
HITM0001129,HORD000346,PRD0086,2,92.8,185.6
HITM0001130,HORD000346,PRD0500,1,162.81,162.81
HITM0001131,HORD000347,PRD0177,2,535.99,1071.98
HITM0001132,HORD000347,PRD0324,1,2874.92,2874.92
HITM0001133,HORD000347,PRD0097,1,458.08,458.08
HITM0001134,HORD000347,PRD0952,1,1636.67,1636.67
HITM0001135,HORD000347,PRD0744,2,3085.44,6170.88
HITM0001136,HORD000348,PRD0700,2,206.13,412.26
HITM0001137,HORD000348,PRD0429,1,1481.5,1481.5
HITM0001138,HORD000348,PRD0668,2,641.02,1282.04
HITM0001139,HORD000349,PRD0683,1,571.77,571.77
HITM0001140,HORD000349,PRD0258,1,816.42,816.42
HITM0001141,HORD000350,PRD0477,1,654.36,654.36
HITM0001142,HORD000350,PRD0904,2,2587.28,5174.56
HITM0001143,HORD000350,PRD0285,1,437.61,437.61
HITM0001144,HORD000351,PRD0505,1,1028.22,1028.22
HITM0001145,HORD000351,PRD0762,1,848.37,848.37
HITM0001146,HORD000351,PRD0056,2,437.03,874.06
HITM0001147,HORD000351,PRD0420,1,277.28,277.28
HITM0001148,HORD000352,PRD0455,2,243.16,486.32
HITM0001149,HORD000352,PRD0971,1,1694.61,1694.61
HITM0001150,HORD000352,PRD0312,1,1834.14,1834.14
HITM0001151,HORD000353,PRD0207,2,1636.46,3272.92
HITM0001152,HORD000353,PRD0069,1,398.01,398.01
HITM0001153,HORD000353,PRD0416,3,236.82,710.46
HITM0001154,HORD000353,PRD0446,1,172.12,172.12
HITM0001155,HORD000353,PRD0840,1,102.1,102.1
HITM0001156,HORD000354,PRD0802,1,715.6,715.6
HITM0001157,HORD000354,PRD0148,1,1096.52,1096.52
HITM0001158,HORD000354,PRD0885,1,689.39,689.39
HITM0001159,HORD000354,PRD0541,1,2989.04,2989.04
HITM0001160,HORD000355,PRD0278,1,83.35,83.35
HITM0001161,HORD000355,PRD0267,1,2030.91,2030.91
HITM0001162,HORD000355,PRD0505,1,1028.22,1028.22
HITM0001163,HORD000355,PRD0193,2,575.14,1150.28
HITM0001164,HORD000355,PRD0163,1,1059.22,1059.22
HITM0001165,HORD000356,PRD0159,1,897.22,897.22
HITM0001166,HORD000356,PRD0693,1,1390.63,1390.63
HITM0001167,HORD000356,PRD0838,3,955.16,2865.48
HITM0001168,HORD000357,PRD0618,2,208.79,417.58
HITM0001169,HORD000358,PRD0290,2,53.02,106.04
HITM0001170,HORD000358,PRD0396,2,485.87,971.74
HITM0001171,HORD000358,PRD0830,3,146.02,438.06
HITM0001172,HORD000358,PRD0060,1,207.18,207.18
HITM0001173,HORD000359,PRD0032,1,742.08,742.08
HITM0001174,HORD000359,PRD0668,1,641.02,641.02
HITM0001175,HORD000359,PRD0817,1,1184.03,1184.03
HITM0001176,HORD000359,PRD0742,1,1054.62,1054.62
HITM0001177,HORD000360,PRD0453,1,904.43,904.43
HITM0001178,HORD000361,PRD0170,1,275.39,275.39
HITM0001179,HORD000361,PRD0814,2,849.01,1698.02
HITM0001180,HORD000361,PRD0732,1,1068.78,1068.78
HITM0001181,HORD000362,PRD0526,1,44.24,44.24
HITM0001182,HORD000362,PRD0706,1,377.51,377.51
HITM0001183,HORD000362,PRD0397,2,1704.15,3408.3
HITM0001184,HORD000362,PRD0479,1,660.2,660.2
HITM0001185,HORD000363,PRD0280,2,84.08,168.16
HITM0001186,HORD000363,PRD0296,2,122.37,244.74
HITM0001187,HORD000363,PRD0960,1,321.52,321.52
HITM0001188,HORD000363,PRD0786,1,326.86,326.86
HITM0001189,HORD000363,PRD0640,1,23.59,23.59
HITM0001190,HORD000364,PRD0837,1,470.72,470.72
HITM0001191,HORD000364,PRD0012,1,1122.89,1122.89
HITM0001192,HORD000364,PRD0945,3,693.93,2081.79
HITM0001193,HORD000364,PRD0008,1,205.21,205.21
HITM0001194,HORD000365,PRD0688,1,611.89,611.89
HITM0001195,HORD000366,PRD0707,1,1217.98,1217.98
HITM0001196,HORD000366,PRD0726,1,256.01,256.01
HITM0001197,HORD000366,PRD0956,2,726.92,1453.84
HITM0001198,HORD000367,PRD0646,1,609.53,609.53
HITM0001199,HORD000367,PRD0325,1,607.53,607.53
HITM0001200,HORD000368,PRD0175,1,340.25,340.25
HITM0001201,HORD000368,PRD0069,1,398.01,398.01
HITM0001202,HORD000369,PRD0828,1,146.02,146.02
HITM0001203,HORD000369,PRD0418,1,860.3,860.3
HITM0001204,HORD000369,PRD0912,1,1391.06,1391.06
HITM0001205,HORD000370,PRD0709,1,1109.44,1109.44
HITM0001206,HORD000370,PRD0490,1,63.94,63.94
HITM0001207,HORD000370,PRD0075,1,360.03,360.03
HITM0001208,HORD000370,PRD0445,2,589.84,1179.68
HITM0001209,HORD000371,PRD0121,1,3030.38,3030.38
HITM0001210,HORD000371,PRD0092,1,651.72,651.72
HITM0001211,HORD000371,PRD0493,1,1431.18,1431.18
HITM0001212,HORD000371,PRD0569,1,1425.79,1425.79
HITM0001213,HORD000372,PRD0008,3,205.21,615.63
HITM0001214,HORD000373,PRD0804,1,3159.06,3159.06
HITM0001215,HORD000374,PRD0957,1,1668.98,1668.98
HITM0001216,HORD000374,PRD0656,1,300.51,300.51
HITM0001217,HORD000374,PRD0551,1,2253.02,2253.02
HITM0001218,HORD000375,PRD0345,1,752.34,752.34
HITM0001219,HORD000375,PRD0773,1,310.58,310.58
HITM0001220,HORD000376,PRD0325,1,607.53,607.53
HITM0001221,HORD000376,PRD0690,1,296.31,296.31
HITM0001222,HORD000376,PRD0086,3,92.8,278.4
HITM0001223,HORD000377,PRD0347,1,1531.55,1531.55
HITM0001224,HORD000377,PRD0600,2,222.54,445.08
HITM0001225,HORD000377,PRD0043,1,1005.0,1005.0
HITM0001226,HORD000377,PRD0803,2,671.68,1343.36
HITM0001227,HORD000378,PRD0996,2,440.1,880.2
HITM0001228,HORD000378,PRD0970,1,107.81,107.81
HITM0001229,HORD000379,PRD0970,1,107.81,107.81
HITM0001230,HORD000379,PRD0205,1,696.35,696.35
HITM0001231,HORD000380,PRD0010,1,39.45,39.45
HITM0001232,HORD000380,PRD0532,3,386.41,1159.23
HITM0001233,HORD000381,PRD0636,2,418.01,836.02
HITM0001234,HORD000381,PRD0565,2,515.91,1031.82
HITM0001235,HORD000381,PRD0936,1,279.68,279.68
HITM0001236,HORD000381,PRD0466,1,460.08,460.08
HITM0001237,HORD000382,PRD0356,1,246.85,246.85
HITM0001238,HORD000382,PRD0044,2,649.62,1299.24
HITM0001239,HORD000382,PRD0298,1,580.86,580.86
HITM0001240,HORD000383,PRD0016,1,346.08,346.08
HITM0001241,HORD000383,PRD0533,1,1118.9,1118.9
HITM0001242,HORD000384,PRD0867,1,822.76,822.76
HITM0001243,HORD000384,PRD0714,3,3727.82,11183.46
HITM0001244,HORD000384,PRD0736,2,171.3,342.6
HITM0001245,HORD000384,PRD0450,2,56.05,112.1
HITM0001246,HORD000384,PRD0826,1,89.12,89.12
HITM0001247,HORD000385,PRD0120,1,266.59,266.59
HITM0001248,HORD000385,PRD0593,1,416.84,416.84
HITM0001249,HORD000385,PRD0090,1,136.64,136.64
HITM0001250,HORD000386,PRD0024,1,935.75,935.75
HITM0001251,HORD000386,PRD0640,1,23.59,23.59
HITM0001252,HORD000386,PRD0378,3,271.63,814.89
HITM0001253,HORD000387,PRD0206,1,190.8,190.8
HITM0001254,HORD000387,PRD0821,1,979.52,979.52
HITM0001255,HORD000387,PRD0746,1,187.06,187.06
HITM0001256,HORD000388,PRD0150,2,302.63,605.26
HITM0001257,HORD000388,PRD0625,2,122.46,244.92
HITM0001258,HORD000388,PRD0988,1,721.76,721.76
HITM0001259,HORD000389,PRD0819,1,269.55,269.55
HITM0001260,HORD000389,PRD0779,1,234.12,234.12
HITM0001261,HORD000389,PRD0406,1,184.6,184.6
HITM0001262,HORD000390,PRD0395,1,1111.47,1111.47
HITM0001263,HORD000390,PRD0738,2,520.03,1040.06
HITM0001264,HORD000390,PRD0478,2,917.54,1835.08
HITM0001265,HORD000390,PRD0468,1,388.69,388.69
HITM0001266,HORD000390,PRD0689,2,277.28,554.56
HITM0001267,HORD000391,PRD0205,1,696.35,696.35
HITM0001268,HORD000391,PRD0139,1,1069.24,1069.24
HITM0001269,HORD000391,PRD0430,1,348.93,348.93
HITM0001270,HORD000391,PRD0911,1,1191.91,1191.91
HITM0001271,HORD000392,PRD0501,1,2577.38,2577.38
HITM0001272,HORD000392,PRD0375,1,404.28,404.28
HITM0001273,HORD000392,PRD0882,1,989.33,989.33
HITM0001274,HORD000393,PRD0791,2,2467.42,4934.84
HITM0001275,HORD000393,PRD0669,1,387.51,387.51
HITM0001276,HORD000393,PRD0847,1,1756.67,1756.67
HITM0001277,HORD000394,PRD0075,1,360.03,360.03
HITM0001278,HORD000394,PRD0067,2,2053.61,4107.22
HITM0001279,HORD000394,PRD0974,2,1232.06,2464.12
HITM0001280,HORD000395,PRD0069,1,398.01,398.01
HITM0001281,HORD000395,PRD0012,1,1122.89,1122.89
HITM0001282,HORD000395,PRD0131,1,2191.15,2191.15
HITM0001283,HORD000396,PRD0288,1,151.78,151.78
HITM0001284,HORD000396,PRD0669,1,387.51,387.51
HITM0001285,HORD000397,PRD0509,2,400.59,801.18
HITM0001286,HORD000398,PRD0979,1,1067.2,1067.2
HITM0001287,HORD000398,PRD0088,1,141.39,141.39
HITM0001288,HORD000398,PRD0155,1,673.32,673.32
HITM0001289,HORD000399,PRD0394,1,1316.11,1316.11
HITM0001290,HORD000399,PRD0086,2,92.8,185.6
HITM0001291,HORD000399,PRD0369,1,446.88,446.88
HITM0001292,HORD000399,PRD0536,1,53.59,53.59
HITM0001293,HORD000399,PRD0186,1,778.69,778.69
HITM0001294,HORD000400,PRD0037,1,873.28,873.28
HITM0001295,HORD000400,PRD0225,1,1003.93,1003.93
HITM0001296,HORD000400,PRD0158,1,224.45,224.45
HITM0001297,HORD000400,PRD0581,1,2366.29,2366.29
HITM0001298,HORD000401,PRD0868,1,594.16,594.16
HITM0001299,HORD000401,PRD0500,1,162.81,162.81
HITM0001300,HORD000401,PRD0944,1,2088.32,2088.32
HITM0001301,HORD000401,PRD0385,1,1062.27,1062.27
HITM0001302,HORD000402,PRD0329,1,100.62,100.62
HITM0001303,HORD000402,PRD0328,1,650.32,650.32
HITM0001304,HORD000402,PRD0116,1,328.2,328.2
HITM0001305,HORD000402,PRD0146,1,212.69,212.69
HITM0001306,HORD000402,PRD0929,1,131.55,131.55
HITM0001307,HORD000403,PRD0721,1,2913.95,2913.95
HITM0001308,HORD000403,PRD0826,1,89.12,89.12
HITM0001309,HORD000404,PRD0076,1,232.75,232.75
HITM0001310,HORD000404,PRD0849,1,115.9,115.9
HITM0001311,HORD000404,PRD0151,1,2468.6,2468.6
HITM0001312,HORD000405,PRD0859,1,664.51,664.51
HITM0001313,HORD000405,PRD0812,2,1404.46,2808.92
HITM0001314,HORD000405,PRD0625,2,122.46,244.92
HITM0001315,HORD000406,PRD0460,1,289.71,289.71
HITM0001316,HORD000406,PRD0249,1,1215.99,1215.99
HITM0001317,HORD000406,PRD0244,1,807.13,807.13
HITM0001318,HORD000407,PRD0643,1,530.41,530.41
HITM0001319,HORD000407,PRD0095,2,590.13,1180.26
HITM0001320,HORD000407,PRD0741,1,1637.14,1637.14
HITM0001321,HORD000407,PRD0624,2,2196.66,4393.32
HITM0001322,HORD000408,PRD0489,2,376.72,753.44
HITM0001323,HORD000408,PRD0122,1,1579.58,1579.58
HITM0001324,HORD000408,PRD0676,1,117.14,117.14
HITM0001325,HORD000408,PRD0359,1,1203.77,1203.77
HITM0001326,HORD000409,PRD0773,1,310.58,310.58
HITM0001327,HORD000409,PRD0638,1,675.35,675.35
HITM0001328,HORD000410,PRD0480,2,168.51,337.02
HITM0001329,HORD000410,PRD0067,1,2053.61,2053.61
HITM0001330,HORD000410,PRD0862,1,612.88,612.88
HITM0001331,HORD000411,PRD0268,1,226.89,226.89
HITM0001332,HORD000412,PRD0916,2,784.31,1568.62
HITM0001333,HORD000412,PRD0566,2,306.33,612.66
HITM0001334,HORD000412,PRD0056,1,437.03,437.03
HITM0001335,HORD000413,PRD0626,2,139.26,278.52
HITM0001336,HORD000413,PRD0880,1,132.59,132.59
HITM0001337,HORD000414,PRD0541,1,2989.04,2989.04
HITM0001338,HORD000414,PRD0673,1,548.1,548.1
HITM0001339,HORD000414,PRD0079,1,1132.99,1132.99
HITM0001340,HORD000414,PRD0418,1,860.3,860.3
HITM0001341,HORD000415,PRD0895,1,567.08,567.08
HITM0001342,HORD000415,PRD0162,1,1711.96,1711.96
HITM0001343,HORD000416,PRD0551,1,2253.02,2253.02
HITM0001344,HORD000417,PRD0084,1,1248.72,1248.72
HITM0001345,HORD000417,PRD0317,3,2197.9,6593.7
HITM0001346,HORD000418,PRD0675,1,625.06,625.06
HITM0001347,HORD000418,PRD0171,1,2475.28,2475.28
HITM0001348,HORD000418,PRD0299,3,150.48,451.44
HITM0001349,HORD000419,PRD0290,1,53.02,53.02
HITM0001350,HORD000419,PRD0087,1,2521.54,2521.54
HITM0001351,HORD000419,PRD0936,2,279.68,559.36
HITM0001352,HORD000420,PRD0074,1,3394.49,3394.49
HITM0001353,HORD000420,PRD0283,2,405.7,811.4
HITM0001354,HORD000421,PRD0530,1,220.26,220.26
HITM0001355,HORD000421,PRD0923,2,1561.37,3122.74
HITM0001356,HORD000422,PRD0328,1,650.32,650.32
HITM0001357,HORD000422,PRD0425,1,845.25,845.25
HITM0001358,HORD000422,PRD0003,1,342.16,342.16
HITM0001359,HORD000423,PRD0681,1,1969.92,1969.92
HITM0001360,HORD000423,PRD0963,1,648.79,648.79
HITM0001361,HORD000423,PRD0439,1,323.08,323.08
HITM0001362,HORD000423,PRD0895,1,567.08,567.08
HITM0001363,HORD000423,PRD0059,1,1461.18,1461.18
HITM0001364,HORD000424,PRD0275,1,394.33,394.33
HITM0001365,HORD000424,PRD0371,2,2576.15,5152.3
HITM0001366,HORD000425,PRD0138,1,99.85,99.85
HITM0001367,HORD000425,PRD0316,1,401.13,401.13
HITM0001368,HORD000425,PRD0277,2,1516.37,3032.74
HITM0001369,HORD000425,PRD0503,1,896.74,896.74
HITM0001370,HORD000426,PRD0545,2,1132.56,2265.12
HITM0001371,HORD000426,PRD0137,1,125.48,125.48
HITM0001372,HORD000426,PRD0186,1,778.69,778.69
HITM0001373,HORD000427,PRD0867,1,822.76,822.76
HITM0001374,HORD000427,PRD0587,1,1244.16,1244.16
HITM0001375,HORD000427,PRD0945,1,693.93,693.93
HITM0001376,HORD000428,PRD0110,1,197.81,197.81
HITM0001377,HORD000428,PRD0546,2,361.61,723.22
HITM0001378,HORD000428,PRD0210,1,371.54,371.54
HITM0001379,HORD000428,PRD0370,2,233.44,466.88
HITM0001380,HORD000429,PRD0569,1,1425.79,1425.79
HITM0001381,HORD000429,PRD0411,3,2750.24,8250.72
HITM0001382,HORD000430,PRD0306,1,422.96,422.96
HITM0001383,HORD000430,PRD0731,1,1036.98,1036.98
HITM0001384,HORD000430,PRD0910,2,28.09,56.18
HITM0001385,HORD000430,PRD0980,1,398.63,398.63
HITM0001386,HORD000430,PRD0792,2,1480.93,2961.86
HITM0001387,HORD000431,PRD0730,2,388.14,776.28
HITM0001388,HORD000431,PRD0503,2,896.74,1793.48
HITM0001389,HORD000431,PRD0061,1,2127.06,2127.06
HITM0001390,HORD000431,PRD0800,1,168.54,168.54
HITM0001391,HORD000432,PRD0126,2,499.59,999.18
HITM0001392,HORD000432,PRD0130,1,183.26,183.26
HITM0001393,HORD000432,PRD0310,2,161.31,322.62
HITM0001394,HORD000432,PRD0925,1,56.69,56.69
HITM0001395,HORD000432,PRD0949,1,589.87,589.87
HITM0001396,HORD000433,PRD0303,2,858.46,1716.92
HITM0001397,HORD000433,PRD0808,1,69.84,69.84
HITM0001398,HORD000434,PRD0306,1,422.96,422.96
HITM0001399,HORD000435,PRD0021,1,1350.17,1350.17
HITM0001400,HORD000436,PRD0983,1,863.49,863.49
HITM0001401,HORD000436,PRD0475,2,357.18,714.36
HITM0001402,HORD000436,PRD0609,1,83.83,83.83
HITM0001403,HORD000436,PRD0762,3,848.37,2545.11
HITM0001404,HORD000437,PRD0374,1,759.14,759.14
HITM0001405,HORD000437,PRD0003,1,342.16,342.16
HITM0001406,HORD000438,PRD0502,1,553.17,553.17
HITM0001407,HORD000439,PRD0024,1,935.75,935.75
HITM0001408,HORD000439,PRD0425,2,845.25,1690.5
HITM0001409,HORD000440,PRD0797,1,936.62,936.62
HITM0001410,HORD000440,PRD0827,1,1653.52,1653.52
HITM0001411,HORD000440,PRD0870,2,360.59,721.18
HITM0001412,HORD000441,PRD0850,3,37.87,113.61
HITM0001413,HORD000441,PRD0813,2,1117.42,2234.84
HITM0001414,HORD000441,PRD0166,1,486.74,486.74
HITM0001415,HORD000441,PRD0250,1,329.47,329.47
HITM0001416,HORD000442,PRD0340,1,42.57,42.57
HITM0001417,HORD000442,PRD0735,1,1149.06,1149.06
HITM0001418,HORD000442,PRD0845,1,45.19,45.19
HITM0001419,HORD000443,PRD0973,1,573.55,573.55
HITM0001420,HORD000443,PRD0688,2,611.89,1223.78
HITM0001421,HORD000444,PRD0317,1,2197.9,2197.9
HITM0001422,HORD000444,PRD0417,3,1221.03,3663.09
HITM0001423,HORD000444,PRD0114,1,2620.24,2620.24
HITM0001424,HORD000445,PRD0303,2,858.46,1716.92
HITM0001425,HORD000445,PRD0782,1,492.79,492.79
HITM0001426,HORD000445,PRD0281,1,3193.12,3193.12
HITM0001427,HORD000446,PRD0708,1,1093.2,1093.2
HITM0001428,HORD000446,PRD0816,1,377.97,377.97
HITM0001429,HORD000446,PRD0892,2,375.64,751.28
HITM0001430,HORD000447,PRD0774,1,1734.69,1734.69
HITM0001431,HORD000447,PRD0252,1,879.59,879.59
HITM0001432,HORD000447,PRD0485,1,939.87,939.87
HITM0001433,HORD000448,PRD0660,1,89.27,89.27
HITM0001434,HORD000448,PRD0275,1,394.33,394.33
HITM0001435,HORD000448,PRD0744,2,3085.44,6170.88
HITM0001436,HORD000448,PRD0560,2,258.29,516.58
HITM0001437,HORD000449,PRD0800,1,168.54,168.54
HITM0001438,HORD000449,PRD0795,2,574.53,1149.06
HITM0001439,HORD000449,PRD0977,3,327.77,983.31
HITM0001440,HORD000450,PRD0799,1,114.07,114.07
HITM0001441,HORD000451,PRD0120,2,266.59,533.18
HITM0001442,HORD000451,PRD0443,2,1233.37,2466.74
HITM0001443,HORD000451,PRD0305,1,346.95,346.95
HITM0001444,HORD000451,PRD0121,2,3030.38,6060.76
HITM0001445,HORD000452,PRD0898,1,197.48,197.48
HITM0001446,HORD000452,PRD0522,2,1270.84,2541.68
HITM0001447,HORD000452,PRD0474,2,480.29,960.58
HITM0001448,HORD000453,PRD0929,2,131.55,263.1
HITM0001449,HORD000453,PRD0096,2,291.41,582.82
HITM0001450,HORD000453,PRD0222,1,1185.98,1185.98
HITM0001451,HORD000453,PRD0485,1,939.87,939.87
HITM0001452,HORD000454,PRD0192,1,687.57,687.57
HITM0001453,HORD000454,PRD0005,1,793.64,793.64
HITM0001454,HORD000454,PRD0262,1,893.46,893.46
HITM0001455,HORD000454,PRD0483,1,863.5,863.5
HITM0001456,HORD000455,PRD0872,1,588.52,588.52
HITM0001457,HORD000455,PRD0849,2,115.9,231.8
HITM0001458,HORD000455,PRD0715,1,809.62,809.62
HITM0001459,HORD000455,PRD0137,1,125.48,125.48
HITM0001460,HORD000455,PRD0686,2,208.32,416.64
HITM0001461,HORD000456,PRD0837,1,470.72,470.72
HITM0001462,HORD000456,PRD0134,1,878.86,878.86
HITM0001463,HORD000457,PRD0560,1,258.29,258.29
HITM0001464,HORD000457,PRD0200,2,231.67,463.34
HITM0001465,HORD000457,PRD0894,1,3415.6,3415.6
HITM0001466,HORD000458,PRD0963,2,648.79,1297.58
HITM0001467,HORD000458,PRD0728,2,122.0,244.0
HITM0001468,HORD000459,PRD0996,1,440.1,440.1
HITM0001469,HORD000459,PRD0749,1,1242.7,1242.7
HITM0001470,HORD000459,PRD0582,1,1513.23,1513.23
HITM0001471,HORD000460,PRD0336,2,110.53,221.06
HITM0001472,HORD000460,PRD0690,1,296.31,296.31
HITM0001473,HORD000461,PRD0176,1,662.86,662.86
HITM0001474,HORD000461,PRD0187,1,1511.07,1511.07
HITM0001475,HORD000461,PRD0948,1,454.84,454.84
HITM0001476,HORD000462,PRD0678,1,904.89,904.89
HITM0001477,HORD000462,PRD0985,1,77.36,77.36
HITM0001478,HORD000462,PRD0908,2,136.87,273.74
HITM0001479,HORD000462,PRD0006,1,35.37,35.37
HITM0001480,HORD000463,PRD0069,1,398.01,398.01
HITM0001481,HORD000463,PRD0816,2,377.97,755.94
HITM0001482,HORD000464,PRD0330,1,51.67,51.67
HITM0001483,HORD000465,PRD0555,1,955.38,955.38
HITM0001484,HORD000465,PRD0250,1,329.47,329.47
HITM0001485,HORD000465,PRD0057,1,2445.72,2445.72
HITM0001486,HORD000466,PRD0520,1,188.8,188.8
HITM0001487,HORD000466,PRD0471,1,1547.86,1547.86
HITM0001488,HORD000466,PRD0409,1,165.4,165.4
HITM0001489,HORD000467,PRD0589,1,824.97,824.97
HITM0001490,HORD000467,PRD0704,1,4048.59,4048.59
HITM0001491,HORD000467,PRD0070,1,396.61,396.61
HITM0001492,HORD000467,PRD0893,2,1495.82,2991.64
HITM0001493,HORD000468,PRD0815,1,962.19,962.19
HITM0001494,HORD000468,PRD0920,1,123.07,123.07
HITM0001495,HORD000468,PRD0452,1,687.28,687.28
HITM0001496,HORD000469,PRD0146,2,212.69,425.38
HITM0001497,HORD000469,PRD0310,2,161.31,322.62
HITM0001498,HORD000469,PRD0523,1,1405.5,1405.5
HITM0001499,HORD000470,PRD0519,1,268.64,268.64
HITM0001500,HORD000470,PRD0505,1,1028.22,1028.22
HITM0001501,HORD000470,PRD0873,1,1172.09,1172.09
HITM0001502,HORD000470,PRD0578,2,383.34,766.68
HITM0001503,HORD000470,PRD0798,1,418.33,418.33
HITM0001504,HORD000471,PRD0451,2,1300.44,2600.88
HITM0001505,HORD000471,PRD0820,1,31.29,31.29
HITM0001506,HORD000471,PRD0090,2,136.64,273.28
HITM0001507,HORD000471,PRD0069,1,398.01,398.01
HITM0001508,HORD000472,PRD0839,1,1337.75,1337.75
HITM0001509,HORD000472,PRD0565,2,515.91,1031.82
HITM0001510,HORD000472,PRD0110,1,197.81,197.81
HITM0001511,HORD000473,PRD0460,1,289.71,289.71
HITM0001512,HORD000473,PRD0180,1,356.72,356.72
HITM0001513,HORD000473,PRD0490,1,63.94,63.94
HITM0001514,HORD000474,PRD0436,1,112.2,112.2
HITM0001515,HORD000474,PRD0078,1,451.23,451.23
HITM0001516,HORD000475,PRD0950,1,238.05,238.05
HITM0001517,HORD000475,PRD0733,2,1110.2,2220.4
HITM0001518,HORD000475,PRD0277,1,1516.37,1516.37
HITM0001519,HORD000476,PRD0876,1,146.18,146.18
HITM0001520,HORD000476,PRD0595,1,429.07,429.07
HITM0001521,HORD000477,PRD0985,1,77.36,77.36
HITM0001522,HORD000477,PRD0968,1,861.46,861.46
HITM0001523,HORD000477,PRD0506,1,187.88,187.88
HITM0001524,HORD000477,PRD0434,1,1669.95,1669.95
HITM0001525,HORD000478,PRD0214,1,1445.79,1445.79
HITM0001526,HORD000478,PRD0380,1,355.83,355.83
HITM0001527,HORD000478,PRD0308,1,524.45,524.45
HITM0001528,HORD000478,PRD0526,2,44.24,88.48
HITM0001529,HORD000479,PRD0913,1,878.51,878.51
HITM0001530,HORD000479,PRD0796,1,46.19,46.19
HITM0001531,HORD000479,PRD0530,2,220.26,440.52
HITM0001532,HORD000479,PRD0912,2,1391.06,2782.12
HITM0001533,HORD000479,PRD0520,1,188.8,188.8
HITM0001534,HORD000480,PRD0869,1,131.2,131.2
HITM0001535,HORD000480,PRD0664,2,3200.22,6400.44
HITM0001536,HORD000480,PRD0710,1,161.67,161.67
HITM0001537,HORD000481,PRD0497,1,1779.73,1779.73
HITM0001538,HORD000481,PRD0820,1,31.29,31.29
HITM0001539,HORD000481,PRD0046,1,192.34,192.34
HITM0001540,HORD000481,PRD0149,1,1414.32,1414.32
HITM0001541,HORD000482,PRD0274,2,416.56,833.12
HITM0001542,HORD000482,PRD0025,2,404.64,809.28
HITM0001543,HORD000482,PRD0585,1,101.78,101.78
HITM0001544,HORD000483,PRD0766,2,420.5,841.0
HITM0001545,HORD000483,PRD0356,1,246.85,246.85
HITM0001546,HORD000483,PRD0303,1,858.46,858.46
HITM0001547,HORD000483,PRD0504,1,2203.43,2203.43
HITM0001548,HORD000484,PRD0779,2,234.12,468.24
HITM0001549,HORD000484,PRD0473,1,370.27,370.27
HITM0001550,HORD000484,PRD0539,1,369.11,369.11
HITM0001551,HORD000484,PRD0051,1,1390.84,1390.84
HITM0001552,HORD000484,PRD0003,1,342.16,342.16
HITM0001553,HORD000485,PRD0555,1,955.38,955.38
HITM0001554,HORD000485,PRD0507,1,135.21,135.21
HITM0001555,HORD000485,PRD0807,1,123.14,123.14
HITM0001556,HORD000486,PRD0683,2,571.77,1143.54
HITM0001557,HORD000486,PRD0420,1,277.28,277.28
HITM0001558,HORD000487,PRD0065,1,446.02,446.02
HITM0001559,HORD000487,PRD0819,1,269.55,269.55
HITM0001560,HORD000487,PRD0811,1,3124.99,3124.99
HITM0001561,HORD000488,PRD0566,1,306.33,306.33
HITM0001562,HORD000488,PRD0186,2,778.69,1557.38
HITM0001563,HORD000488,PRD0760,2,187.91,375.82
HITM0001564,HORD000488,PRD0582,1,1513.23,1513.23
HITM0001565,HORD000488,PRD0137,1,125.48,125.48
HITM0001566,HORD000489,PRD0036,1,226.94,226.94
HITM0001567,HORD000489,PRD0651,1,1981.28,1981.28
HITM0001568,HORD000490,PRD0870,1,360.59,360.59
HITM0001569,HORD000490,PRD0730,1,388.14,388.14
HITM0001570,HORD000490,PRD0284,1,1446.14,1446.14
HITM0001571,HORD000491,PRD0732,2,1068.78,2137.56
HITM0001572,HORD000491,PRD0591,3,2930.44,8791.32
HITM0001573,HORD000491,PRD0408,1,384.62,384.62
HITM0001574,HORD000491,PRD0582,1,1513.23,1513.23
HITM0001575,HORD000492,PRD0614,1,2452.5,2452.5
HITM0001576,HORD000492,PRD0813,2,1117.42,2234.84
HITM0001577,HORD000492,PRD0921,2,3109.79,6219.58
HITM0001578,HORD000493,PRD0636,1,418.01,418.01
HITM0001579,HORD000493,PRD0578,1,383.34,383.34
HITM0001580,HORD000494,PRD0882,2,989.33,1978.66
HITM0001581,HORD000494,PRD0626,2,139.26,278.52
HITM0001582,HORD000494,PRD0077,1,604.37,604.37
HITM0001583,HORD000495,PRD0609,1,83.83,83.83
HITM0001584,HORD000495,PRD0049,1,598.46,598.46
HITM0001585,HORD000495,PRD0411,2,2750.24,5500.48
HITM0001586,HORD000496,PRD0645,1,1142.68,1142.68
HITM0001587,HORD000496,PRD0527,1,2128.95,2128.95
HITM0001588,HORD000496,PRD0003,3,342.16,1026.48
HITM0001589,HORD000497,PRD0341,3,2845.05,8535.15
HITM0001590,HORD000497,PRD0544,2,650.3,1300.6
HITM0001591,HORD000498,PRD0451,1,1300.44,1300.44
HITM0001592,HORD000498,PRD0038,2,702.97,1405.94
HITM0001593,HORD000498,PRD0128,1,394.68,394.68
HITM0001594,HORD000498,PRD0459,1,461.78,461.78
HITM0001595,HORD000498,PRD0554,1,611.35,611.35
HITM0001596,HORD000499,PRD0228,1,946.39,946.39
HITM0001597,HORD000499,PRD0773,1,310.58,310.58
HITM0001598,HORD000499,PRD0465,1,778.89,778.89
HITM0001599,HORD000500,PRD0992,1,1098.67,1098.67
HITM0001600,HORD000500,PRD0101,1,1796.81,1796.81
HITM0001601,HORD000500,PRD0774,1,1734.69,1734.69
HITM0001602,HORD000500,PRD0511,2,1297.34,2594.68
HITM0001603,HORD000501,PRD0707,1,1217.98,1217.98
HITM0001604,HORD000501,PRD0726,1,256.01,256.01
HITM0001605,HORD000501,PRD0884,1,2408.23,2408.23
HITM0001606,HORD000501,PRD0286,1,666.41,666.41
HITM0001607,HORD000502,PRD0266,1,186.6,186.6
HITM0001608,HORD000502,PRD0875,1,73.21,73.21
HITM0001609,HORD000502,PRD0524,1,782.83,782.83
HITM0001610,HORD000502,PRD0940,1,227.03,227.03
HITM0001611,HORD000503,PRD0130,1,183.26,183.26
HITM0001612,HORD000503,PRD0924,1,508.67,508.67
HITM0001613,HORD000503,PRD0171,2,2475.28,4950.56
HITM0001614,HORD000504,PRD0750,1,262.52,262.52
HITM0001615,HORD000504,PRD0211,1,2486.18,2486.18
HITM0001616,HORD000504,PRD0048,1,490.15,490.15
HITM0001617,HORD000505,PRD0020,1,148.97,148.97
HITM0001618,HORD000505,PRD0690,2,296.31,592.62
HITM0001619,HORD000505,PRD0283,1,405.7,405.7
HITM0001620,HORD000505,PRD0105,1,385.04,385.04
HITM0001621,HORD000506,PRD0004,1,3297.7,3297.7
HITM0001622,HORD000506,PRD0291,1,2155.05,2155.05
HITM0001623,HORD000506,PRD0130,2,183.26,366.52
HITM0001624,HORD000506,PRD0819,1,269.55,269.55
HITM0001625,HORD000507,PRD0885,2,689.39,1378.78
HITM0001626,HORD000507,PRD0339,1,1448.64,1448.64
HITM0001627,HORD000507,PRD0285,1,437.61,437.61
HITM0001628,HORD000507,PRD0151,1,2468.6,2468.6
HITM0001629,HORD000508,PRD0005,2,793.64,1587.28
HITM0001630,HORD000508,PRD0490,1,63.94,63.94
HITM0001631,HORD000508,PRD0498,1,309.85,309.85
HITM0001632,HORD000509,PRD0119,3,756.54,2269.62
HITM0001633,HORD000509,PRD0323,2,1563.09,3126.18
HITM0001634,HORD000509,PRD0400,1,411.31,411.31
HITM0001635,HORD000509,PRD0064,1,3952.78,3952.78
HITM0001636,HORD000509,PRD0538,1,748.35,748.35
HITM0001637,HORD000510,PRD0825,2,841.2,1682.4
HITM0001638,HORD000510,PRD0873,2,1172.09,2344.18
HITM0001639,HORD000511,PRD0945,1,693.93,693.93
HITM0001640,HORD000511,PRD0592,2,448.87,897.74
HITM0001641,HORD000511,PRD0020,1,148.97,148.97
HITM0001642,HORD000512,PRD0559,1,109.7,109.7
HITM0001643,HORD000513,PRD0980,1,398.63,398.63
HITM0001644,HORD000513,PRD0653,2,514.7,1029.4
HITM0001645,HORD000513,PRD0203,2,489.43,978.86
HITM0001646,HORD000514,PRD0229,1,1192.23,1192.23
HITM0001647,HORD000514,PRD0714,1,3727.82,3727.82
HITM0001648,HORD000514,PRD0592,1,448.87,448.87
HITM0001649,HORD000515,PRD0858,1,363.41,363.41
HITM0001650,HORD000515,PRD0600,1,222.54,222.54
HITM0001651,HORD000515,PRD0252,1,879.59,879.59
HITM0001652,HORD000516,PRD0374,1,759.14,759.14
HITM0001653,HORD000516,PRD0934,3,524.96,1574.88
HITM0001654,HORD000516,PRD0373,1,1452.1,1452.1
HITM0001655,HORD000516,PRD0635,1,576.88,576.88
HITM0001656,HORD000516,PRD0954,1,551.46,551.46
HITM0001657,HORD000517,PRD0135,1,715.95,715.95
HITM0001658,HORD000517,PRD0669,1,387.51,387.51
HITM0001659,HORD000517,PRD0690,1,296.31,296.31
HITM0001660,HORD000517,PRD0595,1,429.07,429.07
HITM0001661,HORD000518,PRD0016,1,346.08,346.08
HITM0001662,HORD000518,PRD0475,1,357.18,357.18
HITM0001663,HORD000518,PRD0228,1,946.39,946.39
HITM0001664,HORD000519,PRD0745,1,494.7,494.7
HITM0001665,HORD000519,PRD0026,1,122.12,122.12
HITM0001666,HORD000519,PRD0791,1,2467.42,2467.42
HITM0001667,HORD000519,PRD0927,1,138.39,138.39
HITM0001668,HORD000520,PRD0735,1,1149.06,1149.06
HITM0001669,HORD000520,PRD0833,1,1417.93,1417.93
HITM0001670,HORD000520,PRD0969,1,99.89,99.89
HITM0001671,HORD000521,PRD0279,1,1189.02,1189.02
HITM0001672,HORD000521,PRD0926,1,455.41,455.41
HITM0001673,HORD000521,PRD0767,1,380.35,380.35
HITM0001674,HORD000522,PRD0662,1,477.61,477.61
HITM0001675,HORD000522,PRD0648,1,389.72,389.72
HITM0001676,HORD000522,PRD0528,1,136.95,136.95
HITM0001677,HORD000523,PRD0088,2,141.39,282.78
HITM0001678,HORD000523,PRD0120,2,266.59,533.18
HITM0001679,HORD000523,PRD0362,1,1598.01,1598.01
HITM0001680,HORD000523,PRD0730,1,388.14,388.14
HITM0001681,HORD000523,PRD0214,3,1445.79,4337.37
HITM0001682,HORD000524,PRD0590,2,49.98,99.96
HITM0001683,HORD000524,PRD0779,1,234.12,234.12
HITM0001684,HORD000524,PRD0128,1,394.68,394.68
HITM0001685,HORD000525,PRD0653,1,514.7,514.7
HITM0001686,HORD000525,PRD0009,2,354.96,709.92
HITM0001687,HORD000525,PRD0426,3,726.65,2179.95
HITM0001688,HORD000526,PRD0280,2,84.08,168.16
HITM0001689,HORD000526,PRD0970,2,107.81,215.62
HITM0001690,HORD000526,PRD0807,1,123.14,123.14
HITM0001691,HORD000526,PRD0863,1,1472.8,1472.8
HITM0001692,HORD000527,PRD0125,3,108.47,325.41
HITM0001693,HORD000527,PRD0735,1,1149.06,1149.06
HITM0001694,HORD000527,PRD0446,2,172.12,344.24
HITM0001695,HORD000527,PRD0027,1,116.57,116.57
HITM0001696,HORD000528,PRD0609,1,83.83,83.83
HITM0001697,HORD000528,PRD0869,1,131.2,131.2
HITM0001698,HORD000528,PRD0574,1,1085.51,1085.51
HITM0001699,HORD000529,PRD0280,1,84.08,84.08
HITM0001700,HORD000529,PRD0874,1,3409.41,3409.41
HITM0001701,HORD000529,PRD0965,1,1000.42,1000.42
HITM0001702,HORD000530,PRD0690,1,296.31,296.31
HITM0001703,HORD000530,PRD0976,2,714.76,1429.52
HITM0001704,HORD000530,PRD0705,1,387.12,387.12
HITM0001705,HORD000530,PRD0761,2,2430.17,4860.34
HITM0001706,HORD000530,PRD0077,2,604.37,1208.74
HITM0001707,HORD000531,PRD0900,1,369.61,369.61
HITM0001708,HORD000532,PRD0655,1,424.11,424.11
HITM0001709,HORD000532,PRD0075,1,360.03,360.03
HITM0001710,HORD000532,PRD0660,1,89.27,89.27
HITM0001711,HORD000532,PRD0139,2,1069.24,2138.48
HITM0001712,HORD000532,PRD0976,1,714.76,714.76
HITM0001713,HORD000533,PRD0947,2,934.61,1869.22
HITM0001714,HORD000533,PRD0550,1,229.62,229.62
HITM0001715,HORD000534,PRD0125,2,108.47,216.94
HITM0001716,HORD000534,PRD0370,2,233.44,466.88
HITM0001717,HORD000534,PRD0281,2,3193.12,6386.24
HITM0001718,HORD000534,PRD0821,1,979.52,979.52
HITM0001719,HORD000534,PRD0260,3,86.88,260.64
HITM0001720,HORD000535,PRD0475,1,357.18,357.18
HITM0001721,HORD000535,PRD0942,1,437.56,437.56
HITM0001722,HORD000536,PRD0133,1,334.91,334.91
HITM0001723,HORD000536,PRD0308,1,524.45,524.45
HITM0001724,HORD000536,PRD0601,2,2366.92,4733.84
HITM0001725,HORD000537,PRD0400,1,411.31,411.31
HITM0001726,HORD000537,PRD0773,2,310.58,621.16
HITM0001727,HORD000537,PRD0621,1,1360.63,1360.63
HITM0001728,HORD000538,PRD0821,1,979.52,979.52
HITM0001729,HORD000538,PRD0435,2,676.32,1352.64
HITM0001730,HORD000538,PRD0542,2,1733.18,3466.36
HITM0001731,HORD000539,PRD0660,1,89.27,89.27
HITM0001732,HORD000539,PRD0790,1,55.39,55.39
HITM0001733,HORD000540,PRD0336,1,110.53,110.53
HITM0001734,HORD000540,PRD0244,2,807.13,1614.26
HITM0001735,HORD000540,PRD0968,1,861.46,861.46
HITM0001736,HORD000541,PRD0802,1,715.6,715.6
HITM0001737,HORD000541,PRD0204,3,1670.01,5010.03
HITM0001738,HORD000541,PRD0793,1,760.3,760.3
HITM0001739,HORD000542,PRD0498,1,309.85,309.85
HITM0001740,HORD000543,PRD0963,1,648.79,648.79
HITM0001741,HORD000543,PRD0006,1,35.37,35.37
HITM0001742,HORD000544,PRD0695,1,908.69,908.69
HITM0001743,HORD000544,PRD0029,1,418.31,418.31
HITM0001744,HORD000544,PRD0655,1,424.11,424.11
HITM0001745,HORD000545,PRD0639,1,1114.83,1114.83
HITM0001746,HORD000545,PRD0706,1,377.51,377.51
HITM0001747,HORD000545,PRD0443,1,1233.37,1233.37
HITM0001748,HORD000545,PRD0165,1,203.41,203.41
HITM0001749,HORD000546,PRD0850,2,37.87,75.74
HITM0001750,HORD000546,PRD0610,1,167.07,167.07
HITM0001751,HORD000546,PRD0740,1,150.48,150.48
HITM0001752,HORD000547,PRD0128,1,394.68,394.68
HITM0001753,HORD000547,PRD0362,1,1598.01,1598.01
HITM0001754,HORD000547,PRD0879,1,1459.82,1459.82
HITM0001755,HORD000547,PRD0309,1,621.05,621.05
HITM0001756,HORD000548,PRD0402,1,782.5,782.5
HITM0001757,HORD000548,PRD0776,1,294.42,294.42
HITM0001758,HORD000548,PRD0500,2,162.81,325.62
HITM0001759,HORD000549,PRD0224,1,2004.5,2004.5
HITM0001760,HORD000549,PRD0820,2,31.29,62.58
HITM0001761,HORD000549,PRD0226,1,286.78,286.78
HITM0001762,HORD000550,PRD0126,1,499.59,499.59
HITM0001763,HORD000550,PRD0415,1,191.7,191.7
HITM0001764,HORD000550,PRD0274,1,416.56,416.56
HITM0001765,HORD000550,PRD0626,1,139.26,139.26
HITM0001766,HORD000550,PRD0039,1,735.79,735.79
HITM0001767,HORD000551,PRD0468,1,388.69,388.69
HITM0001768,HORD000551,PRD0990,1,373.88,373.88
HITM0001769,HORD000552,PRD0269,1,473.87,473.87
HITM0001770,HORD000552,PRD0975,1,723.09,723.09
HITM0001771,HORD000552,PRD0672,1,629.2,629.2
HITM0001772,HORD000553,PRD0088,1,141.39,141.39
HITM0001773,HORD000553,PRD0372,1,330.93,330.93
HITM0001774,HORD000554,PRD0378,2,271.63,543.26
HITM0001775,HORD000554,PRD0030,2,239.93,479.86
HITM0001776,HORD000555,PRD0367,2,1222.73,2445.46
HITM0001777,HORD000555,PRD0982,2,1474.96,2949.92
HITM0001778,HORD000555,PRD0869,2,131.2,262.4
HITM0001779,HORD000555,PRD0797,1,936.62,936.62
HITM0001780,HORD000556,PRD0679,1,1399.86,1399.86
HITM0001781,HORD000556,PRD0298,1,580.86,580.86
HITM0001782,HORD000556,PRD0674,1,2519.21,2519.21
HITM0001783,HORD000557,PRD0800,1,168.54,168.54
HITM0001784,HORD000557,PRD0423,1,610.02,610.02
HITM0001785,HORD000557,PRD0046,1,192.34,192.34
HITM0001786,HORD000558,PRD0670,1,137.8,137.8
HITM0001787,HORD000558,PRD0400,1,411.31,411.31
HITM0001788,HORD000558,PRD0260,1,86.88,86.88
HITM0001789,HORD000559,PRD0977,3,327.77,983.31
HITM0001790,HORD000559,PRD0995,1,258.22,258.22
HITM0001791,HORD000559,PRD0359,1,1203.77,1203.77
HITM0001792,HORD000560,PRD0214,3,1445.79,4337.37
HITM0001793,HORD000560,PRD0079,1,1132.99,1132.99
HITM0001794,HORD000561,PRD0155,1,673.32,673.32
HITM0001795,HORD000561,PRD0218,1,409.55,409.55
HITM0001796,HORD000562,PRD0940,1,227.03,227.03
HITM0001797,HORD000562,PRD0887,2,569.07,1138.14
HITM0001798,HORD000562,PRD0343,1,1288.78,1288.78
HITM0001799,HORD000563,PRD0368,2,759.57,1519.14
HITM0001800,HORD000563,PRD0574,1,1085.51,1085.51
HITM0001801,HORD000563,PRD0975,1,723.09,723.09
HITM0001802,HORD000564,PRD0540,1,301.77,301.77
HITM0001803,HORD000564,PRD0495,1,692.95,692.95
HITM0001804,HORD000564,PRD0820,3,31.29,93.87
HITM0001805,HORD000564,PRD0362,1,1598.01,1598.01
HITM0001806,HORD000565,PRD0567,2,1572.22,3144.44
HITM0001807,HORD000565,PRD0116,3,328.2,984.6
HITM0001808,HORD000565,PRD0737,1,2577.23,2577.23
HITM0001809,HORD000566,PRD0790,1,55.39,55.39
HITM0001810,HORD000566,PRD0941,1,2159.7,2159.7
HITM0001811,HORD000566,PRD0622,1,1298.2,1298.2
HITM0001812,HORD000566,PRD0453,3,904.43,2713.29
HITM0001813,HORD000566,PRD0929,1,131.55,131.55
HITM0001814,HORD000567,PRD0474,2,480.29,960.58
HITM0001815,HORD000567,PRD0340,1,42.57,42.57
HITM0001816,HORD000567,PRD0420,1,277.28,277.28
HITM0001817,HORD000568,PRD0094,1,1868.0,1868.0
HITM0001818,HORD000569,PRD0700,2,206.13,412.26
HITM0001819,HORD000569,PRD0666,1,688.32,688.32
HITM0001820,HORD000569,PRD0823,1,739.71,739.71
HITM0001821,HORD000569,PRD0035,1,1129.26,1129.26
HITM0001822,HORD000570,PRD0735,2,1149.06,2298.12
HITM0001823,HORD000570,PRD0080,2,122.76,245.52
HITM0001824,HORD000570,PRD0756,1,61.89,61.89
HITM0001825,HORD000570,PRD0903,2,332.35,664.7
HITM0001826,HORD000570,PRD0703,1,716.42,716.42
HITM0001827,HORD000571,PRD0116,1,328.2,328.2
HITM0001828,HORD000571,PRD0530,1,220.26,220.26
HITM0001829,HORD000571,PRD0528,1,136.95,136.95
HITM0001830,HORD000572,PRD0308,1,524.45,524.45
HITM0001831,HORD000572,PRD0696,1,119.65,119.65
HITM0001832,HORD000572,PRD0625,2,122.46,244.92
HITM0001833,HORD000573,PRD0493,3,1431.18,4293.54
HITM0001834,HORD000573,PRD0010,2,39.45,78.9
HITM0001835,HORD000573,PRD0625,2,122.46,244.92
HITM0001836,HORD000573,PRD0262,2,893.46,1786.92
HITM0001837,HORD000574,PRD0626,1,139.26,139.26
HITM0001838,HORD000574,PRD0783,3,1427.48,4282.44
HITM0001839,HORD000574,PRD0563,1,651.72,651.72
HITM0001840,HORD000574,PRD0943,2,578.85,1157.7
HITM0001841,HORD000575,PRD0251,1,1871.06,1871.06
HITM0001842,HORD000575,PRD0990,1,373.88,373.88
HITM0001843,HORD000575,PRD0927,1,138.39,138.39
HITM0001844,HORD000575,PRD0322,2,1216.91,2433.82
HITM0001845,HORD000576,PRD0373,1,1452.1,1452.1
HITM0001846,HORD000576,PRD0169,1,445.45,445.45
HITM0001847,HORD000576,PRD0710,1,161.67,161.67
HITM0001848,HORD000576,PRD0948,1,454.84,454.84
HITM0001849,HORD000577,PRD0401,1,2894.25,2894.25
HITM0001850,HORD000577,PRD0783,1,1427.48,1427.48
HITM0001851,HORD000577,PRD0345,1,752.34,752.34
HITM0001852,HORD000577,PRD0958,2,733.5,1467.0
HITM0001853,HORD000578,PRD0329,2,100.62,201.24
HITM0001854,HORD000578,PRD0886,1,389.53,389.53
HITM0001855,HORD000578,PRD0554,1,611.35,611.35
HITM0001856,HORD000579,PRD0548,2,448.84,897.68
HITM0001857,HORD000579,PRD0756,1,61.89,61.89
HITM0001858,HORD000579,PRD0611,1,1417.98,1417.98
HITM0001859,HORD000579,PRD0598,1,522.01,522.01
HITM0001860,HORD000580,PRD0512,1,1262.67,1262.67
HITM0001861,HORD000580,PRD0828,1,146.02,146.02
HITM0001862,HORD000580,PRD0753,1,372.43,372.43
HITM0001863,HORD000580,PRD0039,1,735.79,735.79
HITM0001864,HORD000581,PRD0623,1,1330.89,1330.89
HITM0001865,HORD000581,PRD0768,1,73.54,73.54
HITM0001866,HORD000581,PRD0097,1,458.08,458.08
HITM0001867,HORD000582,PRD0618,2,208.79,417.58
HITM0001868,HORD000582,PRD0184,1,869.57,869.57
HITM0001869,HORD000582,PRD0655,1,424.11,424.11
HITM0001870,HORD000582,PRD0320,1,227.72,227.72
HITM0001871,HORD000582,PRD0488,3,780.13,2340.39
HITM0001872,HORD000583,PRD0842,1,1294.03,1294.03
HITM0001873,HORD000583,PRD0159,3,897.22,2691.66
HITM0001874,HORD000583,PRD0366,3,428.57,1285.71
HITM0001875,HORD000583,PRD0149,1,1414.32,1414.32
HITM0001876,HORD000584,PRD0022,1,778.88,778.88
HITM0001877,HORD000585,PRD0543,1,1583.54,1583.54
HITM0001878,HORD000585,PRD0869,1,131.2,131.2
HITM0001879,HORD000585,PRD0542,1,1733.18,1733.18
HITM0001880,HORD000585,PRD0125,1,108.47,108.47
HITM0001881,HORD000585,PRD0853,1,1167.89,1167.89
HITM0001882,HORD000586,PRD0484,1,3736.5,3736.5
HITM0001883,HORD000586,PRD0875,1,73.21,73.21
HITM0001884,HORD000586,PRD0238,1,1033.13,1033.13
HITM0001885,HORD000586,PRD0099,1,892.92,892.92
HITM0001886,HORD000587,PRD0130,1,183.26,183.26
HITM0001887,HORD000587,PRD0135,1,715.95,715.95
HITM0001888,HORD000587,PRD0120,1,266.59,266.59
HITM0001889,HORD000587,PRD0830,1,146.02,146.02
HITM0001890,HORD000588,PRD0480,2,168.51,337.02
HITM0001891,HORD000588,PRD0946,1,810.85,810.85
HITM0001892,HORD000588,PRD0330,1,51.67,51.67
HITM0001893,HORD000588,PRD0637,1,2457.32,2457.32
HITM0001894,HORD000589,PRD0376,1,811.77,811.77
HITM0001895,HORD000589,PRD0286,1,666.41,666.41
HITM0001896,HORD000590,PRD0446,1,172.12,172.12
HITM0001897,HORD000590,PRD0037,1,873.28,873.28
HITM0001898,HORD000590,PRD0935,1,617.88,617.88
HITM0001899,HORD000591,PRD0329,1,100.62,100.62
HITM0001900,HORD000591,PRD0755,1,229.0,229.0
HITM0001901,HORD000591,PRD0719,1,876.46,876.46
HITM0001902,HORD000591,PRD0604,1,2778.09,2778.09
HITM0001903,HORD000591,PRD0892,1,375.64,375.64
HITM0001904,HORD000592,PRD0859,1,664.51,664.51
HITM0001905,HORD000592,PRD0067,1,2053.61,2053.61
HITM0001906,HORD000592,PRD0251,1,1871.06,1871.06
HITM0001907,HORD000593,PRD0705,1,387.12,387.12
HITM0001908,HORD000594,PRD0745,3,494.7,1484.1
HITM0001909,HORD000594,PRD0983,1,863.49,863.49
HITM0001910,HORD000594,PRD0771,2,1690.63,3381.26
HITM0001911,HORD000595,PRD0125,2,108.47,216.94
HITM0001912,HORD000595,PRD0868,2,594.16,1188.32
HITM0001913,HORD000595,PRD0636,1,418.01,418.01
HITM0001914,HORD000595,PRD0137,1,125.48,125.48
HITM0001915,HORD000595,PRD0925,1,56.69,56.69
HITM0001916,HORD000596,PRD0221,3,2212.0,6636.0
HITM0001917,HORD000596,PRD0981,1,2778.15,2778.15
HITM0001918,HORD000597,PRD0788,1,1009.9,1009.9
HITM0001919,HORD000598,PRD0069,1,398.01,398.01
HITM0001920,HORD000598,PRD0379,1,888.83,888.83
HITM0001921,HORD000598,PRD0422,1,1820.9,1820.9
HITM0001922,HORD000598,PRD0088,1,141.39,141.39
HITM0001923,HORD000599,PRD0751,1,1174.19,1174.19
HITM0001924,HORD000599,PRD0203,1,489.43,489.43
HITM0001925,HORD000600,PRD0928,1,834.91,834.91
HITM0001926,HORD000600,PRD0355,1,1138.32,1138.32
HITM0001927,HORD000600,PRD0403,1,1295.0,1295.0
HITM0001928,HORD000600,PRD0211,1,2486.18,2486.18
HITM0001929,HORD000601,PRD0114,2,2620.24,5240.48
HITM0001930,HORD000601,PRD0686,2,208.32,416.64
HITM0001931,HORD000601,PRD0497,2,1779.73,3559.46
HITM0001932,HORD000602,PRD0609,1,83.83,83.83
HITM0001933,HORD000603,PRD0016,1,346.08,346.08
HITM0001934,HORD000603,PRD0150,1,302.63,302.63
HITM0001935,HORD000603,PRD0686,1,208.32,208.32
HITM0001936,HORD000604,PRD0973,1,573.55,573.55
HITM0001937,HORD000604,PRD0720,3,416.7,1250.1
HITM0001938,HORD000605,PRD0808,2,69.84,139.68
HITM0001939,HORD000605,PRD0966,1,706.39,706.39
HITM0001940,HORD000605,PRD0056,1,437.03,437.03
HITM0001941,HORD000606,PRD0574,1,1085.51,1085.51
HITM0001942,HORD000606,PRD0224,1,2004.5,2004.5
HITM0001943,HORD000606,PRD0180,1,356.72,356.72
HITM0001944,HORD000606,PRD0844,1,3853.97,3853.97
HITM0001945,HORD000607,PRD0206,1,190.8,190.8
HITM0001946,HORD000607,PRD0049,1,598.46,598.46
HITM0001947,HORD000607,PRD0765,1,724.29,724.29
HITM0001948,HORD000607,PRD0077,1,604.37,604.37
HITM0001949,HORD000608,PRD0963,1,648.79,648.79
HITM0001950,HORD000608,PRD0816,2,377.97,755.94
HITM0001951,HORD000608,PRD0497,1,1779.73,1779.73
HITM0001952,HORD000609,PRD0141,1,2328.72,2328.72
HITM0001953,HORD000609,PRD0862,1,612.88,612.88
HITM0001954,HORD000609,PRD0510,1,112.56,112.56
HITM0001955,HORD000609,PRD0877,1,1849.07,1849.07
HITM0001956,HORD000610,PRD0536,2,53.59,107.18
HITM0001957,HORD000610,PRD0415,1,191.7,191.7
HITM0001958,HORD000611,PRD0053,1,1429.67,1429.67
HITM0001959,HORD000612,PRD0660,2,89.27,178.54
HITM0001960,HORD000612,PRD0151,3,2468.6,7405.8
HITM0001961,HORD000612,PRD0100,1,328.27,328.27
HITM0001962,HORD000612,PRD0447,1,961.68,961.68
HITM0001963,HORD000613,PRD0413,1,486.14,486.14
HITM0001964,HORD000613,PRD0539,1,369.11,369.11
HITM0001965,HORD000613,PRD0879,1,1459.82,1459.82
HITM0001966,HORD000613,PRD0175,2,340.25,680.5
HITM0001967,HORD000614,PRD0859,2,664.51,1329.02
HITM0001968,HORD000614,PRD0451,1,1300.44,1300.44
HITM0001969,HORD000614,PRD0932,1,326.42,326.42
HITM0001970,HORD000615,PRD0524,1,782.83,782.83
HITM0001971,HORD000615,PRD0783,1,1427.48,1427.48
HITM0001972,HORD000615,PRD0047,2,663.9,1327.8
HITM0001973,HORD000616,PRD0025,1,404.64,404.64
HITM0001974,HORD000616,PRD0590,1,49.98,49.98
HITM0001975,HORD000616,PRD0534,1,458.42,458.42
HITM0001976,HORD000617,PRD0502,2,553.17,1106.34
HITM0001977,HORD000617,PRD0090,1,136.64,136.64
HITM0001978,HORD000618,PRD0275,1,394.33,394.33
HITM0001979,HORD000618,PRD0526,1,44.24,44.24
HITM0001980,HORD000618,PRD0500,1,162.81,162.81
HITM0001981,HORD000618,PRD0006,2,35.37,70.74
HITM0001982,HORD000619,PRD0041,2,3019.84,6039.68
HITM0001983,HORD000619,PRD0380,2,355.83,711.66
HITM0001984,HORD000619,PRD0473,1,370.27,370.27
HITM0001985,HORD000619,PRD0829,3,328.42,985.26
HITM0001986,HORD000620,PRD0705,3,387.12,1161.36
HITM0001987,HORD000620,PRD0892,1,375.64,375.64
HITM0001988,HORD000620,PRD0005,2,793.64,1587.28
HITM0001989,HORD000621,PRD0069,1,398.01,398.01
HITM0001990,HORD000621,PRD0362,1,1598.01,1598.01
HITM0001991,HORD000621,PRD0477,1,654.36,654.36
HITM0001992,HORD000621,PRD0025,1,404.64,404.64
HITM0001993,HORD000622,PRD0579,1,1123.35,1123.35
HITM0001994,HORD000622,PRD0332,1,449.5,449.5
HITM0001995,HORD000622,PRD0796,3,46.19,138.57
HITM0001996,HORD000622,PRD0434,3,1669.95,5009.85
HITM0001997,HORD000623,PRD0455,1,243.16,243.16
HITM0001998,HORD000623,PRD0220,1,187.94,187.94
HITM0001999,HORD000623,PRD0213,1,1247.62,1247.62
HITM0002000,HORD000624,PRD0173,1,270.07,270.07
HITM0002001,HORD000624,PRD0473,2,370.27,740.54
HITM0002002,HORD000624,PRD0129,1,584.17,584.17
HITM0002003,HORD000625,PRD0152,2,1406.47,2812.94
HITM0002004,HORD000625,PRD0543,1,1583.54,1583.54
HITM0002005,HORD000625,PRD0337,1,408.39,408.39
HITM0002006,HORD000625,PRD0460,1,289.71,289.71
HITM0002007,HORD000626,PRD0491,1,2056.04,2056.04
HITM0002008,HORD000626,PRD0581,2,2366.29,4732.58
HITM0002009,HORD000626,PRD0214,1,1445.79,1445.79
HITM0002010,HORD000627,PRD0995,1,258.22,258.22
HITM0002011,HORD000627,PRD0125,1,108.47,108.47
HITM0002012,HORD000627,PRD0826,1,89.12,89.12
HITM0002013,HORD000628,PRD0103,1,1002.58,1002.58
HITM0002014,HORD000628,PRD0445,1,589.84,589.84
HITM0002015,HORD000629,PRD0063,1,1221.39,1221.39
HITM0002016,HORD000629,PRD0090,1,136.64,136.64
HITM0002017,HORD000629,PRD0248,1,207.33,207.33
HITM0002018,HORD000629,PRD0172,2,616.06,1232.12
HITM0002019,HORD000630,PRD0164,2,3982.07,7964.14
HITM0002020,HORD000630,PRD0633,1,1341.18,1341.18
HITM0002021,HORD000630,PRD0049,1,598.46,598.46
HITM0002022,HORD000630,PRD0908,1,136.87,136.87
HITM0002023,HORD000631,PRD0182,2,986.88,1973.76
HITM0002024,HORD000631,PRD0876,1,146.18,146.18
HITM0002025,HORD000631,PRD0609,1,83.83,83.83
HITM0002026,HORD000632,PRD0722,1,1792.17,1792.17
HITM0002027,HORD000632,PRD0390,2,153.47,306.94
HITM0002028,HORD000632,PRD0657,1,1083.93,1083.93
HITM0002029,HORD000632,PRD0849,1,115.9,115.9
HITM0002030,HORD000633,PRD0463,1,564.14,564.14
HITM0002031,HORD000633,PRD0780,2,308.34,616.68
HITM0002032,HORD000633,PRD0965,2,1000.42,2000.84
HITM0002033,HORD000633,PRD0220,2,187.94,375.88
HITM0002034,HORD000633,PRD0972,2,1027.59,2055.18
HITM0002035,HORD000634,PRD0640,1,23.59,23.59
HITM0002036,HORD000634,PRD0895,1,567.08,567.08
HITM0002037,HORD000634,PRD0449,1,792.41,792.41
HITM0002038,HORD000634,PRD0249,2,1215.99,2431.98
HITM0002039,HORD000634,PRD0301,1,2638.87,2638.87
HITM0002040,HORD000635,PRD0084,2,1248.72,2497.44
HITM0002041,HORD000635,PRD0306,2,422.96,845.92
HITM0002042,HORD000635,PRD0570,1,179.75,179.75
HITM0002043,HORD000635,PRD0198,2,737.1,1474.2
HITM0002044,HORD000636,PRD0025,1,404.64,404.64
HITM0002045,HORD000636,PRD0131,1,2191.15,2191.15
HITM0002046,HORD000636,PRD0703,1,716.42,716.42
HITM0002047,HORD000636,PRD0180,1,356.72,356.72
HITM0002048,HORD000637,PRD0781,1,2713.32,2713.32
HITM0002049,HORD000637,PRD0144,1,816.73,816.73
HITM0002050,HORD000637,PRD0125,1,108.47,108.47
HITM0002051,HORD000638,PRD0730,2,388.14,776.28
HITM0002052,HORD000638,PRD0605,2,964.1,1928.2
HITM0002053,HORD000638,PRD0467,2,590.42,1180.84
HITM0002054,HORD000638,PRD0636,1,418.01,418.01
HITM0002055,HORD000639,PRD0048,2,490.15,980.3
HITM0002056,HORD000639,PRD0511,2,1297.34,2594.68
HITM0002057,HORD000640,PRD0514,2,1738.15,3476.3
HITM0002058,HORD000640,PRD0785,1,739.95,739.95
HITM0002059,HORD000640,PRD0151,2,2468.6,4937.2
HITM0002060,HORD000640,PRD0877,1,1849.07,1849.07
HITM0002061,HORD000641,PRD0480,1,168.51,168.51
HITM0002062,HORD000641,PRD0308,1,524.45,524.45
HITM0002063,HORD000641,PRD0127,2,1131.95,2263.9
HITM0002064,HORD000641,PRD0306,2,422.96,845.92
HITM0002065,HORD000642,PRD0929,1,131.55,131.55
HITM0002066,HORD000642,PRD0876,1,146.18,146.18
HITM0002067,HORD000642,PRD0105,1,385.04,385.04
HITM0002068,HORD000642,PRD0289,1,1205.3,1205.3
HITM0002069,HORD000643,PRD0332,1,449.5,449.5
HITM0002070,HORD000643,PRD0133,1,334.91,334.91
HITM0002071,HORD000643,PRD0390,1,153.47,153.47
HITM0002072,HORD000644,PRD0651,1,1981.28,1981.28
HITM0002073,HORD000644,PRD0079,1,1132.99,1132.99
HITM0002074,HORD000644,PRD0426,1,726.65,726.65
HITM0002075,HORD000644,PRD0356,1,246.85,246.85
HITM0002076,HORD000645,PRD0225,1,1003.93,1003.93
HITM0002077,HORD000645,PRD0342,2,615.51,1231.02
HITM0002078,HORD000645,PRD0024,2,935.75,1871.5
HITM0002079,HORD000646,PRD0797,1,936.62,936.62
HITM0002080,HORD000647,PRD0687,2,1174.99,2349.98
HITM0002081,HORD000647,PRD0220,2,187.94,375.88
HITM0002082,HORD000647,PRD0748,1,789.67,789.67
HITM0002083,HORD000648,PRD0807,1,123.14,123.14
HITM0002084,HORD000648,PRD0844,1,3853.97,3853.97
HITM0002085,HORD000648,PRD0268,1,226.89,226.89
HITM0002086,HORD000648,PRD0815,1,962.19,962.19
HITM0002087,HORD000649,PRD0201,2,1626.1,3252.2
HITM0002088,HORD000649,PRD0967,1,2053.47,2053.47
HITM0002089,HORD000649,PRD0160,1,21.4,21.4
HITM0002090,HORD000650,PRD0568,1,299.47,299.47
HITM0002091,HORD000650,PRD0522,2,1270.84,2541.68
HITM0002092,HORD000650,PRD0752,1,933.7,933.7
HITM0002093,HORD000651,PRD0277,1,1516.37,1516.37
HITM0002094,HORD000651,PRD0938,1,103.84,103.84
HITM0002095,HORD000651,PRD0286,2,666.41,1332.82
HITM0002096,HORD000652,PRD0316,2,401.13,802.26
HITM0002097,HORD000652,PRD0056,2,437.03,874.06
HITM0002098,HORD000652,PRD0127,2,1131.95,2263.9
HITM0002099,HORD000653,PRD0059,1,1461.18,1461.18
HITM0002100,HORD000653,PRD0150,1,302.63,302.63
HITM0002101,HORD000653,PRD0902,1,565.32,565.32
HITM0002102,HORD000653,PRD0788,1,1009.9,1009.9
HITM0002103,HORD000654,PRD0741,1,1637.14,1637.14
HITM0002104,HORD000654,PRD0428,1,491.35,491.35
HITM0002105,HORD000655,PRD0574,1,1085.51,1085.51
HITM0002106,HORD000655,PRD0270,1,218.48,218.48
HITM0002107,HORD000656,PRD0938,1,103.84,103.84
HITM0002108,HORD000656,PRD0027,1,116.57,116.57
HITM0002109,HORD000656,PRD0473,2,370.27,740.54
HITM0002110,HORD000656,PRD0318,1,971.41,971.41
HITM0002111,HORD000657,PRD0094,1,1868.0,1868.0
HITM0002112,HORD000657,PRD0635,1,576.88,576.88
HITM0002113,HORD000657,PRD0615,1,992.86,992.86
HITM0002114,HORD000658,PRD0332,1,449.5,449.5
HITM0002115,HORD000658,PRD0790,1,55.39,55.39
HITM0002116,HORD000658,PRD0846,2,417.95,835.9
HITM0002117,HORD000659,PRD0945,1,693.93,693.93
HITM0002118,HORD000659,PRD0399,1,1231.55,1231.55
HITM0002119,HORD000660,PRD0141,1,2328.72,2328.72
HITM0002120,HORD000660,PRD0357,1,1006.85,1006.85
HITM0002121,HORD000660,PRD0696,1,119.65,119.65
HITM0002122,HORD000661,PRD0507,2,135.21,270.42
HITM0002123,HORD000661,PRD0443,1,1233.37,1233.37
HITM0002124,HORD000661,PRD0131,3,2191.15,6573.45
HITM0002125,HORD000661,PRD0823,1,739.71,739.71
HITM0002126,HORD000662,PRD0016,1,346.08,346.08
HITM0002127,HORD000662,PRD0925,1,56.69,56.69
HITM0002128,HORD000662,PRD0669,1,387.51,387.51
HITM0002129,HORD000663,PRD0478,2,917.54,1835.08
HITM0002130,HORD000663,PRD0377,1,1501.75,1501.75
HITM0002131,HORD000663,PRD0794,1,4029.39,4029.39
HITM0002132,HORD000664,PRD0222,1,1185.98,1185.98
HITM0002133,HORD000664,PRD0207,1,1636.46,1636.46
HITM0002134,HORD000665,PRD0969,1,99.89,99.89
HITM0002135,HORD000666,PRD0689,2,277.28,554.56
HITM0002136,HORD000666,PRD0238,1,1033.13,1033.13
HITM0002137,HORD000667,PRD0113,2,756.1,1512.2
HITM0002138,HORD000667,PRD0252,1,879.59,879.59
HITM0002139,HORD000667,PRD0392,2,1492.32,2984.64
HITM0002140,HORD000667,PRD0496,1,519.08,519.08
HITM0002141,HORD000667,PRD0027,2,116.57,233.14
HITM0002142,HORD000668,PRD0698,1,981.72,981.72
HITM0002143,HORD000668,PRD0076,2,232.75,465.5
HITM0002144,HORD000668,PRD0640,1,23.59,23.59
HITM0002145,HORD000669,PRD0813,1,1117.42,1117.42
HITM0002146,HORD000669,PRD0170,2,275.39,550.78
HITM0002147,HORD000670,PRD0610,1,167.07,167.07
HITM0002148,HORD000670,PRD0316,1,401.13,401.13
HITM0002149,HORD000670,PRD0648,2,389.72,779.44
HITM0002150,HORD000670,PRD0910,1,28.09,28.09
HITM0002151,HORD000671,PRD0513,1,453.22,453.22
HITM0002152,HORD000671,PRD0967,1,2053.47,2053.47
HITM0002153,HORD000671,PRD0768,2,73.54,147.08
HITM0002154,HORD000672,PRD0692,1,1665.58,1665.58
HITM0002155,HORD000672,PRD0819,1,269.55,269.55
HITM0002156,HORD000672,PRD0416,1,236.82,236.82
HITM0002157,HORD000672,PRD0368,2,759.57,1519.14
HITM0002158,HORD000672,PRD0270,1,218.48,218.48
HITM0002159,HORD000673,PRD0428,1,491.35,491.35
HITM0002160,HORD000673,PRD1000,1,45.04,45.04
HITM0002161,HORD000673,PRD0227,1,922.85,922.85
HITM0002162,HORD000673,PRD0273,1,409.71,409.71
HITM0002163,HORD000674,PRD0728,1,122.0,122.0
HITM0002164,HORD000674,PRD0155,3,673.32,2019.96
HITM0002165,HORD000674,PRD0640,1,23.59,23.59
HITM0002166,HORD000674,PRD0973,1,573.55,573.55
HITM0002167,HORD000675,PRD0525,1,135.44,135.44
HITM0002168,HORD000675,PRD0660,2,89.27,178.54
HITM0002169,HORD000676,PRD0046,1,192.34,192.34
HITM0002170,HORD000676,PRD0705,2,387.12,774.24
HITM0002171,HORD000677,PRD0436,1,112.2,112.2
HITM0002172,HORD000677,PRD0988,1,721.76,721.76
HITM0002173,HORD000677,PRD0228,1,946.39,946.39
HITM0002174,HORD000678,PRD0364,1,914.03,914.03
HITM0002175,HORD000678,PRD0090,1,136.64,136.64
HITM0002176,HORD000679,PRD0618,1,208.79,208.79
HITM0002177,HORD000679,PRD0528,1,136.95,136.95
HITM0002178,HORD000679,PRD0694,1,1978.51,1978.51
HITM0002179,HORD000680,PRD0952,1,1636.67,1636.67
HITM0002180,HORD000680,PRD0785,2,739.95,1479.9
HITM0002181,HORD000680,PRD0283,1,405.7,405.7
HITM0002182,HORD000681,PRD0665,2,191.97,383.94
HITM0002183,HORD000681,PRD0219,1,888.21,888.21
HITM0002184,HORD000681,PRD0439,2,323.08,646.16
HITM0002185,HORD000681,PRD0784,2,385.51,771.02
HITM0002186,HORD000682,PRD0622,1,1298.2,1298.2
HITM0002187,HORD000682,PRD0687,2,1174.99,2349.98
HITM0002188,HORD000682,PRD0536,1,53.59,53.59
HITM0002189,HORD000683,PRD0783,2,1427.48,2854.96
HITM0002190,HORD000683,PRD0736,1,171.3,171.3
HITM0002191,HORD000683,PRD0488,1,780.13,780.13
HITM0002192,HORD000683,PRD0309,1,621.05,621.05
HITM0002193,HORD000684,PRD0546,1,361.61,361.61
HITM0002194,HORD000684,PRD0418,1,860.3,860.3
HITM0002195,HORD000685,PRD0824,1,1647.74,1647.74
HITM0002196,HORD000686,PRD0878,1,689.64,689.64
HITM0002197,HORD000686,PRD0400,1,411.31,411.31
HITM0002198,HORD000686,PRD0953,1,968.69,968.69
HITM0002199,HORD000687,PRD0144,2,816.73,1633.46
HITM0002200,HORD000687,PRD0450,1,56.05,56.05
HITM0002201,HORD000687,PRD0147,1,1910.7,1910.7
HITM0002202,HORD000688,PRD0993,2,750.11,1500.22
HITM0002203,HORD000688,PRD0547,1,394.5,394.5
HITM0002204,HORD000688,PRD0050,1,289.02,289.02
HITM0002205,HORD000688,PRD0229,1,1192.23,1192.23
HITM0002206,HORD000689,PRD0265,1,542.34,542.34
HITM0002207,HORD000689,PRD0050,1,289.02,289.02
HITM0002208,HORD000689,PRD0879,2,1459.82,2919.64
HITM0002209,HORD000689,PRD0005,1,793.64,793.64
HITM0002210,HORD000689,PRD0318,2,971.41,1942.82
HITM0002211,HORD000690,PRD0294,1,1563.92,1563.92
HITM0002212,HORD000690,PRD0230,2,34.01,68.02
HITM0002213,HORD000690,PRD0603,1,1120.48,1120.48
HITM0002214,HORD000690,PRD0993,1,750.11,750.11
HITM0002215,HORD000691,PRD0320,1,227.72,227.72
HITM0002216,HORD000691,PRD0908,1,136.87,136.87
HITM0002217,HORD000691,PRD0476,1,658.84,658.84
HITM0002218,HORD000691,PRD0426,1,726.65,726.65
HITM0002219,HORD000692,PRD0498,1,309.85,309.85
HITM0002220,HORD000692,PRD0479,1,660.2,660.2
HITM0002221,HORD000692,PRD0980,3,398.63,1195.89
HITM0002222,HORD000693,PRD0814,2,849.01,1698.02
HITM0002223,HORD000693,PRD0030,1,239.93,239.93
HITM0002224,HORD000693,PRD0044,1,649.62,649.62
HITM0002225,HORD000693,PRD0238,1,1033.13,1033.13
HITM0002226,HORD000694,PRD0720,1,416.7,416.7
HITM0002227,HORD000694,PRD0462,1,1180.47,1180.47
HITM0002228,HORD000694,PRD0781,1,2713.32,2713.32
HITM0002229,HORD000694,PRD0743,1,939.8,939.8
HITM0002230,HORD000694,PRD0970,1,107.81,107.81
HITM0002231,HORD000695,PRD0466,1,460.08,460.08
HITM0002232,HORD000695,PRD0169,1,445.45,445.45
HITM0002233,HORD000695,PRD0776,1,294.42,294.42
HITM0002234,HORD000696,PRD0548,2,448.84,897.68
HITM0002235,HORD000696,PRD0410,1,142.89,142.89
HITM0002236,HORD000696,PRD0133,1,334.91,334.91
HITM0002237,HORD000697,PRD0996,1,440.1,440.1
HITM0002238,HORD000697,PRD0509,3,400.59,1201.77
HITM0002239,HORD000697,PRD0015,2,624.09,1248.18
HITM0002240,HORD000698,PRD0386,1,567.42,567.42
HITM0002241,HORD000698,PRD0938,1,103.84,103.84
HITM0002242,HORD000698,PRD0610,1,167.07,167.07
HITM0002243,HORD000698,PRD0554,1,611.35,611.35
HITM0002244,HORD000699,PRD0357,1,1006.85,1006.85
HITM0002245,HORD000699,PRD0222,1,1185.98,1185.98
HITM0002246,HORD000699,PRD0600,1,222.54,222.54
HITM0002247,HORD000700,PRD0219,1,888.21,888.21
HITM0002248,HORD000700,PRD0181,1,1201.83,1201.83
HITM0002249,HORD000700,PRD0469,1,274.61,274.61
HITM0002250,HORD000700,PRD0660,1,89.27,89.27
HITM0002251,HORD000701,PRD0812,1,1404.46,1404.46
HITM0002252,HORD000701,PRD0838,1,955.16,955.16
HITM0002253,HORD000702,PRD0770,1,410.85,410.85
HITM0002254,HORD000702,PRD0253,1,1322.89,1322.89
HITM0002255,HORD000703,PRD0897,1,351.24,351.24
HITM0002256,HORD000704,PRD0402,3,782.5,2347.5
HITM0002257,HORD000704,PRD0146,1,212.69,212.69
HITM0002258,HORD000704,PRD0290,1,53.02,53.02
HITM0002259,HORD000704,PRD0989,1,535.6,535.6
HITM0002260,HORD000705,PRD0665,3,191.97,575.91
HITM0002261,HORD000705,PRD0598,2,522.01,1044.02
HITM0002262,HORD000705,PRD0789,1,928.44,928.44
HITM0002263,HORD000706,PRD0570,1,179.75,179.75
HITM0002264,HORD000706,PRD0009,2,354.96,709.92
HITM0002265,HORD000706,PRD0110,1,197.81,197.81
HITM0002266,HORD000707,PRD0013,1,1361.97,1361.97
HITM0002267,HORD000708,PRD0639,1,1114.83,1114.83
HITM0002268,HORD000708,PRD0344,1,2946.2,2946.2
HITM0002269,HORD000708,PRD0572,1,678.29,678.29
HITM0002270,HORD000708,PRD0550,3,229.62,688.86
HITM0002271,HORD000709,PRD1000,1,45.04,45.04
HITM0002272,HORD000709,PRD0658,2,665.45,1330.9
HITM0002273,HORD000709,PRD0553,1,1597.7,1597.7
HITM0002274,HORD000709,PRD0477,1,654.36,654.36
HITM0002275,HORD000709,PRD0637,3,2457.32,7371.96
HITM0002276,HORD000710,PRD0536,1,53.59,53.59
HITM0002277,HORD000710,PRD0466,1,460.08,460.08
HITM0002278,HORD000710,PRD0398,1,341.64,341.64
HITM0002279,HORD000710,PRD0791,1,2467.42,2467.42
HITM0002280,HORD000710,PRD0474,1,480.29,480.29
HITM0002281,HORD000711,PRD0075,1,360.03,360.03
HITM0002282,HORD000711,PRD0475,2,357.18,714.36
HITM0002283,HORD000712,PRD0203,2,489.43,978.86
HITM0002284,HORD000712,PRD0776,1,294.42,294.42
HITM0002285,HORD000712,PRD0357,1,1006.85,1006.85
HITM0002286,HORD000713,PRD0884,2,2408.23,4816.46
HITM0002287,HORD000713,PRD0222,1,1185.98,1185.98
HITM0002288,HORD000713,PRD0559,1,109.7,109.7
HITM0002289,HORD000713,PRD0089,1,561.13,561.13
HITM0002290,HORD000714,PRD0098,1,1046.87,1046.87
HITM0002291,HORD000714,PRD0879,1,1459.82,1459.82
HITM0002292,HORD000714,PRD0588,1,544.11,544.11
HITM0002293,HORD000714,PRD0060,1,207.18,207.18
HITM0002294,HORD000715,PRD0485,1,939.87,939.87
HITM0002295,HORD000715,PRD0875,1,73.21,73.21
HITM0002296,HORD000715,PRD0938,1,103.84,103.84
HITM0002297,HORD000715,PRD0363,1,489.25,489.25
HITM0002298,HORD000716,PRD0193,1,575.14,575.14
HITM0002299,HORD000716,PRD0884,2,2408.23,4816.46
HITM0002300,HORD000717,PRD0688,1,611.89,611.89
HITM0002301,HORD000717,PRD0080,2,122.76,245.52
HITM0002302,HORD000717,PRD0848,1,870.59,870.59
HITM0002303,HORD000718,PRD0790,2,55.39,110.78
HITM0002304,HORD000718,PRD0385,1,1062.27,1062.27
HITM0002305,HORD000718,PRD0150,2,302.63,605.26
HITM0002306,HORD000718,PRD0262,1,893.46,893.46
HITM0002307,HORD000719,PRD0725,1,282.7,282.7
HITM0002308,HORD000719,PRD0047,1,663.9,663.9
HITM0002309,HORD000719,PRD0895,1,567.08,567.08
HITM0002310,HORD000719,PRD0107,2,559.52,1119.04
HITM0002311,HORD000720,PRD0288,1,151.78,151.78
HITM0002312,HORD000720,PRD0336,1,110.53,110.53
HITM0002313,HORD000721,PRD0166,2,486.74,973.48
HITM0002314,HORD000721,PRD0855,1,204.55,204.55
HITM0002315,HORD000721,PRD0606,1,49.01,49.01
HITM0002316,HORD000722,PRD0709,1,1109.44,1109.44
HITM0002317,HORD000722,PRD0720,2,416.7,833.4
HITM0002318,HORD000722,PRD0108,1,997.65,997.65
HITM0002319,HORD000722,PRD0668,1,641.02,641.02
HITM0002320,HORD000722,PRD0976,1,714.76,714.76
HITM0002321,HORD000723,PRD0343,2,1288.78,2577.56
HITM0002322,HORD000723,PRD0158,1,224.45,224.45
HITM0002323,HORD000723,PRD0507,1,135.21,135.21
HITM0002324,HORD000723,PRD0003,3,342.16,1026.48
HITM0002325,HORD000723,PRD0538,2,748.35,1496.7
HITM0002326,HORD000724,PRD0036,2,226.94,453.88
HITM0002327,HORD000724,PRD0593,1,416.84,416.84
HITM0002328,HORD000724,PRD0763,1,950.45,950.45
HITM0002329,HORD000725,PRD0313,2,1045.09,2090.18
HITM0002330,HORD000725,PRD0888,1,734.2,734.2
HITM0002331,HORD000725,PRD0591,1,2930.44,2930.44
HITM0002332,HORD000726,PRD0261,1,3026.48,3026.48
HITM0002333,HORD000726,PRD0962,1,1137.0,1137.0
HITM0002334,HORD000726,PRD0075,3,360.03,1080.09
HITM0002335,HORD000727,PRD0436,2,112.2,224.4
HITM0002336,HORD000727,PRD0833,1,1417.93,1417.93
HITM0002337,HORD000728,PRD0560,2,258.29,516.58
HITM0002338,HORD000728,PRD0797,2,936.62,1873.24
HITM0002339,HORD000728,PRD0291,1,2155.05,2155.05
HITM0002340,HORD000728,PRD0537,1,717.48,717.48
HITM0002341,HORD000729,PRD0929,1,131.55,131.55
HITM0002342,HORD000729,PRD0734,2,3584.06,7168.12
HITM0002343,HORD000729,PRD0750,2,262.52,525.04
HITM0002344,HORD000730,PRD0198,1,737.1,737.1
HITM0002345,HORD000730,PRD0287,2,2154.08,4308.16
HITM0002346,HORD000731,PRD0655,2,424.11,848.22
HITM0002347,HORD000731,PRD0816,1,377.97,377.97
HITM0002348,HORD000731,PRD0868,1,594.16,594.16
HITM0002349,HORD000731,PRD0412,1,1822.18,1822.18
HITM0002350,HORD000732,PRD0643,1,530.41,530.41
HITM0002351,HORD000733,PRD0581,1,2366.29,2366.29
HITM0002352,HORD000733,PRD0625,1,122.46,122.46
HITM0002353,HORD000733,PRD0021,1,1350.17,1350.17
HITM0002354,HORD000733,PRD0115,1,671.68,671.68
HITM0002355,HORD000734,PRD0740,1,150.48,150.48
HITM0002356,HORD000734,PRD0819,1,269.55,269.55
HITM0002357,HORD000734,PRD0200,1,231.67,231.67
HITM0002358,HORD000734,PRD0827,2,1653.52,3307.04
HITM0002359,HORD000735,PRD0556,1,546.84,546.84
HITM0002360,HORD000735,PRD0288,1,151.78,151.78
HITM0002361,HORD000735,PRD0940,2,227.03,454.06
HITM0002362,HORD000736,PRD0966,1,706.39,706.39
HITM0002363,HORD000736,PRD0641,1,2668.96,2668.96
HITM0002364,HORD000736,PRD0842,1,1294.03,1294.03
HITM0002365,HORD000737,PRD0308,1,524.45,524.45
HITM0002366,HORD000737,PRD0726,2,256.01,512.02
HITM0002367,HORD000737,PRD0830,1,146.02,146.02
HITM0002368,HORD000738,PRD0796,1,46.19,46.19
HITM0002369,HORD000738,PRD0640,2,23.59,47.18
HITM0002370,HORD000738,PRD0307,1,2338.69,2338.69
HITM0002371,HORD000739,PRD0527,2,2128.95,4257.9
HITM0002372,HORD000739,PRD0340,1,42.57,42.57
HITM0002373,HORD000739,PRD0537,3,717.48,2152.44
HITM0002374,HORD000739,PRD0798,1,418.33,418.33
HITM0002375,HORD000740,PRD0600,2,222.54,445.08
HITM0002376,HORD000740,PRD0127,1,1131.95,1131.95
HITM0002377,HORD000740,PRD0819,3,269.55,808.65
HITM0002378,HORD000740,PRD0909,2,346.13,692.26
HITM0002379,HORD000741,PRD0049,1,598.46,598.46
HITM0002380,HORD000741,PRD0590,1,49.98,49.98
HITM0002381,HORD000741,PRD0450,1,56.05,56.05
HITM0002382,HORD000742,PRD0075,2,360.03,720.06
HITM0002383,HORD000742,PRD0635,2,576.88,1153.76
HITM0002384,HORD000742,PRD0281,2,3193.12,6386.24
HITM0002385,HORD000742,PRD0710,1,161.67,161.67
HITM0002386,HORD000742,PRD0347,1,1531.55,1531.55
HITM0002387,HORD000743,PRD0643,1,530.41,530.41
HITM0002388,HORD000743,PRD0756,2,61.89,123.78
HITM0002389,HORD000743,PRD0596,1,497.18,497.18
HITM0002390,HORD000743,PRD0833,1,1417.93,1417.93
HITM0002391,HORD000744,PRD0467,1,590.42,590.42
HITM0002392,HORD000744,PRD0632,1,1640.52,1640.52
HITM0002393,HORD000745,PRD0981,3,2778.15,8334.45
HITM0002394,HORD000745,PRD0570,1,179.75,179.75
HITM0002395,HORD000746,PRD0939,1,522.59,522.59
HITM0002396,HORD000747,PRD0817,1,1184.03,1184.03
HITM0002397,HORD000747,PRD0882,1,989.33,989.33
HITM0002398,HORD000747,PRD0843,1,1524.85,1524.85
HITM0002399,HORD000747,PRD0278,2,83.35,166.7
HITM0002400,HORD000747,PRD0995,1,258.22,258.22
HITM0002401,HORD000748,PRD0872,1,588.52,588.52
HITM0002402,HORD000748,PRD0633,1,1341.18,1341.18
HITM0002403,HORD000748,PRD0681,1,1969.92,1969.92
HITM0002404,HORD000748,PRD0137,1,125.48,125.48
HITM0002405,HORD000749,PRD0102,1,1498.33,1498.33
HITM0002406,HORD000749,PRD0556,2,546.84,1093.68
HITM0002407,HORD000749,PRD0725,2,282.7,565.4
HITM0002408,HORD000750,PRD0899,1,1072.73,1072.73
HITM0002409,HORD000751,PRD0294,1,1563.92,1563.92
HITM0002410,HORD000751,PRD0171,2,2475.28,4950.56
HITM0002411,HORD000752,PRD0707,1,1217.98,1217.98
HITM0002412,HORD000752,PRD0306,1,422.96,422.96
HITM0002413,HORD000753,PRD0587,1,1244.16,1244.16
HITM0002414,HORD000753,PRD0638,1,675.35,675.35
HITM0002415,HORD000753,PRD0936,2,279.68,559.36
HITM0002416,HORD000753,PRD0794,2,4029.39,8058.78
HITM0002417,HORD000754,PRD0665,1,191.97,191.97
HITM0002418,HORD000754,PRD0922,1,693.11,693.11
HITM0002419,HORD000754,PRD0926,2,455.41,910.82
HITM0002420,HORD000754,PRD0369,1,446.88,446.88
HITM0002421,HORD000755,PRD0428,1,491.35,491.35
HITM0002422,HORD000755,PRD0897,1,351.24,351.24
HITM0002423,HORD000755,PRD0559,1,109.7,109.7
HITM0002424,HORD000755,PRD0578,1,383.34,383.34
HITM0002425,HORD000756,PRD0536,2,53.59,107.18
HITM0002426,HORD000756,PRD0530,1,220.26,220.26
HITM0002427,HORD000756,PRD0728,1,122.0,122.0
HITM0002428,HORD000757,PRD0171,1,2475.28,2475.28
HITM0002429,HORD000757,PRD0688,2,611.89,1223.78
HITM0002430,HORD000757,PRD0050,3,289.02,867.06
HITM0002431,HORD000757,PRD0373,1,1452.1,1452.1
HITM0002432,HORD000757,PRD0228,2,946.39,1892.78
HITM0002433,HORD000758,PRD0184,1,869.57,869.57
HITM0002434,HORD000758,PRD0779,1,234.12,234.12
HITM0002435,HORD000758,PRD0125,1,108.47,108.47
HITM0002436,HORD000758,PRD0961,1,985.63,985.63
HITM0002437,HORD000758,PRD0340,1,42.57,42.57
HITM0002438,HORD000759,PRD0100,2,328.27,656.54
HITM0002439,HORD000759,PRD0227,1,922.85,922.85
HITM0002440,HORD000759,PRD0846,1,417.95,417.95
HITM0002441,HORD000759,PRD0765,1,724.29,724.29
HITM0002442,HORD000759,PRD0058,1,913.94,913.94
HITM0002443,HORD000760,PRD0343,3,1288.78,3866.34
HITM0002444,HORD000760,PRD0296,1,122.37,122.37
HITM0002445,HORD000760,PRD0475,1,357.18,357.18
HITM0002446,HORD000761,PRD0619,1,238.4,238.4
HITM0002447,HORD000761,PRD0068,1,327.08,327.08
HITM0002448,HORD000762,PRD0756,3,61.89,185.67
HITM0002449,HORD000762,PRD0741,1,1637.14,1637.14
HITM0002450,HORD000763,PRD0252,2,879.59,1759.18
HITM0002451,HORD000763,PRD0336,1,110.53,110.53
HITM0002452,HORD000763,PRD0270,1,218.48,218.48
HITM0002453,HORD000764,PRD0616,1,819.39,819.39
HITM0002454,HORD000764,PRD0513,1,453.22,453.22
HITM0002455,HORD000764,PRD0695,2,908.69,1817.38
HITM0002456,HORD000764,PRD0450,1,56.05,56.05
HITM0002457,HORD000765,PRD0069,3,398.01,1194.03
HITM0002458,HORD000766,PRD0732,1,1068.78,1068.78
HITM0002459,HORD000766,PRD0368,1,759.57,759.57
HITM0002460,HORD000767,PRD0175,1,340.25,340.25
HITM0002461,HORD000767,PRD0146,1,212.69,212.69
HITM0002462,HORD000767,PRD0332,1,449.5,449.5
HITM0002463,HORD000768,PRD0401,1,2894.25,2894.25
HITM0002464,HORD000768,PRD0816,1,377.97,377.97
HITM0002465,HORD000768,PRD0993,1,750.11,750.11
HITM0002466,HORD000768,PRD0808,2,69.84,139.68
HITM0002467,HORD000768,PRD0372,1,330.93,330.93
HITM0002468,HORD000769,PRD0594,1,3438.81,3438.81
HITM0002469,HORD000769,PRD0852,1,1779.82,1779.82
HITM0002470,HORD000769,PRD0839,1,1337.75,1337.75
HITM0002471,HORD000769,PRD0605,1,964.1,964.1
HITM0002472,HORD000770,PRD0710,1,161.67,161.67
HITM0002473,HORD000770,PRD0726,1,256.01,256.01
HITM0002474,HORD000770,PRD0748,1,789.67,789.67
HITM0002475,HORD000771,PRD0101,1,1796.81,1796.81
HITM0002476,HORD000771,PRD0283,1,405.7,405.7
HITM0002477,HORD000771,PRD0840,3,102.1,306.3
HITM0002478,HORD000772,PRD0135,1,715.95,715.95
HITM0002479,HORD000772,PRD0513,2,453.22,906.44
HITM0002480,HORD000772,PRD0618,2,208.79,417.58
HITM0002481,HORD000772,PRD0575,2,996.56,1993.12
HITM0002482,HORD000773,PRD0960,1,321.52,321.52
HITM0002483,HORD000773,PRD0332,1,449.5,449.5
HITM0002484,HORD000773,PRD0991,2,2498.97,4997.94
HITM0002485,HORD000773,PRD0339,2,1448.64,2897.28
HITM0002486,HORD000774,PRD0146,1,212.69,212.69
HITM0002487,HORD000774,PRD0808,1,69.84,69.84
HITM0002488,HORD000774,PRD0139,1,1069.24,1069.24
HITM0002489,HORD000775,PRD0888,2,734.2,1468.4
HITM0002490,HORD000775,PRD0803,1,671.68,671.68
HITM0002491,HORD000775,PRD0138,1,99.85,99.85
HITM0002492,HORD000775,PRD0689,1,277.28,277.28
HITM0002493,HORD000776,PRD0390,1,153.47,153.47
HITM0002494,HORD000776,PRD0925,1,56.69,56.69
HITM0002495,HORD000776,PRD0723,1,867.11,867.11
HITM0002496,HORD000777,PRD0461,1,1946.88,1946.88
HITM0002497,HORD000777,PRD0986,1,419.88,419.88
HITM0002498,HORD000777,PRD0797,1,936.62,936.62
HITM0002499,HORD000778,PRD0210,2,371.54,743.08
HITM0002500,HORD000778,PRD0335,1,235.04,235.04
HITM0002501,HORD000778,PRD0021,2,1350.17,2700.34
HITM0002502,HORD000779,PRD0130,2,183.26,366.52
HITM0002503,HORD000779,PRD0193,1,575.14,575.14
HITM0002504,HORD000779,PRD0767,2,380.35,760.7
HITM0002505,HORD000779,PRD0009,1,354.96,354.96
HITM0002506,HORD000780,PRD0128,2,394.68,789.36
HITM0002507,HORD000780,PRD0184,1,869.57,869.57
HITM0002508,HORD000780,PRD0976,1,714.76,714.76
HITM0002509,HORD000780,PRD0158,1,224.45,224.45
HITM0002510,HORD000781,PRD0575,1,996.56,996.56
HITM0002511,HORD000782,PRD0420,2,277.28,554.56
HITM0002512,HORD000782,PRD0144,2,816.73,1633.46
HITM0002513,HORD000782,PRD0206,1,190.8,190.8
HITM0002514,HORD000783,PRD0943,1,578.85,578.85
HITM0002515,HORD000783,PRD0521,1,2461.03,2461.03
HITM0002516,HORD000783,PRD0268,2,226.89,453.78
HITM0002517,HORD000783,PRD0723,1,867.11,867.11
HITM0002518,HORD000784,PRD0163,1,1059.22,1059.22
HITM0002519,HORD000784,PRD0620,2,339.14,678.28
HITM0002520,HORD000785,PRD0113,1,756.1,756.1
HITM0002521,HORD000785,PRD0093,1,401.55,401.55
HITM0002522,HORD000785,PRD0089,1,561.13,561.13
HITM0002523,HORD000785,PRD0659,1,848.34,848.34
HITM0002524,HORD000786,PRD0239,2,984.36,1968.72
HITM0002525,HORD000786,PRD0242,1,1531.86,1531.86
HITM0002526,HORD000787,PRD0560,2,258.29,516.58
HITM0002527,HORD000787,PRD0706,1,377.51,377.51
HITM0002528,HORD000787,PRD0065,1,446.02,446.02
HITM0002529,HORD000787,PRD0243,3,854.67,2564.01
HITM0002530,HORD000788,PRD0890,1,176.95,176.95
HITM0002531,HORD000788,PRD0669,1,387.51,387.51
HITM0002532,HORD000789,PRD0296,1,122.37,122.37
HITM0002533,HORD000789,PRD0040,1,201.64,201.64
HITM0002534,HORD000789,PRD0626,2,139.26,278.52
HITM0002535,HORD000790,PRD0004,3,3297.7,9893.1
HITM0002536,HORD000790,PRD0363,2,489.25,978.5
HITM0002537,HORD000791,PRD0609,3,83.83,251.49
HITM0002538,HORD000791,PRD0506,2,187.88,375.76
HITM0002539,HORD000791,PRD0773,2,310.58,621.16
HITM0002540,HORD000792,PRD0009,1,354.96,354.96
HITM0002541,HORD000792,PRD0094,2,1868.0,3736.0
HITM0002542,HORD000792,PRD0526,1,44.24,44.24
HITM0002543,HORD000792,PRD0023,1,268.14,268.14
HITM0002544,HORD000793,PRD0662,1,477.61,477.61
HITM0002545,HORD000794,PRD0955,2,502.79,1005.58
HITM0002546,HORD000794,PRD0526,1,44.24,44.24
HITM0002547,HORD000795,PRD0193,2,575.14,1150.28
HITM0002548,HORD000795,PRD0578,1,383.34,383.34
HITM0002549,HORD000795,PRD0185,1,325.14,325.14
HITM0002550,HORD000795,PRD0169,1,445.45,445.45
HITM0002551,HORD000796,PRD0013,1,1361.97,1361.97
HITM0002552,HORD000796,PRD0164,1,3982.07,3982.07
HITM0002553,HORD000796,PRD0093,1,401.55,401.55
HITM0002554,HORD000796,PRD0309,1,621.05,621.05
HITM0002555,HORD000797,PRD0541,1,2989.04,2989.04
HITM0002556,HORD000797,PRD0513,1,453.22,453.22
HITM0002557,HORD000798,PRD0888,1,734.2,734.2
HITM0002558,HORD000798,PRD0751,1,1174.19,1174.19
HITM0002559,HORD000798,PRD0285,1,437.61,437.61
HITM0002560,HORD000798,PRD0259,3,1267.87,3803.61
HITM0002561,HORD000799,PRD0781,1,2713.32,2713.32
HITM0002562,HORD000799,PRD0198,1,737.1,737.1
HITM0002563,HORD000799,PRD0532,1,386.41,386.41
HITM0002564,HORD000800,PRD0797,3,936.62,2809.86
HITM0002565,HORD000800,PRD0586,1,751.47,751.47
HITM0002566,HORD000800,PRD0276,2,530.49,1060.98
HITM0002567,HORD000800,PRD0707,1,1217.98,1217.98
HITM0002568,HORD000801,PRD0868,1,594.16,594.16
HITM0002569,HORD000801,PRD0207,1,1636.46,1636.46
HITM0002570,HORD000801,PRD0897,1,351.24,351.24
HITM0002571,HORD000801,PRD0233,2,1412.0,2824.0
HITM0002572,HORD000802,PRD0125,1,108.47,108.47
HITM0002573,HORD000802,PRD0528,1,136.95,136.95
HITM0002574,HORD000802,PRD0988,1,721.76,721.76
HITM0002575,HORD000803,PRD0296,1,122.37,122.37
HITM0002576,HORD000803,PRD0660,1,89.27,89.27
HITM0002577,HORD000803,PRD0127,1,1131.95,1131.95
HITM0002578,HORD000804,PRD0806,1,499.24,499.24
HITM0002579,HORD000804,PRD0616,1,819.39,819.39
HITM0002580,HORD000804,PRD0988,1,721.76,721.76
HITM0002581,HORD000804,PRD0854,1,651.27,651.27
HITM0002582,HORD000804,PRD0404,1,2672.02,2672.02
HITM0002583,HORD000805,PRD0333,1,621.74,621.74
HITM0002584,HORD000805,PRD0967,1,2053.47,2053.47
HITM0002585,HORD000805,PRD0362,1,1598.01,1598.01
HITM0002586,HORD000806,PRD0667,1,2533.49,2533.49
HITM0002587,HORD000806,PRD0712,1,1119.82,1119.82
HITM0002588,HORD000806,PRD0246,1,758.55,758.55
HITM0002589,HORD000806,PRD0478,1,917.54,917.54
HITM0002590,HORD000807,PRD0586,2,751.47,1502.94
HITM0002591,HORD000807,PRD0728,1,122.0,122.0
HITM0002592,HORD000808,PRD0138,2,99.85,199.7
HITM0002593,HORD000808,PRD0585,1,101.78,101.78
HITM0002594,HORD000808,PRD0455,1,243.16,243.16
HITM0002595,HORD000808,PRD0968,1,861.46,861.46
HITM0002596,HORD000809,PRD0255,1,426.01,426.01
HITM0002597,HORD000809,PRD0570,1,179.75,179.75
HITM0002598,HORD000809,PRD0752,1,933.7,933.7
HITM0002599,HORD000810,PRD0801,1,1592.9,1592.9
HITM0002600,HORD000810,PRD0782,1,492.79,492.79
HITM0002601,HORD000810,PRD0626,1,139.26,139.26
HITM0002602,HORD000811,PRD0996,1,440.1,440.1
HITM0002603,HORD000811,PRD0949,1,589.87,589.87
HITM0002604,HORD000811,PRD0294,3,1563.92,4691.76
HITM0002605,HORD000812,PRD0177,1,535.99,535.99
HITM0002606,HORD000812,PRD0342,1,615.51,615.51
HITM0002607,HORD000812,PRD0699,3,1102.07,3306.21
HITM0002608,HORD000813,PRD0889,1,518.76,518.76
HITM0002609,HORD000813,PRD0062,1,551.76,551.76
HITM0002610,HORD000813,PRD0807,1,123.14,123.14
HITM0002611,HORD000814,PRD0820,2,31.29,62.58
HITM0002612,HORD000814,PRD0818,1,690.8,690.8
HITM0002613,HORD000814,PRD0592,1,448.87,448.87
HITM0002614,HORD000814,PRD0450,1,56.05,56.05
HITM0002615,HORD000815,PRD0727,1,2045.32,2045.32
HITM0002616,HORD000815,PRD0418,1,860.3,860.3
HITM0002617,HORD000815,PRD0948,1,454.84,454.84
HITM0002618,HORD000815,PRD0036,1,226.94,226.94
HITM0002619,HORD000816,PRD0461,1,1946.88,1946.88
HITM0002620,HORD000816,PRD0569,1,1425.79,1425.79
HITM0002621,HORD000816,PRD0965,3,1000.42,3001.26
HITM0002622,HORD000817,PRD0752,2,933.7,1867.4
HITM0002623,HORD000817,PRD0710,1,161.67,161.67
HITM0002624,HORD000818,PRD0191,1,1064.69,1064.69
HITM0002625,HORD000818,PRD0536,1,53.59,53.59
HITM0002626,HORD000818,PRD0260,3,86.88,260.64
HITM0002627,HORD000819,PRD0636,1,418.01,418.01
HITM0002628,HORD000819,PRD0883,1,1201.31,1201.31
HITM0002629,HORD000820,PRD0865,2,1074.97,2149.94
HITM0002630,HORD000820,PRD0819,1,269.55,269.55
HITM0002631,HORD000821,PRD0934,1,524.96,524.96
HITM0002632,HORD000821,PRD0652,2,1711.11,3422.22
HITM0002633,HORD000821,PRD0240,3,116.74,350.22
HITM0002634,HORD000821,PRD0260,1,86.88,86.88
HITM0002635,HORD000821,PRD0901,1,1749.28,1749.28
HITM0002636,HORD000822,PRD0859,1,664.51,664.51
HITM0002637,HORD000823,PRD0588,1,544.11,544.11
HITM0002638,HORD000823,PRD0506,1,187.88,187.88
HITM0002639,HORD000823,PRD0599,1,1129.79,1129.79
HITM0002640,HORD000824,PRD0440,1,112.71,112.71
HITM0002641,HORD000824,PRD0730,2,388.14,776.28
HITM0002642,HORD000824,PRD0223,1,1459.56,1459.56
HITM0002643,HORD000825,PRD0409,1,165.4,165.4
HITM0002644,HORD000825,PRD0245,2,595.29,1190.58
HITM0002645,HORD000826,PRD0342,3,615.51,1846.53
HITM0002646,HORD000826,PRD0678,1,904.89,904.89
HITM0002647,HORD000826,PRD0061,1,2127.06,2127.06
HITM0002648,HORD000827,PRD0820,1,31.29,31.29
HITM0002649,HORD000828,PRD0080,1,122.76,122.76
HITM0002650,HORD000828,PRD0090,1,136.64,136.64
HITM0002651,HORD000828,PRD0005,1,793.64,793.64
HITM0002652,HORD000829,PRD0337,1,408.39,408.39
HITM0002653,HORD000829,PRD0356,2,246.85,493.7
HITM0002654,HORD000830,PRD0983,2,863.49,1726.98
HITM0002655,HORD000830,PRD0406,1,184.6,184.6
HITM0002656,HORD000830,PRD0584,2,3190.99,6381.98
HITM0002657,HORD000830,PRD0572,3,678.29,2034.87
HITM0002658,HORD000831,PRD0060,1,207.18,207.18
HITM0002659,HORD000831,PRD0228,1,946.39,946.39
HITM0002660,HORD000831,PRD0089,1,561.13,561.13
HITM0002661,HORD000832,PRD0524,1,782.83,782.83
HITM0002662,HORD000833,PRD0291,1,2155.05,2155.05
HITM0002663,HORD000833,PRD0535,1,878.27,878.27
HITM0002664,HORD000833,PRD0435,1,676.32,676.32
HITM0002665,HORD000834,PRD0049,1,598.46,598.46
HITM0002666,HORD000834,PRD0053,1,1429.67,1429.67
HITM0002667,HORD000834,PRD0573,1,1394.74,1394.74
HITM0002668,HORD000834,PRD0625,1,122.46,122.46
HITM0002669,HORD000835,PRD0156,1,115.73,115.73
HITM0002670,HORD000835,PRD0308,1,524.45,524.45
HITM0002671,HORD000835,PRD0676,1,117.14,117.14
HITM0002672,HORD000836,PRD0293,2,644.4,1288.8
HITM0002673,HORD000836,PRD0119,3,756.54,2269.62
HITM0002674,HORD000836,PRD0188,2,861.47,1722.94
HITM0002675,HORD000836,PRD0873,2,1172.09,2344.18
HITM0002676,HORD000836,PRD0729,2,1304.27,2608.54
HITM0002677,HORD000837,PRD0003,1,342.16,342.16
HITM0002678,HORD000837,PRD0339,1,1448.64,1448.64
HITM0002679,HORD000837,PRD0945,1,693.93,693.93
HITM0002680,HORD000838,PRD0914,2,2743.18,5486.36
HITM0002681,HORD000838,PRD0792,1,1480.93,1480.93
HITM0002682,HORD000839,PRD0506,1,187.88,187.88
HITM0002683,HORD000839,PRD0559,1,109.7,109.7
HITM0002684,HORD000839,PRD0596,1,497.18,497.18
HITM0002685,HORD000839,PRD0711,1,1902.91,1902.91
HITM0002686,HORD000839,PRD0683,2,571.77,1143.54
HITM0002687,HORD000840,PRD0846,1,417.95,417.95
HITM0002688,HORD000840,PRD0099,2,892.92,1785.84
HITM0002689,HORD000840,PRD0133,1,334.91,334.91
HITM0002690,HORD000841,PRD0173,1,270.07,270.07
HITM0002691,HORD000841,PRD0491,1,2056.04,2056.04
HITM0002692,HORD000842,PRD0472,1,828.5,828.5
HITM0002693,HORD000842,PRD0848,1,870.59,870.59
HITM0002694,HORD000842,PRD0317,1,2197.9,2197.9
HITM0002695,HORD000842,PRD0760,1,187.91,187.91
HITM0002696,HORD000843,PRD0319,1,1438.71,1438.71
HITM0002697,HORD000843,PRD0262,1,893.46,893.46
HITM0002698,HORD000843,PRD0588,1,544.11,544.11
HITM0002699,HORD000843,PRD0143,1,490.94,490.94
HITM0002700,HORD000844,PRD0009,2,354.96,709.92
HITM0002701,HORD000844,PRD0726,1,256.01,256.01
HITM0002702,HORD000844,PRD0442,2,1167.29,2334.58
HITM0002703,HORD000844,PRD0285,1,437.61,437.61
HITM0002704,HORD000845,PRD0685,1,987.86,987.86
HITM0002705,HORD000845,PRD0851,1,2627.27,2627.27
HITM0002706,HORD000845,PRD0596,2,497.18,994.36
HITM0002707,HORD000846,PRD0658,1,665.45,665.45
HITM0002708,HORD000846,PRD0568,1,299.47,299.47
HITM0002709,HORD000846,PRD0450,1,56.05,56.05
HITM0002710,HORD000847,PRD0947,1,934.61,934.61
HITM0002711,HORD000847,PRD0349,1,469.34,469.34
HITM0002712,HORD000848,PRD0365,2,380.49,760.98
HITM0002713,HORD000848,PRD0602,1,1660.35,1660.35
HITM0002714,HORD000848,PRD0775,1,668.73,668.73
HITM0002715,HORD000849,PRD0237,1,983.57,983.57
HITM0002716,HORD000849,PRD0037,1,873.28,873.28
HITM0002717,HORD000850,PRD0367,2,1222.73,2445.46
HITM0002718,HORD000850,PRD0142,2,1283.99,2567.98
HITM0002719,HORD000850,PRD0230,1,34.01,34.01
HITM0002720,HORD000851,PRD0106,1,840.97,840.97
HITM0002721,HORD000851,PRD0625,1,122.46,122.46
HITM0002722,HORD000851,PRD0640,1,23.59,23.59
HITM0002723,HORD000851,PRD0893,2,1495.82,2991.64
HITM0002724,HORD000852,PRD0583,2,1484.65,2969.3
HITM0002725,HORD000852,PRD0655,2,424.11,848.22
HITM0002726,HORD000852,PRD0748,1,789.67,789.67
HITM0002727,HORD000853,PRD0948,1,454.84,454.84
HITM0002728,HORD000853,PRD0694,1,1978.51,1978.51
HITM0002729,HORD000853,PRD0810,2,393.15,786.3
HITM0002730,HORD000854,PRD0741,2,1637.14,3274.28
HITM0002731,HORD000854,PRD0077,2,604.37,1208.74
HITM0002732,HORD000854,PRD0788,1,1009.9,1009.9
HITM0002733,HORD000854,PRD0662,1,477.61,477.61
HITM0002734,HORD000855,PRD0359,2,1203.77,2407.54
HITM0002735,HORD000856,PRD0668,1,641.02,641.02
HITM0002736,HORD000856,PRD0583,2,1484.65,2969.3
HITM0002737,HORD000856,PRD0288,1,151.78,151.78
HITM0002738,HORD000857,PRD0160,1,21.4,21.4
HITM0002739,HORD000857,PRD0560,1,258.29,258.29
HITM0002740,HORD000857,PRD0402,1,782.5,782.5
HITM0002741,HORD000857,PRD0702,1,1785.7,1785.7
HITM0002742,HORD000857,PRD0360,1,326.09,326.09
HITM0002743,HORD000858,PRD0455,1,243.16,243.16
HITM0002744,HORD000858,PRD0169,1,445.45,445.45
HITM0002745,HORD000858,PRD0588,1,544.11,544.11
HITM0002746,HORD000858,PRD0922,2,693.11,1386.22
HITM0002747,HORD000859,PRD0090,1,136.64,136.64
HITM0002748,HORD000859,PRD0934,2,524.96,1049.92
HITM0002749,HORD000859,PRD0345,1,752.34,752.34
HITM0002750,HORD000860,PRD0959,2,182.03,364.06
HITM0002751,HORD000860,PRD0356,1,246.85,246.85
HITM0002752,HORD000861,PRD0692,1,1665.58,1665.58
HITM0002753,HORD000861,PRD0607,2,2415.11,4830.22
HITM0002754,HORD000861,PRD0512,1,1262.67,1262.67
HITM0002755,HORD000861,PRD0210,1,371.54,371.54
HITM0002756,HORD000862,PRD0653,2,514.7,1029.4
HITM0002757,HORD000862,PRD0626,1,139.26,139.26
HITM0002758,HORD000863,PRD0507,1,135.21,135.21
HITM0002759,HORD000863,PRD0226,1,286.78,286.78
HITM0002760,HORD000864,PRD0056,1,437.03,437.03
HITM0002761,HORD000864,PRD0371,1,2576.15,2576.15
HITM0002762,HORD000865,PRD0053,1,1429.67,1429.67
HITM0002763,HORD000865,PRD0777,1,2046.64,2046.64
HITM0002764,HORD000865,PRD0160,1,21.4,21.4
HITM0002765,HORD000866,PRD0516,2,742.63,1485.26
HITM0002766,HORD000867,PRD0766,1,420.5,420.5
HITM0002767,HORD000867,PRD0345,1,752.34,752.34
HITM0002768,HORD000868,PRD0410,2,142.89,285.78
HITM0002769,HORD000868,PRD0048,2,490.15,980.3
HITM0002770,HORD000868,PRD0834,1,2762.83,2762.83
HITM0002771,HORD000868,PRD0121,1,3030.38,3030.38
HITM0002772,HORD000869,PRD0604,1,2778.09,2778.09
HITM0002773,HORD000869,PRD0969,1,99.89,99.89
HITM0002774,HORD000870,PRD0888,3,734.2,2202.6
HITM0002775,HORD000870,PRD0281,2,3193.12,6386.24
HITM0002776,HORD000870,PRD0929,1,131.55,131.55
HITM0002777,HORD000870,PRD0544,1,650.3,650.3
HITM0002778,HORD000870,PRD0423,1,610.02,610.02
HITM0002779,HORD000871,PRD0603,1,1120.48,1120.48
HITM0002780,HORD000872,PRD0786,1,326.86,326.86
HITM0002781,HORD000872,PRD0783,1,1427.48,1427.48
HITM0002782,HORD000873,PRD0299,1,150.48,150.48
HITM0002783,HORD000873,PRD0545,1,1132.56,1132.56
HITM0002784,HORD000873,PRD0317,2,2197.9,4395.8
HITM0002785,HORD000873,PRD0639,2,1114.83,2229.66
HITM0002786,HORD000874,PRD0319,1,1438.71,1438.71
HITM0002787,HORD000874,PRD0600,1,222.54,222.54
HITM0002788,HORD000875,PRD0386,2,567.42,1134.84
HITM0002789,HORD000875,PRD0207,1,1636.46,1636.46
HITM0002790,HORD000876,PRD0684,1,3458.02,3458.02
HITM0002791,HORD000876,PRD0245,1,595.29,595.29
HITM0002792,HORD000877,PRD0796,1,46.19,46.19
HITM0002793,HORD000877,PRD0942,1,437.56,437.56
HITM0002794,HORD000877,PRD0123,2,1257.07,2514.14
HITM0002795,HORD000878,PRD0993,1,750.11,750.11
HITM0002796,HORD000878,PRD0862,3,612.88,1838.64
HITM0002797,HORD000878,PRD0544,1,650.3,650.3
HITM0002798,HORD000879,PRD0430,1,348.93,348.93
HITM0002799,HORD000880,PRD0975,1,723.09,723.09
HITM0002800,HORD000880,PRD0709,1,1109.44,1109.44
HITM0002801,HORD000880,PRD0814,3,849.01,2547.03
HITM0002802,HORD000881,PRD0389,1,910.21,910.21
HITM0002803,HORD000881,PRD0857,2,1044.86,2089.72
HITM0002804,HORD000881,PRD0198,1,737.1,737.1
HITM0002805,HORD000881,PRD0898,1,197.48,197.48
HITM0002806,HORD000882,PRD0876,1,146.18,146.18
HITM0002807,HORD000882,PRD0252,2,879.59,1759.18
HITM0002808,HORD000882,PRD0051,1,1390.84,1390.84
HITM0002809,HORD000883,PRD0153,1,1298.08,1298.08
HITM0002810,HORD000883,PRD0450,1,56.05,56.05
HITM0002811,HORD000883,PRD0342,1,615.51,615.51
HITM0002812,HORD000884,PRD0425,1,845.25,845.25
HITM0002813,HORD000884,PRD0773,1,310.58,310.58
HITM0002814,HORD000884,PRD0962,1,1137.0,1137.0
HITM0002815,HORD000885,PRD0894,2,3415.6,6831.2
HITM0002816,HORD000885,PRD0995,1,258.22,258.22
HITM0002817,HORD000886,PRD0757,1,915.35,915.35
HITM0002818,HORD000886,PRD0925,1,56.69,56.69
HITM0002819,HORD000886,PRD0736,3,171.3,513.9
HITM0002820,HORD000886,PRD0710,1,161.67,161.67
HITM0002821,HORD000886,PRD0093,1,401.55,401.55
HITM0002822,HORD000887,PRD0609,1,83.83,83.83
HITM0002823,HORD000887,PRD0825,2,841.2,1682.4
HITM0002824,HORD000888,PRD0030,1,239.93,239.93
HITM0002825,HORD000888,PRD0782,1,492.79,492.79
HITM0002826,HORD000888,PRD0428,1,491.35,491.35
HITM0002827,HORD000888,PRD0797,1,936.62,936.62
HITM0002828,HORD000889,PRD0922,2,693.11,1386.22
HITM0002829,HORD000889,PRD0783,1,1427.48,1427.48
HITM0002830,HORD000890,PRD0998,1,366.72,366.72
HITM0002831,HORD000890,PRD0369,1,446.88,446.88
HITM0002832,HORD000890,PRD0639,1,1114.83,1114.83
HITM0002833,HORD000890,PRD0868,1,594.16,594.16
HITM0002834,HORD000890,PRD0028,1,160.23,160.23
HITM0002835,HORD000891,PRD0676,1,117.14,117.14
HITM0002836,HORD000891,PRD0770,1,410.85,410.85
HITM0002837,HORD000891,PRD0588,1,544.11,544.11
HITM0002838,HORD000891,PRD0882,2,989.33,1978.66
HITM0002839,HORD000892,PRD0216,2,241.98,483.96
HITM0002840,HORD000892,PRD0677,1,1000.46,1000.46
HITM0002841,HORD000892,PRD0210,1,371.54,371.54
HITM0002842,HORD000893,PRD0950,1,238.05,238.05
HITM0002843,HORD000893,PRD0440,1,112.71,112.71
HITM0002844,HORD000893,PRD0349,1,469.34,469.34
HITM0002845,HORD000893,PRD0435,1,676.32,676.32
HITM0002846,HORD000893,PRD0845,1,45.19,45.19
HITM0002847,HORD000894,PRD0714,1,3727.82,3727.82
HITM0002848,HORD000894,PRD0576,1,680.42,680.42
HITM0002849,HORD000894,PRD0139,1,1069.24,1069.24
HITM0002850,HORD000895,PRD0760,1,187.91,187.91
HITM0002851,HORD000895,PRD0076,1,232.75,232.75
HITM0002852,HORD000895,PRD0965,1,1000.42,1000.42
HITM0002853,HORD000896,PRD0106,1,840.97,840.97
HITM0002854,HORD000896,PRD0923,1,1561.37,1561.37
HITM0002855,HORD000897,PRD0096,1,291.41,291.41
HITM0002856,HORD000897,PRD0548,1,448.84,448.84
HITM0002857,HORD000897,PRD0117,2,1668.5,3337.0
HITM0002858,HORD000897,PRD0829,2,328.42,656.84
HITM0002859,HORD000898,PRD0106,1,840.97,840.97
HITM0002860,HORD000898,PRD0314,1,4090.98,4090.98
HITM0002861,HORD000898,PRD0968,2,861.46,1722.92
HITM0002862,HORD000899,PRD0663,1,1329.29,1329.29
HITM0002863,HORD000900,PRD0192,1,687.57,687.57
HITM0002864,HORD000900,PRD0710,1,161.67,161.67
HITM0002865,HORD000900,PRD0877,2,1849.07,3698.14
HITM0002866,HORD000900,PRD0849,1,115.9,115.9
HITM0002867,HORD000900,PRD0333,1,621.74,621.74
HITM0002868,HORD000901,PRD0946,2,810.85,1621.7
HITM0002869,HORD000901,PRD0200,1,231.67,231.67
HITM0002870,HORD000901,PRD0025,1,404.64,404.64
HITM0002871,HORD000902,PRD0869,2,131.2,262.4
HITM0002872,HORD000902,PRD0545,1,1132.56,1132.56
HITM0002873,HORD000902,PRD0541,1,2989.04,2989.04
HITM0002874,HORD000903,PRD0465,1,778.89,778.89
HITM0002875,HORD000903,PRD0240,1,116.74,116.74
HITM0002876,HORD000904,PRD0857,1,1044.86,1044.86
HITM0002877,HORD000904,PRD0423,1,610.02,610.02
HITM0002878,HORD000904,PRD0103,2,1002.58,2005.16
HITM0002879,HORD000905,PRD0796,1,46.19,46.19
HITM0002880,HORD000905,PRD0355,1,1138.32,1138.32
HITM0002881,HORD000905,PRD0240,1,116.74,116.74
HITM0002882,HORD000905,PRD0860,1,397.97,397.97
HITM0002883,HORD000906,PRD0158,1,224.45,224.45
HITM0002884,HORD000906,PRD0044,1,649.62,649.62
HITM0002885,HORD000906,PRD0932,1,326.42,326.42
HITM0002886,HORD000907,PRD0865,1,1074.97,1074.97
HITM0002887,HORD000907,PRD0510,1,112.56,112.56
HITM0002888,HORD000908,PRD0635,1,576.88,576.88
HITM0002889,HORD000909,PRD0380,1,355.83,355.83
HITM0002890,HORD000909,PRD0049,1,598.46,598.46
HITM0002891,HORD000910,PRD0521,1,2461.03,2461.03
HITM0002892,HORD000910,PRD0166,1,486.74,486.74
HITM0002893,HORD000910,PRD0090,1,136.64,136.64
HITM0002894,HORD000911,PRD0188,1,861.47,861.47
HITM0002895,HORD000911,PRD0791,3,2467.42,7402.26
HITM0002896,HORD000911,PRD0961,1,985.63,985.63
HITM0002897,HORD000912,PRD0631,1,2987.02,2987.02
HITM0002898,HORD000912,PRD0804,2,3159.06,6318.12
HITM0002899,HORD000912,PRD0154,1,2205.21,2205.21
HITM0002900,HORD000913,PRD0351,1,2529.0,2529.0
HITM0002901,HORD000913,PRD0252,2,879.59,1759.18
HITM0002902,HORD000914,PRD0270,1,218.48,218.48
HITM0002903,HORD000914,PRD0321,2,1488.38,2976.76
HITM0002904,HORD000914,PRD0679,2,1399.86,2799.72
HITM0002905,HORD000914,PRD0606,1,49.01,49.01
HITM0002906,HORD000915,PRD0838,1,955.16,955.16
HITM0002907,HORD000915,PRD0745,1,494.7,494.7
HITM0002908,HORD000915,PRD0244,1,807.13,807.13
HITM0002909,HORD000915,PRD0291,1,2155.05,2155.05
HITM0002910,HORD000916,PRD0125,1,108.47,108.47
HITM0002911,HORD000917,PRD0326,1,833.05,833.05
HITM0002912,HORD000917,PRD0520,2,188.8,377.6
HITM0002913,HORD000917,PRD0252,1,879.59,879.59
HITM0002914,HORD000918,PRD0633,1,1341.18,1341.18
HITM0002915,HORD000919,PRD0130,2,183.26,366.52
HITM0002916,HORD000919,PRD0727,1,2045.32,2045.32
HITM0002917,HORD000919,PRD0868,1,594.16,594.16
HITM0002918,HORD000919,PRD0635,2,576.88,1153.76
HITM0002919,HORD000920,PRD0830,1,146.02,146.02
HITM0002920,HORD000920,PRD0847,1,1756.67,1756.67
HITM0002921,HORD000921,PRD0294,1,1563.92,1563.92
HITM0002922,HORD000921,PRD0550,2,229.62,459.24
HITM0002923,HORD000922,PRD0510,1,112.56,112.56
HITM0002924,HORD000922,PRD0629,2,402.79,805.58
HITM0002925,HORD000922,PRD0927,2,138.39,276.78
HITM0002926,HORD000923,PRD0205,2,696.35,1392.7
HITM0002927,HORD000923,PRD0600,2,222.54,445.08
HITM0002928,HORD000924,PRD0815,1,962.19,962.19
HITM0002929,HORD000924,PRD0086,2,92.8,185.6
HITM0002930,HORD000924,PRD0193,1,575.14,575.14
HITM0002931,HORD000924,PRD0795,1,574.53,574.53
HITM0002932,HORD000925,PRD0348,1,857.27,857.27
HITM0002933,HORD000925,PRD0350,1,133.96,133.96
HITM0002934,HORD000925,PRD0727,2,2045.32,4090.64
HITM0002935,HORD000926,PRD0388,1,341.67,341.67
HITM0002936,HORD000926,PRD0165,1,203.41,203.41
HITM0002937,HORD000926,PRD0895,1,567.08,567.08
HITM0002938,HORD000927,PRD0492,1,541.59,541.59
HITM0002939,HORD000927,PRD0919,1,192.13,192.13
HITM0002940,HORD000927,PRD0680,2,103.14,206.28
HITM0002941,HORD000928,PRD0880,2,132.59,265.18
HITM0002942,HORD000928,PRD0095,1,590.13,590.13
HITM0002943,HORD000928,PRD0355,1,1138.32,1138.32
HITM0002944,HORD000928,PRD0519,1,268.64,268.64
HITM0002945,HORD000928,PRD0302,1,462.63,462.63
HITM0002946,HORD000929,PRD0438,1,104.09,104.09
HITM0002947,HORD000929,PRD0792,1,1480.93,1480.93
HITM0002948,HORD000929,PRD0398,1,341.64,341.64
HITM0002949,HORD000929,PRD0771,1,1690.63,1690.63
HITM0002950,HORD000930,PRD0306,1,422.96,422.96
HITM0002951,HORD000930,PRD0663,1,1329.29,1329.29
HITM0002952,HORD000930,PRD0838,1,955.16,955.16
HITM0002953,HORD000930,PRD0815,1,962.19,962.19
HITM0002954,HORD000931,PRD0841,1,1110.67,1110.67
HITM0002955,HORD000931,PRD0070,1,396.61,396.61
HITM0002956,HORD000932,PRD0832,1,1613.0,1613.0
HITM0002957,HORD000932,PRD0734,2,3584.06,7168.12
HITM0002958,HORD000932,PRD0925,2,56.69,113.38
HITM0002959,HORD000932,PRD0515,1,1179.28,1179.28
HITM0002960,HORD000933,PRD0851,1,2627.27,2627.27
HITM0002961,HORD000933,PRD0318,1,971.41,971.41
HITM0002962,HORD000933,PRD0786,1,326.86,326.86
HITM0002963,HORD000933,PRD0306,1,422.96,422.96
HITM0002964,HORD000933,PRD0349,1,469.34,469.34
HITM0002965,HORD000934,PRD0136,2,339.97,679.94
HITM0002966,HORD000934,PRD0900,1,369.61,369.61
HITM0002967,HORD000934,PRD0035,1,1129.26,1129.26
HITM0002968,HORD000935,PRD0816,2,377.97,755.94
HITM0002969,HORD000935,PRD0279,1,1189.02,1189.02
HITM0002970,HORD000935,PRD0868,1,594.16,594.16
HITM0002971,HORD000936,PRD0985,1,77.36,77.36
HITM0002972,HORD000936,PRD0326,2,833.05,1666.1
HITM0002973,HORD000936,PRD0900,1,369.61,369.61
HITM0002974,HORD000937,PRD0434,3,1669.95,5009.85
HITM0002975,HORD000937,PRD0820,1,31.29,31.29
HITM0002976,HORD000937,PRD0529,1,1028.26,1028.26
HITM0002977,HORD000937,PRD0969,2,99.89,199.78
HITM0002978,HORD000938,PRD0404,1,2672.02,2672.02
HITM0002979,HORD000938,PRD0520,1,188.8,188.8
HITM0002980,HORD000938,PRD0490,1,63.94,63.94
HITM0002981,HORD000939,PRD0696,1,119.65,119.65
HITM0002982,HORD000939,PRD0398,1,341.64,341.64
HITM0002983,HORD000940,PRD0962,1,1137.0,1137.0
HITM0002984,HORD000940,PRD0748,1,789.67,789.67
HITM0002985,HORD000940,PRD0185,1,325.14,325.14
HITM0002986,HORD000940,PRD0248,1,207.33,207.33
HITM0002987,HORD000941,PRD0383,1,1183.76,1183.76
HITM0002988,HORD000941,PRD0148,1,1096.52,1096.52
HITM0002989,HORD000941,PRD0257,1,1854.63,1854.63
HITM0002990,HORD000941,PRD0526,1,44.24,44.24
HITM0002991,HORD000941,PRD0319,3,1438.71,4316.13
HITM0002992,HORD000942,PRD0094,2,1868.0,3736.0
HITM0002993,HORD000942,PRD0526,1,44.24,44.24
HITM0002994,HORD000943,PRD0529,1,1028.26,1028.26
HITM0002995,HORD000943,PRD0463,2,564.14,1128.28
HITM0002996,HORD000943,PRD0763,2,950.45,1900.9
HITM0002997,HORD000944,PRD0995,2,258.22,516.44
HITM0002998,HORD000944,PRD0998,2,366.72,733.44
HITM0002999,HORD000944,PRD0189,2,634.68,1269.36
HITM0003000,HORD000944,PRD0590,1,49.98,49.98
HITM0003001,HORD000944,PRD0912,1,1391.06,1391.06
HITM0003002,HORD000945,PRD0694,2,1978.51,3957.02
HITM0003003,HORD000945,PRD0282,1,1092.79,1092.79
HITM0003004,HORD000945,PRD0309,1,621.05,621.05
HITM0003005,HORD000946,PRD0292,1,643.6,643.6
HITM0003006,HORD000946,PRD0237,1,983.57,983.57
HITM0003007,HORD000947,PRD0569,1,1425.79,1425.79
HITM0003008,HORD000948,PRD0345,1,752.34,752.34
HITM0003009,HORD000948,PRD0611,2,1417.98,2835.96
HITM0003010,HORD000948,PRD0368,1,759.57,759.57
HITM0003011,HORD000949,PRD0828,1,146.02,146.02
HITM0003012,HORD000949,PRD0405,2,1063.36,2126.72
HITM0003013,HORD000949,PRD0243,1,854.67,854.67
HITM0003014,HORD000949,PRD0180,1,356.72,356.72
HITM0003015,HORD000949,PRD0902,1,565.32,565.32
HITM0003016,HORD000950,PRD0320,1,227.72,227.72
HITM0003017,HORD000950,PRD0113,1,756.1,756.1
HITM0003018,HORD000951,PRD0045,2,306.29,612.58
HITM0003019,HORD000951,PRD0168,1,451.79,451.79
HITM0003020,HORD000951,PRD0933,1,1243.12,1243.12
HITM0003021,HORD000952,PRD0075,2,360.03,720.06
HITM0003022,HORD000952,PRD0793,1,760.3,760.3
HITM0003023,HORD000952,PRD0378,1,271.63,271.63
HITM0003024,HORD000953,PRD0008,2,205.21,410.42
HITM0003025,HORD000953,PRD0565,1,515.91,515.91
HITM0003026,HORD000953,PRD0942,1,437.56,437.56
HITM0003027,HORD000953,PRD0498,2,309.85,619.7
HITM0003028,HORD000953,PRD0926,2,455.41,910.82
HITM0003029,HORD000954,PRD0746,1,187.06,187.06
HITM0003030,HORD000954,PRD0506,1,187.88,187.88
HITM0003031,HORD000954,PRD0289,1,1205.3,1205.3
HITM0003032,HORD000955,PRD0149,1,1414.32,1414.32
HITM0003033,HORD000955,PRD0833,2,1417.93,2835.86
HITM0003034,HORD000955,PRD0653,1,514.7,514.7
HITM0003035,HORD000955,PRD0410,1,142.89,142.89
HITM0003036,HORD000955,PRD0824,1,1647.74,1647.74
HITM0003037,HORD000956,PRD0825,1,841.2,841.2
HITM0003038,HORD000956,PRD0841,2,1110.67,2221.34
HITM0003039,HORD000956,PRD0229,1,1192.23,1192.23
HITM0003040,HORD000956,PRD0927,1,138.39,138.39
HITM0003041,HORD000957,PRD0305,3,346.95,1040.85
HITM0003042,HORD000957,PRD0345,2,752.34,1504.68
HITM0003043,HORD000957,PRD0291,1,2155.05,2155.05
HITM0003044,HORD000957,PRD0324,1,2874.92,2874.92
HITM0003045,HORD000957,PRD0349,1,469.34,469.34
HITM0003046,HORD000958,PRD0194,1,3007.67,3007.67
HITM0003047,HORD000958,PRD0210,1,371.54,371.54
HITM0003048,HORD000958,PRD0137,1,125.48,125.48
HITM0003049,HORD000958,PRD0517,3,2094.09,6282.27
HITM0003050,HORD000959,PRD0056,1,437.03,437.03
HITM0003051,HORD000959,PRD0820,2,31.29,62.58
HITM0003052,HORD000959,PRD0270,3,218.48,655.44
HITM0003053,HORD000959,PRD0489,1,376.72,376.72
HITM0003054,HORD000959,PRD0718,2,543.69,1087.38
HITM0003055,HORD000960,PRD0447,2,961.68,1923.36
HITM0003056,HORD000960,PRD0287,1,2154.08,2154.08
HITM0003057,HORD000960,PRD0839,1,1337.75,1337.75
HITM0003058,HORD000961,PRD0648,1,389.72,389.72
HITM0003059,HORD000961,PRD0660,3,89.27,267.81
HITM0003060,HORD000961,PRD0557,1,2192.99,2192.99
HITM0003061,HORD000961,PRD0586,1,751.47,751.47
HITM0003062,HORD000962,PRD0060,1,207.18,207.18
HITM0003063,HORD000962,PRD0200,1,231.67,231.67
HITM0003064,HORD000962,PRD0815,1,962.19,962.19
HITM0003065,HORD000962,PRD0879,1,1459.82,1459.82
HITM0003066,HORD000963,PRD0547,1,394.5,394.5
HITM0003067,HORD000963,PRD0151,2,2468.6,4937.2
HITM0003068,HORD000963,PRD0127,1,1131.95,1131.95
HITM0003069,HORD000964,PRD0084,2,1248.72,2497.44
HITM0003070,HORD000964,PRD0409,2,165.4,330.8
HITM0003071,HORD000964,PRD0857,1,1044.86,1044.86
HITM0003072,HORD000965,PRD0432,2,1637.76,3275.52
HITM0003073,HORD000965,PRD0366,2,428.57,857.14
HITM0003074,HORD000965,PRD0251,1,1871.06,1871.06
HITM0003075,HORD000965,PRD0204,1,1670.01,1670.01
HITM0003076,HORD000966,PRD0785,1,739.95,739.95
HITM0003077,HORD000966,PRD0079,2,1132.99,2265.98
HITM0003078,HORD000967,PRD0708,1,1093.2,1093.2
HITM0003079,HORD000967,PRD0260,1,86.88,86.88
HITM0003080,HORD000967,PRD0698,1,981.72,981.72
HITM0003081,HORD000967,PRD0315,1,58.99,58.99
HITM0003082,HORD000968,PRD0974,2,1232.06,2464.12
HITM0003083,HORD000968,PRD0010,1,39.45,39.45
HITM0003084,HORD000968,PRD0911,1,1191.91,1191.91
HITM0003085,HORD000968,PRD0165,1,203.41,203.41
HITM0003086,HORD000968,PRD0045,1,306.29,306.29
HITM0003087,HORD000969,PRD0237,2,983.57,1967.14
HITM0003088,HORD000969,PRD0137,1,125.48,125.48
HITM0003089,HORD000969,PRD0625,1,122.46,122.46
HITM0003090,HORD000969,PRD0883,1,1201.31,1201.31
HITM0003091,HORD000969,PRD0131,1,2191.15,2191.15
HITM0003092,HORD000970,PRD0133,2,334.91,669.82
HITM0003093,HORD000970,PRD0605,2,964.1,1928.2
HITM0003094,HORD000970,PRD0119,3,756.54,2269.62
HITM0003095,HORD000970,PRD0949,1,589.87,589.87
HITM0003096,HORD000970,PRD0094,1,1868.0,1868.0
HITM0003097,HORD000971,PRD0476,1,658.84,658.84
HITM0003098,HORD000971,PRD0245,1,595.29,595.29
HITM0003099,HORD000971,PRD0980,1,398.63,398.63
HITM0003100,HORD000971,PRD0334,3,2353.86,7061.58
HITM0003101,HORD000972,PRD0139,1,1069.24,1069.24
HITM0003102,HORD000972,PRD0190,1,34.34,34.34
HITM0003103,HORD000972,PRD0295,1,607.48,607.48
HITM0003104,HORD000973,PRD0790,1,55.39,55.39
HITM0003105,HORD000973,PRD0665,1,191.97,191.97
HITM0003106,HORD000973,PRD0697,2,1305.19,2610.38
HITM0003107,HORD000974,PRD0873,3,1172.09,3516.27
HITM0003108,HORD000974,PRD0671,1,926.06,926.06
HITM0003109,HORD000974,PRD0467,1,590.42,590.42
HITM0003110,HORD000974,PRD0356,1,246.85,246.85
HITM0003111,HORD000975,PRD0850,1,37.87,37.87
HITM0003112,HORD000975,PRD0094,1,1868.0,1868.0
HITM0003113,HORD000975,PRD0630,2,270.86,541.72
HITM0003114,HORD000976,PRD0638,1,675.35,675.35
HITM0003115,HORD000977,PRD0237,2,983.57,1967.14
HITM0003116,HORD000977,PRD0177,1,535.99,535.99
HITM0003117,HORD000977,PRD0297,1,902.79,902.79
HITM0003118,HORD000977,PRD0715,2,809.62,1619.24
HITM0003119,HORD000978,PRD0790,1,55.39,55.39
HITM0003120,HORD000978,PRD0969,1,99.89,99.89
HITM0003121,HORD000978,PRD0478,1,917.54,917.54
HITM0003122,HORD000978,PRD0803,2,671.68,1343.36
HITM0003123,HORD000979,PRD0975,1,723.09,723.09
HITM0003124,HORD000979,PRD0821,1,979.52,979.52
HITM0003125,HORD000980,PRD0009,3,354.96,1064.88
HITM0003126,HORD000980,PRD0836,1,610.89,610.89
HITM0003127,HORD000980,PRD0985,1,77.36,77.36
HITM0003128,HORD000980,PRD0400,2,411.31,822.62
HITM0003129,HORD000981,PRD0933,1,1243.12,1243.12
HITM0003130,HORD000981,PRD0811,3,3124.99,9374.97
HITM0003131,HORD000982,PRD0076,1,232.75,232.75
HITM0003132,HORD000982,PRD0819,1,269.55,269.55
HITM0003133,HORD000982,PRD0108,1,997.65,997.65
HITM0003134,HORD000982,PRD0503,1,896.74,896.74
HITM0003135,HORD000983,PRD0585,1,101.78,101.78
HITM0003136,HORD000983,PRD0540,1,301.77,301.77
HITM0003137,HORD000984,PRD0853,1,1167.89,1167.89
HITM0003138,HORD000984,PRD0598,2,522.01,1044.02
HITM0003139,HORD000984,PRD0742,1,1054.62,1054.62
HITM0003140,HORD000985,PRD0692,1,1665.58,1665.58
HITM0003141,HORD000985,PRD0056,1,437.03,437.03
HITM0003142,HORD000986,PRD0705,2,387.12,774.24
HITM0003143,HORD000986,PRD0580,2,218.53,437.06
HITM0003144,HORD000986,PRD0714,1,3727.82,3727.82
HITM0003145,HORD000986,PRD0376,1,811.77,811.77
HITM0003146,HORD000987,PRD0311,1,1786.27,1786.27
HITM0003147,HORD000987,PRD0873,1,1172.09,1172.09
HITM0003148,HORD000987,PRD0456,1,117.59,117.59
HITM0003149,HORD000988,PRD0566,2,306.33,612.66
HITM0003150,HORD000988,PRD0413,1,486.14,486.14
HITM0003151,HORD000989,PRD0610,1,167.07,167.07
HITM0003152,HORD000989,PRD0521,1,2461.03,2461.03
HITM0003153,HORD000989,PRD0546,1,361.61,361.61
HITM0003154,HORD000989,PRD0946,1,810.85,810.85
HITM0003155,HORD000989,PRD0839,1,1337.75,1337.75
HITM0003156,HORD000990,PRD0302,1,462.63,462.63
HITM0003157,HORD000990,PRD0155,1,673.32,673.32
HITM0003158,HORD000990,PRD0450,2,56.05,112.1
HITM0003159,HORD000991,PRD0238,1,1033.13,1033.13
HITM0003160,HORD000992,PRD0933,1,1243.12,1243.12
HITM0003161,HORD000992,PRD0949,1,589.87,589.87
HITM0003162,HORD000992,PRD0222,1,1185.98,1185.98
HITM0003163,HORD000992,PRD0386,1,567.42,567.42
HITM0003164,HORD000993,PRD0236,2,313.33,626.66
HITM0003165,HORD000994,PRD0010,1,39.45,39.45
HITM0003166,HORD000994,PRD0762,1,848.37,848.37
HITM0003167,HORD000995,PRD0260,1,86.88,86.88
HITM0003168,HORD000995,PRD0873,1,1172.09,1172.09
HITM0003169,HORD000995,PRD0850,2,37.87,75.74
HITM0003170,HORD000996,PRD0384,1,1325.18,1325.18
HITM0003171,HORD000996,PRD0977,1,327.77,327.77
HITM0003172,HORD000997,PRD0070,1,396.61,396.61
HITM0003173,HORD000997,PRD0680,1,103.14,103.14
HITM0003174,HORD000998,PRD0035,1,1129.26,1129.26
HITM0003175,HORD000998,PRD0258,1,816.42,816.42
HITM0003176,HORD000998,PRD0076,2,232.75,465.5
HITM0003177,HORD000999,PRD0026,1,122.12,122.12
HITM0003178,HORD000999,PRD0643,1,530.41,530.41
HITM0003179,HORD000999,PRD0288,1,151.78,151.78
HITM0003180,HORD001000,PRD0204,1,1670.01,1670.01
HITM0003181,HORD001000,PRD0901,1,1749.28,1749.28
HITM0003182,HORD001001,PRD0787,2,1650.81,3301.62
HITM0003183,HORD001001,PRD0794,1,4029.39,4029.39
HITM0003184,HORD001001,PRD0666,2,688.32,1376.64
HITM0003185,HORD001002,PRD0250,1,329.47,329.47
HITM0003186,HORD001002,PRD0854,1,651.27,651.27
HITM0003187,HORD001002,PRD0018,1,921.55,921.55
HITM0003188,HORD001002,PRD0584,2,3190.99,6381.98
HITM0003189,HORD001003,PRD0696,1,119.65,119.65
HITM0003190,HORD001003,PRD0191,1,1064.69,1064.69
HITM0003191,HORD001003,PRD0506,1,187.88,187.88
HITM0003192,HORD001003,PRD0494,2,2689.23,5378.46
HITM0003193,HORD001004,PRD0201,1,1626.1,1626.1
HITM0003194,HORD001005,PRD0614,1,2452.5,2452.5
HITM0003195,HORD001005,PRD0819,1,269.55,269.55
HITM0003196,HORD001006,PRD0643,1,530.41,530.41
HITM0003197,HORD001006,PRD0489,1,376.72,376.72
HITM0003198,HORD001007,PRD0474,1,480.29,480.29
HITM0003199,HORD001007,PRD0529,1,1028.26,1028.26
HITM0003200,HORD001008,PRD0264,1,2624.21,2624.21
HITM0003201,HORD001008,PRD0935,1,617.88,617.88
HITM0003202,HORD001008,PRD0115,1,671.68,671.68
HITM0003203,HORD001008,PRD0808,2,69.84,139.68
HITM0003204,HORD001009,PRD0958,1,733.5,733.5
HITM0003205,HORD001010,PRD0243,1,854.67,854.67
HITM0003206,HORD001011,PRD0892,3,375.64,1126.92
HITM0003207,HORD001011,PRD0135,1,715.95,715.95
HITM0003208,HORD001011,PRD0739,1,784.83,784.83
HITM0003209,HORD001011,PRD0025,1,404.64,404.64
HITM0003210,HORD001011,PRD0061,1,2127.06,2127.06
HITM0003211,HORD001012,PRD0510,1,112.56,112.56
HITM0003212,HORD001012,PRD0614,2,2452.5,4905.0
HITM0003213,HORD001013,PRD0836,1,610.89,610.89
HITM0003214,HORD001013,PRD0123,1,1257.07,1257.07
HITM0003215,HORD001014,PRD0144,1,816.73,816.73
HITM0003216,HORD001014,PRD0488,1,780.13,780.13
HITM0003217,HORD001015,PRD0592,2,448.87,897.74
HITM0003218,HORD001016,PRD0531,1,2992.62,2992.62
HITM0003219,HORD001016,PRD0348,1,857.27,857.27
HITM0003220,HORD001016,PRD0858,2,363.41,726.82
HITM0003221,HORD001017,PRD0203,1,489.43,489.43
HITM0003222,HORD001017,PRD0534,2,458.42,916.84
HITM0003223,HORD001017,PRD0112,1,1578.75,1578.75
HITM0003224,HORD001017,PRD0886,2,389.53,779.06
HITM0003225,HORD001017,PRD0592,1,448.87,448.87
HITM0003226,HORD001018,PRD0850,1,37.87,37.87
HITM0003227,HORD001018,PRD0117,1,1668.5,1668.5
HITM0003228,HORD001018,PRD0836,1,610.89,610.89
HITM0003229,HORD001019,PRD0175,1,340.25,340.25
HITM0003230,HORD001019,PRD0653,1,514.7,514.7
HITM0003231,HORD001019,PRD0485,3,939.87,2819.61
HITM0003232,HORD001020,PRD0366,2,428.57,857.14
HITM0003233,HORD001020,PRD0100,1,328.27,328.27
HITM0003234,HORD001020,PRD0446,2,172.12,344.24
HITM0003235,HORD001021,PRD0274,1,416.56,416.56
HITM0003236,HORD001021,PRD0467,2,590.42,1180.84
HITM0003237,HORD001021,PRD0415,1,191.7,191.7
HITM0003238,HORD001022,PRD0526,2,44.24,88.48
HITM0003239,HORD001022,PRD0963,1,648.79,648.79
HITM0003240,HORD001022,PRD0566,1,306.33,306.33
HITM0003241,HORD001022,PRD0195,1,951.68,951.68
HITM0003242,HORD001023,PRD0523,1,1405.5,1405.5
HITM0003243,HORD001023,PRD0210,1,371.54,371.54
HITM0003244,HORD001024,PRD0140,3,347.21,1041.63
HITM0003245,HORD001025,PRD0189,1,634.68,634.68
HITM0003246,HORD001025,PRD0656,3,300.51,901.53
HITM0003247,HORD001026,PRD0288,1,151.78,151.78
HITM0003248,HORD001026,PRD0578,1,383.34,383.34
HITM0003249,HORD001027,PRD0808,1,69.84,69.84
HITM0003250,HORD001027,PRD0089,1,561.13,561.13
HITM0003251,HORD001028,PRD0928,2,834.91,1669.82
HITM0003252,HORD001029,PRD0118,1,156.33,156.33
HITM0003253,HORD001029,PRD0706,2,377.51,755.02
HITM0003254,HORD001030,PRD0088,1,141.39,141.39
HITM0003255,HORD001030,PRD0280,1,84.08,84.08
HITM0003256,HORD001030,PRD0067,1,2053.61,2053.61
HITM0003257,HORD001030,PRD0147,1,1910.7,1910.7
HITM0003258,HORD001031,PRD0214,1,1445.79,1445.79
HITM0003259,HORD001031,PRD0445,1,589.84,589.84
HITM0003260,HORD001032,PRD0757,1,915.35,915.35
HITM0003261,HORD001032,PRD0362,1,1598.01,1598.01
HITM0003262,HORD001033,PRD0581,2,2366.29,4732.58
HITM0003263,HORD001033,PRD0154,2,2205.21,4410.42
HITM0003264,HORD001033,PRD0209,1,327.08,327.08
HITM0003265,HORD001033,PRD0578,1,383.34,383.34
HITM0003266,HORD001033,PRD0267,1,2030.91,2030.91
HITM0003267,HORD001034,PRD0500,2,162.81,325.62
HITM0003268,HORD001034,PRD0210,1,371.54,371.54
HITM0003269,HORD001035,PRD0265,1,542.34,542.34
HITM0003270,HORD001035,PRD0126,1,499.59,499.59
HITM0003271,HORD001036,PRD0696,1,119.65,119.65
HITM0003272,HORD001037,PRD0003,1,342.16,342.16
HITM0003273,HORD001037,PRD0633,1,1341.18,1341.18
HITM0003274,HORD001037,PRD0948,1,454.84,454.84
HITM0003275,HORD001037,PRD0462,1,1180.47,1180.47
HITM0003276,HORD001037,PRD0293,1,644.4,644.4
HITM0003277,HORD001038,PRD0524,1,782.83,782.83
HITM0003278,HORD001038,PRD0326,1,833.05,833.05
HITM0003279,HORD001038,PRD0377,2,1501.75,3003.5
HITM0003280,HORD001038,PRD0948,3,454.84,1364.52
HITM0003281,HORD001039,PRD0806,1,499.24,499.24
HITM0003282,HORD001039,PRD0363,1,489.25,489.25
HITM0003283,HORD001039,PRD0813,1,1117.42,1117.42
HITM0003284,HORD001039,PRD0697,1,1305.19,1305.19
HITM0003285,HORD001040,PRD0575,2,996.56,1993.12
HITM0003286,HORD001040,PRD0784,1,385.51,385.51
HITM0003287,HORD001040,PRD0201,1,1626.1,1626.1
HITM0003288,HORD001040,PRD0247,1,1546.72,1546.72
HITM0003289,HORD001041,PRD0609,1,83.83,83.83
HITM0003290,HORD001042,PRD0956,1,726.92,726.92
HITM0003291,HORD001042,PRD0567,2,1572.22,3144.44
HITM0003292,HORD001042,PRD0022,1,778.88,778.88
HITM0003293,HORD001042,PRD0814,1,849.01,849.01
HITM0003294,HORD001043,PRD0932,1,326.42,326.42
HITM0003295,HORD001043,PRD0490,1,63.94,63.94
HITM0003296,HORD001043,PRD0765,1,724.29,724.29
HITM0003297,HORD001043,PRD0080,1,122.76,122.76
HITM0003298,HORD001044,PRD0098,1,1046.87,1046.87
HITM0003299,HORD001045,PRD0720,3,416.7,1250.1
HITM0003300,HORD001045,PRD0191,1,1064.69,1064.69
HITM0003301,HORD001045,PRD0107,1,559.52,559.52
HITM0003302,HORD001046,PRD0580,1,218.53,218.53
HITM0003303,HORD001046,PRD0963,2,648.79,1297.58
HITM0003304,HORD001046,PRD0415,1,191.7,191.7
HITM0003305,HORD001046,PRD0010,1,39.45,39.45
HITM0003306,HORD001047,PRD0921,2,3109.79,6219.58
HITM0003307,HORD001047,PRD0064,2,3952.78,7905.56
HITM0003308,HORD001047,PRD0076,1,232.75,232.75
HITM0003309,HORD001048,PRD0585,1,101.78,101.78
HITM0003310,HORD001048,PRD0810,1,393.15,393.15
HITM0003311,HORD001048,PRD0459,3,461.78,1385.34
HITM0003312,HORD001048,PRD0952,1,1636.67,1636.67
HITM0003313,HORD001049,PRD0826,2,89.12,178.24
HITM0003314,HORD001049,PRD0940,3,227.03,681.09
HITM0003315,HORD001050,PRD0554,1,611.35,611.35
HITM0003316,HORD001050,PRD0988,1,721.76,721.76
HITM0003317,HORD001050,PRD0374,1,759.14,759.14
HITM0003318,HORD001050,PRD0707,1,1217.98,1217.98
HITM0003319,HORD001051,PRD0191,1,1064.69,1064.69
HITM0003320,HORD001051,PRD0235,2,248.42,496.84
HITM0003321,HORD001051,PRD0776,1,294.42,294.42
HITM0003322,HORD001052,PRD0960,1,321.52,321.52
HITM0003323,HORD001052,PRD0165,1,203.41,203.41
HITM0003324,HORD001052,PRD0060,1,207.18,207.18
HITM0003325,HORD001053,PRD0131,3,2191.15,6573.45
HITM0003326,HORD001053,PRD0560,1,258.29,258.29
HITM0003327,HORD001054,PRD0848,1,870.59,870.59
HITM0003328,HORD001054,PRD0819,1,269.55,269.55
HITM0003329,HORD001054,PRD0490,1,63.94,63.94
HITM0003330,HORD001055,PRD0555,1,955.38,955.38
HITM0003331,HORD001055,PRD0687,1,1174.99,1174.99
HITM0003332,HORD001055,PRD0813,2,1117.42,2234.84
HITM0003333,HORD001055,PRD0979,2,1067.2,2134.4
HITM0003334,HORD001056,PRD0496,1,519.08,519.08
HITM0003335,HORD001056,PRD0677,1,1000.46,1000.46
HITM0003336,HORD001056,PRD0769,1,798.58,798.58
HITM0003337,HORD001057,PRD0507,1,135.21,135.21
HITM0003338,HORD001058,PRD0864,1,631.67,631.67
HITM0003339,HORD001058,PRD0619,2,238.4,476.8
HITM0003340,HORD001058,PRD0363,1,489.25,489.25
HITM0003341,HORD001059,PRD0357,2,1006.85,2013.7
HITM0003342,HORD001059,PRD0661,1,1942.53,1942.53
HITM0003343,HORD001059,PRD0290,1,53.02,53.02
HITM0003344,HORD001059,PRD0875,2,73.21,146.42
HITM0003345,HORD001060,PRD0996,2,440.1,880.2
HITM0003346,HORD001060,PRD0872,1,588.52,588.52
HITM0003347,HORD001061,PRD0985,1,77.36,77.36
HITM0003348,HORD001061,PRD0169,1,445.45,445.45
HITM0003349,HORD001062,PRD0624,1,2196.66,2196.66
HITM0003350,HORD001062,PRD0273,1,409.71,409.71
HITM0003351,HORD001062,PRD0378,1,271.63,271.63
HITM0003352,HORD001062,PRD0993,2,750.11,1500.22
HITM0003353,HORD001063,PRD0068,1,327.08,327.08
HITM0003354,HORD001063,PRD0126,1,499.59,499.59
HITM0003355,HORD001063,PRD0129,1,584.17,584.17
HITM0003356,HORD001064,PRD0230,1,34.01,34.01
HITM0003357,HORD001064,PRD0346,2,519.06,1038.12
HITM0003358,HORD001064,PRD0574,3,1085.51,3256.53
HITM0003359,HORD001065,PRD0190,1,34.34,34.34
HITM0003360,HORD001065,PRD0133,2,334.91,669.82
HITM0003361,HORD001066,PRD0331,2,2135.57,4271.14
HITM0003362,HORD001066,PRD0838,3,955.16,2865.48
HITM0003363,HORD001067,PRD0278,1,83.35,83.35
HITM0003364,HORD001067,PRD0028,1,160.23,160.23
HITM0003365,HORD001067,PRD0321,1,1488.38,1488.38
HITM0003366,HORD001068,PRD0742,1,1054.62,1054.62
HITM0003367,HORD001068,PRD0945,1,693.93,693.93
HITM0003368,HORD001068,PRD0456,1,117.59,117.59
HITM0003369,HORD001068,PRD0168,1,451.79,451.79
HITM0003370,HORD001069,PRD0880,1,132.59,132.59
HITM0003371,HORD001069,PRD0848,2,870.59,1741.18
HITM0003372,HORD001069,PRD0755,1,229.0,229.0
HITM0003373,HORD001069,PRD0473,1,370.27,370.27
HITM0003374,HORD001070,PRD0173,1,270.07,270.07
HITM0003375,HORD001070,PRD0213,1,1247.62,1247.62
HITM0003376,HORD001070,PRD0672,1,629.2,629.2
HITM0003377,HORD001071,PRD0383,1,1183.76,1183.76
HITM0003378,HORD001071,PRD0008,1,205.21,205.21
HITM0003379,HORD001071,PRD0020,1,148.97,148.97
HITM0003380,HORD001071,PRD0240,2,116.74,233.48
HITM0003381,HORD001072,PRD0482,1,1837.21,1837.21
HITM0003382,HORD001072,PRD0125,1,108.47,108.47
HITM0003383,HORD001072,PRD0960,1,321.52,321.52
HITM0003384,HORD001073,PRD0762,1,848.37,848.37
HITM0003385,HORD001073,PRD0879,1,1459.82,1459.82
HITM0003386,HORD001073,PRD0769,1,798.58,798.58
HITM0003387,HORD001074,PRD0331,1,2135.57,2135.57
HITM0003388,HORD001074,PRD0620,1,339.14,339.14
HITM0003389,HORD001074,PRD0996,1,440.1,440.1
HITM0003390,HORD001075,PRD0297,1,902.79,902.79
HITM0003391,HORD001075,PRD0910,1,28.09,28.09
HITM0003392,HORD001075,PRD0790,1,55.39,55.39
HITM0003393,HORD001076,PRD0983,3,863.49,2590.47
HITM0003394,HORD001076,PRD0578,1,383.34,383.34
HITM0003395,HORD001076,PRD0030,1,239.93,239.93
HITM0003396,HORD001077,PRD0356,1,246.85,246.85
HITM0003397,HORD001077,PRD0760,1,187.91,187.91
HITM0003398,HORD001077,PRD0273,3,409.71,1229.13
HITM0003399,HORD001077,PRD0732,1,1068.78,1068.78
HITM0003400,HORD001077,PRD0002,1,1052.85,1052.85
HITM0003401,HORD001078,PRD0559,1,109.7,109.7
HITM0003402,HORD001078,PRD0769,2,798.58,1597.16
HITM0003403,HORD001078,PRD0259,1,1267.87,1267.87
HITM0003404,HORD001079,PRD0505,1,1028.22,1028.22
HITM0003405,HORD001079,PRD0881,1,1385.81,1385.81
HITM0003406,HORD001079,PRD0495,1,692.95,692.95
HITM0003407,HORD001079,PRD0909,1,346.13,346.13
HITM0003408,HORD001080,PRD0182,2,986.88,1973.76
HITM0003409,HORD001080,PRD0929,1,131.55,131.55
HITM0003410,HORD001080,PRD0204,1,1670.01,1670.01
HITM0003411,HORD001080,PRD0105,1,385.04,385.04
HITM0003412,HORD001080,PRD0820,1,31.29,31.29
HITM0003413,HORD001081,PRD0410,1,142.89,142.89
HITM0003414,HORD001081,PRD0808,1,69.84,69.84
HITM0003415,HORD001081,PRD0300,1,243.64,243.64
HITM0003416,HORD001081,PRD0858,1,363.41,363.41
HITM0003417,HORD001082,PRD0950,1,238.05,238.05
HITM0003418,HORD001082,PRD0159,1,897.22,897.22
HITM0003419,HORD001082,PRD0746,1,187.06,187.06
HITM0003420,HORD001082,PRD0469,2,274.61,549.22
HITM0003421,HORD001083,PRD0139,1,1069.24,1069.24
HITM0003422,HORD001083,PRD0661,1,1942.53,1942.53
HITM0003423,HORD001083,PRD0786,2,326.86,653.72
HITM0003424,HORD001084,PRD0621,3,1360.63,4081.89
HITM0003425,HORD001084,PRD0525,1,135.44,135.44
HITM0003426,HORD001084,PRD0698,2,981.72,1963.44
HITM0003427,HORD001084,PRD0019,1,353.47,353.47
HITM0003428,HORD001085,PRD0585,1,101.78,101.78
HITM0003429,HORD001085,PRD0225,1,1003.93,1003.93
HITM0003430,HORD001086,PRD0343,1,1288.78,1288.78
HITM0003431,HORD001086,PRD0491,2,2056.04,4112.08
HITM0003432,HORD001086,PRD0051,1,1390.84,1390.84
HITM0003433,HORD001086,PRD0855,1,204.55,204.55
HITM0003434,HORD001087,PRD0115,2,671.68,1343.36
HITM0003435,HORD001087,PRD0963,1,648.79,648.79
HITM0003436,HORD001087,PRD0476,1,658.84,658.84
HITM0003437,HORD001088,PRD0068,1,327.08,327.08
HITM0003438,HORD001088,PRD0051,1,1390.84,1390.84
HITM0003439,HORD001089,PRD0998,1,366.72,366.72
HITM0003440,HORD001089,PRD0206,1,190.8,190.8
HITM0003441,HORD001089,PRD0209,1,327.08,327.08
HITM0003442,HORD001089,PRD0692,1,1665.58,1665.58
HITM0003443,HORD001090,PRD0115,1,671.68,671.68
HITM0003444,HORD001091,PRD0920,1,123.07,123.07
HITM0003445,HORD001091,PRD0391,1,1836.29,1836.29
HITM0003446,HORD001091,PRD0775,3,668.73,2006.19
HITM0003447,HORD001091,PRD0337,2,408.39,816.78
HITM0003448,HORD001092,PRD0517,1,2094.09,2094.09
HITM0003449,HORD001092,PRD0889,1,518.76,518.76
HITM0003450,HORD001092,PRD0711,2,1902.91,3805.82
HITM0003451,HORD001092,PRD0961,1,985.63,985.63
HITM0003452,HORD001092,PRD0538,2,748.35,1496.7
HITM0003453,HORD001093,PRD0753,2,372.43,744.86
HITM0003454,HORD001093,PRD0815,1,962.19,962.19
HITM0003455,HORD001093,PRD0530,1,220.26,220.26
HITM0003456,HORD001093,PRD0078,1,451.23,451.23
HITM0003457,HORD001094,PRD0746,1,187.06,187.06
HITM0003458,HORD001094,PRD0639,3,1114.83,3344.49
HITM0003459,HORD001094,PRD0347,2,1531.55,3063.1
HITM0003460,HORD001094,PRD0402,1,782.5,782.5
HITM0003461,HORD001095,PRD0091,1,1158.82,1158.82
HITM0003462,HORD001095,PRD0464,1,2149.57,2149.57
HITM0003463,HORD001095,PRD0037,1,873.28,873.28
HITM0003464,HORD001095,PRD0156,1,115.73,115.73
HITM0003465,HORD001096,PRD0484,1,3736.5,3736.5
HITM0003466,HORD001096,PRD0374,1,759.14,759.14
HITM0003467,HORD001097,PRD0966,1,706.39,706.39
HITM0003468,HORD001097,PRD0417,1,1221.03,1221.03
HITM0003469,HORD001097,PRD0009,1,354.96,354.96
HITM0003470,HORD001098,PRD0021,3,1350.17,4050.51
HITM0003471,HORD001098,PRD0826,1,89.12,89.12
HITM0003472,HORD001099,PRD0323,2,1563.09,3126.18
HITM0003473,HORD001099,PRD0418,1,860.3,860.3
HITM0003474,HORD001099,PRD0087,1,2521.54,2521.54
HITM0003475,HORD001099,PRD0405,3,1063.36,3190.08
HITM0003476,HORD001099,PRD0724,1,2896.31,2896.31
HITM0003477,HORD001100,PRD0568,2,299.47,598.94
HITM0003478,HORD001101,PRD0319,1,1438.71,1438.71
HITM0003479,HORD001101,PRD0768,1,73.54,73.54
HITM0003480,HORD001101,PRD0416,1,236.82,236.82
HITM0003481,HORD001101,PRD0084,1,1248.72,1248.72
HITM0003482,HORD001102,PRD0485,2,939.87,1879.74
HITM0003483,HORD001103,PRD0270,1,218.48,218.48
HITM0003484,HORD001103,PRD0325,1,607.53,607.53
HITM0003485,HORD001103,PRD0932,2,326.42,652.84
HITM0003486,HORD001104,PRD0154,1,2205.21,2205.21
HITM0003487,HORD001104,PRD0905,1,470.11,470.11
HITM0003488,HORD001104,PRD0473,2,370.27,740.54
HITM0003489,HORD001105,PRD0746,1,187.06,187.06
HITM0003490,HORD001105,PRD0973,1,573.55,573.55
HITM0003491,HORD001105,PRD0036,2,226.94,453.88
HITM0003492,HORD001105,PRD0100,2,328.27,656.54
HITM0003493,HORD001106,PRD0068,1,327.08,327.08
HITM0003494,HORD001106,PRD0836,1,610.89,610.89
HITM0003495,HORD001106,PRD0010,2,39.45,78.9
HITM0003496,HORD001107,PRD0981,1,2778.15,2778.15
HITM0003497,HORD001107,PRD0046,1,192.34,192.34
HITM0003498,HORD001107,PRD0606,1,49.01,49.01
HITM0003499,HORD001107,PRD0249,1,1215.99,1215.99
HITM0003500,HORD001107,PRD0738,1,520.03,520.03
HITM0003501,HORD001108,PRD0308,1,524.45,524.45
HITM0003502,HORD001108,PRD0827,2,1653.52,3307.04
HITM0003503,HORD001108,PRD0986,1,419.88,419.88
HITM0003504,HORD001109,PRD0540,3,301.77,905.31
HITM0003505,HORD001109,PRD0258,1,816.42,816.42
HITM0003506,HORD001109,PRD0249,1,1215.99,1215.99
HITM0003507,HORD001109,PRD0655,1,424.11,424.11
HITM0003508,HORD001109,PRD0520,2,188.8,377.6
HITM0003509,HORD001110,PRD0500,2,162.81,325.62
HITM0003510,HORD001110,PRD0366,1,428.57,428.57
HITM0003511,HORD001110,PRD0726,1,256.01,256.01
HITM0003512,HORD001111,PRD0391,2,1836.29,3672.58
HITM0003513,HORD001111,PRD0020,2,148.97,297.94
HITM0003514,HORD001111,PRD0560,2,258.29,516.58
HITM0003515,HORD001112,PRD0210,1,371.54,371.54
HITM0003516,HORD001112,PRD0272,1,839.78,839.78
HITM0003517,HORD001112,PRD0608,1,313.58,313.58
HITM0003518,HORD001112,PRD0831,1,1878.68,1878.68
HITM0003519,HORD001113,PRD0877,2,1849.07,3698.14
HITM0003520,HORD001113,PRD0961,1,985.63,985.63
HITM0003521,HORD001113,PRD0260,1,86.88,86.88
HITM0003522,HORD001113,PRD0298,1,580.86,580.86
HITM0003523,HORD001113,PRD0929,1,131.55,131.55
HITM0003524,HORD001114,PRD0197,2,847.92,1695.84
HITM0003525,HORD001114,PRD0812,1,1404.46,1404.46
HITM0003526,HORD001115,PRD0436,1,112.2,112.2
HITM0003527,HORD001115,PRD0188,3,861.47,2584.41
HITM0003528,HORD001116,PRD0509,1,400.59,400.59
HITM0003529,HORD001116,PRD0790,1,55.39,55.39
HITM0003530,HORD001117,PRD0067,2,2053.61,4107.22
HITM0003531,HORD001117,PRD0511,1,1297.34,1297.34
HITM0003532,HORD001117,PRD0069,1,398.01,398.01
HITM0003533,HORD001118,PRD0849,1,115.9,115.9
HITM0003534,HORD001118,PRD0774,2,1734.69,3469.38
HITM0003535,HORD001118,PRD0455,1,243.16,243.16
HITM0003536,HORD001119,PRD0544,1,650.3,650.3
HITM0003537,HORD001119,PRD0649,2,985.02,1970.04
HITM0003538,HORD001119,PRD0210,1,371.54,371.54
HITM0003539,HORD001120,PRD0634,1,3567.92,3567.92
HITM0003540,HORD001120,PRD0872,1,588.52,588.52
HITM0003541,HORD001120,PRD0648,1,389.72,389.72
HITM0003542,HORD001120,PRD0990,1,373.88,373.88
HITM0003543,HORD001121,PRD0985,1,77.36,77.36
HITM0003544,HORD001121,PRD0147,1,1910.7,1910.7
HITM0003545,HORD001121,PRD0490,1,63.94,63.94
HITM0003546,HORD001122,PRD0301,1,2638.87,2638.87
HITM0003547,HORD001122,PRD0077,1,604.37,604.37
HITM0003548,HORD001122,PRD0130,1,183.26,183.26
HITM0003549,HORD001123,PRD0250,1,329.47,329.47
HITM0003550,HORD001123,PRD0542,1,1733.18,1733.18
HITM0003551,HORD001123,PRD0469,2,274.61,549.22
HITM0003552,HORD001124,PRD0700,3,206.13,618.39
HITM0003553,HORD001124,PRD0330,1,51.67,51.67
HITM0003554,HORD001124,PRD0604,1,2778.09,2778.09
HITM0003555,HORD001125,PRD0678,2,904.89,1809.78
HITM0003556,HORD001125,PRD0106,1,840.97,840.97
HITM0003557,HORD001126,PRD0640,1,23.59,23.59
HITM0003558,HORD001126,PRD0215,1,616.18,616.18
HITM0003559,HORD001126,PRD0385,1,1062.27,1062.27
HITM0003560,HORD001126,PRD0244,1,807.13,807.13
HITM0003561,HORD001127,PRD0520,1,188.8,188.8
HITM0003562,HORD001127,PRD0663,1,1329.29,1329.29
HITM0003563,HORD001127,PRD0567,2,1572.22,3144.44
HITM0003564,HORD001127,PRD0475,1,357.18,357.18
HITM0003565,HORD001128,PRD0105,2,385.04,770.08
HITM0003566,HORD001128,PRD0968,1,861.46,861.46
HITM0003567,HORD001129,PRD0618,1,208.79,208.79
HITM0003568,HORD001129,PRD0024,1,935.75,935.75
HITM0003569,HORD001129,PRD0203,1,489.43,489.43
HITM0003570,HORD001129,PRD0790,1,55.39,55.39
HITM0003571,HORD001130,PRD0350,2,133.96,267.92
HITM0003572,HORD001130,PRD0700,1,206.13,206.13
HITM0003573,HORD001130,PRD0836,1,610.89,610.89
HITM0003574,HORD001130,PRD0468,1,388.69,388.69
HITM0003575,HORD001131,PRD0047,1,663.9,663.9
HITM0003576,HORD001131,PRD0014,1,2897.37,2897.37
HITM0003577,HORD001132,PRD0709,2,1109.44,2218.88
HITM0003578,HORD001132,PRD0463,1,564.14,564.14
HITM0003579,HORD001133,PRD0093,1,401.55,401.55
HITM0003580,HORD001133,PRD0942,1,437.56,437.56
HITM0003581,HORD001133,PRD0946,1,810.85,810.85
HITM0003582,HORD001134,PRD0310,1,161.31,161.31
HITM0003583,HORD001134,PRD0317,1,2197.9,2197.9
HITM0003584,HORD001134,PRD0610,2,167.07,334.14
HITM0003585,HORD001135,PRD0906,2,553.58,1107.16
HITM0003586,HORD001135,PRD0755,1,229.0,229.0
HITM0003587,HORD001135,PRD0850,1,37.87,37.87
HITM0003588,HORD001135,PRD0606,1,49.01,49.01
HITM0003589,HORD001136,PRD0317,1,2197.9,2197.9
HITM0003590,HORD001136,PRD0127,2,1131.95,2263.9
HITM0003591,HORD001136,PRD0655,2,424.11,848.22
HITM0003592,HORD001137,PRD0011,1,2618.24,2618.24
HITM0003593,HORD001137,PRD0244,1,807.13,807.13
HITM0003594,HORD001138,PRD0947,1,934.61,934.61
HITM0003595,HORD001138,PRD0069,1,398.01,398.01
HITM0003596,HORD001138,PRD0257,1,1854.63,1854.63
HITM0003597,HORD001139,PRD0830,1,146.02,146.02
HITM0003598,HORD001139,PRD0173,2,270.07,540.14
HITM0003599,HORD001139,PRD0100,2,328.27,656.54
HITM0003600,HORD001139,PRD0465,2,778.89,1557.78
HITM0003601,HORD001140,PRD0382,1,865.54,865.54
HITM0003602,HORD001140,PRD0171,1,2475.28,2475.28
HITM0003603,HORD001140,PRD0076,1,232.75,232.75
HITM0003604,HORD001141,PRD0408,1,384.62,384.62
HITM0003605,HORD001141,PRD0252,2,879.59,1759.18
HITM0003606,HORD001141,PRD0158,1,224.45,224.45
HITM0003607,HORD001141,PRD0110,1,197.81,197.81
HITM0003608,HORD001141,PRD0610,1,167.07,167.07
HITM0003609,HORD001142,PRD0929,1,131.55,131.55
HITM0003610,HORD001142,PRD0297,1,902.79,902.79
HITM0003611,HORD001142,PRD0388,1,341.67,341.67
HITM0003612,HORD001143,PRD0203,3,489.43,1468.29
HITM0003613,HORD001143,PRD0011,3,2618.24,7854.72
HITM0003614,HORD001144,PRD0584,1,3190.99,3190.99
HITM0003615,HORD001144,PRD0375,2,404.28,808.56
HITM0003616,HORD001144,PRD0079,1,1132.99,1132.99
HITM0003617,HORD001145,PRD0015,2,624.09,1248.18
HITM0003618,HORD001145,PRD0631,1,2987.02,2987.02
HITM0003619,HORD001145,PRD0415,1,191.7,191.7
HITM0003620,HORD001146,PRD0626,1,139.26,139.26
HITM0003621,HORD001146,PRD0818,1,690.8,690.8
HITM0003622,HORD001146,PRD0411,1,2750.24,2750.24
HITM0003623,HORD001147,PRD0180,1,356.72,356.72
HITM0003624,HORD001147,PRD0763,3,950.45,2851.35
HITM0003625,HORD001147,PRD0736,1,171.3,171.3
HITM0003626,HORD001147,PRD0363,1,489.25,489.25
HITM0003627,HORD001147,PRD0086,1,92.8,92.8
HITM0003628,HORD001148,PRD0125,2,108.47,216.94
HITM0003629,HORD001149,PRD0910,1,28.09,28.09
HITM0003630,HORD001149,PRD0486,1,180.26,180.26
HITM0003631,HORD001150,PRD0806,1,499.24,499.24
HITM0003632,HORD001150,PRD0782,1,492.79,492.79
HITM0003633,HORD001150,PRD0022,1,778.88,778.88
HITM0003634,HORD001150,PRD0826,1,89.12,89.12
HITM0003635,HORD001150,PRD0892,2,375.64,751.28
HITM0003636,HORD001151,PRD0615,1,992.86,992.86
HITM0003637,HORD001151,PRD0520,2,188.8,377.6
HITM0003638,HORD001151,PRD0177,1,535.99,535.99
HITM0003639,HORD001151,PRD0911,2,1191.91,2383.82
HITM0003640,HORD001151,PRD0206,1,190.8,190.8
HITM0003641,HORD001152,PRD0488,1,780.13,780.13
HITM0003642,HORD001152,PRD0267,2,2030.91,4061.82
HITM0003643,HORD001152,PRD0255,1,426.01,426.01
HITM0003644,HORD001153,PRD0410,1,142.89,142.89
HITM0003645,HORD001153,PRD0939,1,522.59,522.59
HITM0003646,HORD001153,PRD0642,1,1152.43,1152.43
HITM0003647,HORD001153,PRD0235,1,248.42,248.42
HITM0003648,HORD001154,PRD0353,1,1290.29,1290.29
HITM0003649,HORD001154,PRD0527,3,2128.95,6386.85
HITM0003650,HORD001154,PRD0241,1,2620.83,2620.83
HITM0003651,HORD001154,PRD0028,1,160.23,160.23
HITM0003652,HORD001155,PRD0867,3,822.76,2468.28
HITM0003653,HORD001155,PRD0346,2,519.06,1038.12
HITM0003654,HORD001155,PRD0480,2,168.51,337.02
HITM0003655,HORD001156,PRD0392,2,1492.32,2984.64
HITM0003656,HORD001156,PRD0891,1,2138.63,2138.63
HITM0003657,HORD001156,PRD0840,1,102.1,102.1
HITM0003658,HORD001157,PRD0366,1,428.57,428.57
HITM0003659,HORD001157,PRD0773,2,310.58,621.16
HITM0003660,HORD001158,PRD0186,1,778.69,778.69
HITM0003661,HORD001158,PRD0578,1,383.34,383.34
HITM0003662,HORD001158,PRD0351,1,2529.0,2529.0
HITM0003663,HORD001159,PRD0722,3,1792.17,5376.51
HITM0003664,HORD001159,PRD0340,2,42.57,85.14
HITM0003665,HORD001160,PRD0040,1,201.64,201.64
HITM0003666,HORD001160,PRD0824,1,1647.74,1647.74
HITM0003667,HORD001160,PRD0402,1,782.5,782.5
HITM0003668,HORD001161,PRD0454,1,1438.89,1438.89
HITM0003669,HORD001161,PRD0502,3,553.17,1659.51
HITM0003670,HORD001161,PRD0806,1,499.24,499.24
HITM0003671,HORD001161,PRD0163,1,1059.22,1059.22
HITM0003672,HORD001162,PRD0791,2,2467.42,4934.84
HITM0003673,HORD001162,PRD0874,1,3409.41,3409.41
HITM0003674,HORD001162,PRD0950,1,238.05,238.05
HITM0003675,HORD001163,PRD0176,2,662.86,1325.72
HITM0003676,HORD001163,PRD0908,1,136.87,136.87
HITM0003677,HORD001163,PRD0734,1,3584.06,3584.06
HITM0003678,HORD001164,PRD0417,1,1221.03,1221.03
HITM0003679,HORD001164,PRD0456,1,117.59,117.59
HITM0003680,HORD001165,PRD0454,1,1438.89,1438.89
HITM0003681,HORD001165,PRD0910,1,28.09,28.09
HITM0003682,HORD001165,PRD0862,1,612.88,612.88
HITM0003683,HORD001165,PRD0646,1,609.53,609.53
HITM0003684,HORD001166,PRD0405,1,1063.36,1063.36
HITM0003685,HORD001166,PRD0653,1,514.7,514.7
HITM0003686,HORD001166,PRD0035,1,1129.26,1129.26
HITM0003687,HORD001166,PRD0215,1,616.18,616.18
HITM0003688,HORD001167,PRD0910,1,28.09,28.09
HITM0003689,HORD001167,PRD0847,1,1756.67,1756.67
HITM0003690,HORD001167,PRD0112,2,1578.75,3157.5
HITM0003691,HORD001167,PRD0206,3,190.8,572.4
HITM0003692,HORD001167,PRD0369,1,446.88,446.88
HITM0003693,HORD001168,PRD0454,1,1438.89,1438.89
HITM0003694,HORD001168,PRD0916,1,784.31,784.31
HITM0003695,HORD001168,PRD0559,1,109.7,109.7
HITM0003696,HORD001169,PRD0476,2,658.84,1317.68
HITM0003697,HORD001169,PRD0914,1,2743.18,2743.18
HITM0003698,HORD001169,PRD0738,1,520.03,520.03
HITM0003699,HORD001169,PRD0787,1,1650.81,1650.81
HITM0003700,HORD001170,PRD0925,1,56.69,56.69
HITM0003701,HORD001170,PRD0433,1,1481.25,1481.25
HITM0003702,HORD001170,PRD0525,2,135.44,270.88
HITM0003703,HORD001171,PRD0846,1,417.95,417.95
HITM0003704,HORD001171,PRD0432,1,1637.76,1637.76
HITM0003705,HORD001172,PRD0266,1,186.6,186.6
HITM0003706,HORD001172,PRD0003,1,342.16,342.16
HITM0003707,HORD001172,PRD0421,1,2974.43,2974.43
HITM0003708,HORD001172,PRD0008,1,205.21,205.21
HITM0003709,HORD001173,PRD0897,1,351.24,351.24
HITM0003710,HORD001174,PRD0789,1,928.44,928.44
HITM0003711,HORD001174,PRD0787,2,1650.81,3301.62
HITM0003712,HORD001174,PRD0107,1,559.52,559.52
HITM0003713,HORD001174,PRD0890,1,176.95,176.95
HITM0003714,HORD001174,PRD0637,2,2457.32,4914.64
HITM0003715,HORD001175,PRD0046,1,192.34,192.34
HITM0003716,HORD001176,PRD0269,1,473.87,473.87
HITM0003717,HORD001176,PRD0770,1,410.85,410.85
HITM0003718,HORD001176,PRD0285,1,437.61,437.61
HITM0003719,HORD001176,PRD0395,1,1111.47,1111.47
HITM0003720,HORD001177,PRD0469,1,274.61,274.61
HITM0003721,HORD001177,PRD0482,1,1837.21,1837.21
HITM0003722,HORD001177,PRD0924,1,508.67,508.67
HITM0003723,HORD001178,PRD0850,1,37.87,37.87
HITM0003724,HORD001179,PRD0719,2,876.46,1752.92
HITM0003725,HORD001179,PRD0613,1,1377.73,1377.73
HITM0003726,HORD001179,PRD0525,1,135.44,135.44
HITM0003727,HORD001179,PRD0485,1,939.87,939.87
HITM0003728,HORD001180,PRD0269,1,473.87,473.87
HITM0003729,HORD001180,PRD0336,2,110.53,221.06
HITM0003730,HORD001180,PRD0323,1,1563.09,1563.09
HITM0003731,HORD001181,PRD0348,1,857.27,857.27
HITM0003732,HORD001182,PRD0335,1,235.04,235.04
HITM0003733,HORD001182,PRD0013,1,1361.97,1361.97
HITM0003734,HORD001182,PRD0218,2,409.55,819.1
HITM0003735,HORD001182,PRD0848,1,870.59,870.59
HITM0003736,HORD001183,PRD0328,1,650.32,650.32
HITM0003737,HORD001183,PRD0170,1,275.39,275.39
HITM0003738,HORD001183,PRD0591,2,2930.44,5860.88
HITM0003739,HORD001184,PRD0832,1,1613.0,1613.0
HITM0003740,HORD001184,PRD0161,1,2870.46,2870.46
HITM0003741,HORD001184,PRD0681,3,1969.92,5909.76
HITM0003742,HORD001184,PRD0628,1,904.82,904.82
HITM0003743,HORD001185,PRD0494,1,2689.23,2689.23
HITM0003744,HORD001185,PRD0585,1,101.78,101.78
HITM0003745,HORD001185,PRD0315,1,58.99,58.99
HITM0003746,HORD001186,PRD0946,1,810.85,810.85
HITM0003747,HORD001186,PRD0643,1,530.41,530.41
HITM0003748,HORD001187,PRD0800,1,168.54,168.54
HITM0003749,HORD001187,PRD0006,1,35.37,35.37
HITM0003750,HORD001188,PRD0173,1,270.07,270.07
HITM0003751,HORD001188,PRD0638,1,675.35,675.35
HITM0003752,HORD001189,PRD0147,1,1910.7,1910.7
HITM0003753,HORD001189,PRD0930,2,298.86,597.72
HITM0003754,HORD001189,PRD0795,1,574.53,574.53
HITM0003755,HORD001190,PRD0830,1,146.02,146.02
HITM0003756,HORD001190,PRD0084,1,1248.72,1248.72
HITM0003757,HORD001190,PRD0756,2,61.89,123.78
HITM0003758,HORD001190,PRD0767,1,380.35,380.35
HITM0003759,HORD001191,PRD0866,1,369.1,369.1
HITM0003760,HORD001191,PRD0885,1,689.39,689.39
HITM0003761,HORD001192,PRD0231,1,2838.84,2838.84
HITM0003762,HORD001192,PRD0550,1,229.62,229.62
HITM0003763,HORD001193,PRD0689,2,277.28,554.56
HITM0003764,HORD001193,PRD0079,1,1132.99,1132.99
HITM0003765,HORD001193,PRD0593,2,416.84,833.68
HITM0003766,HORD001193,PRD0397,1,1704.15,1704.15
HITM0003767,HORD001194,PRD0760,1,187.91,187.91
HITM0003768,HORD001194,PRD0296,1,122.37,122.37
HITM0003769,HORD001195,PRD0354,2,1734.06,3468.12
HITM0003770,HORD001195,PRD0917,1,1133.22,1133.22
HITM0003771,HORD001195,PRD0275,1,394.33,394.33
HITM0003772,HORD001195,PRD0876,1,146.18,146.18
HITM0003773,HORD001196,PRD0201,1,1626.1,1626.1
HITM0003774,HORD001196,PRD0062,2,551.76,1103.52
HITM0003775,HORD001196,PRD0857,1,1044.86,1044.86
HITM0003776,HORD001196,PRD0540,1,301.77,301.77
HITM0003777,HORD001197,PRD0384,1,1325.18,1325.18
HITM0003778,HORD001197,PRD0968,1,861.46,861.46
HITM0003779,HORD001197,PRD0629,1,402.79,402.79
HITM0003780,HORD001198,PRD0016,1,346.08,346.08
HITM0003781,HORD001198,PRD0435,2,676.32,1352.64
HITM0003782,HORD001199,PRD0295,2,607.48,1214.96
HITM0003783,HORD001199,PRD0790,1,55.39,55.39
HITM0003784,HORD001199,PRD0161,1,2870.46,2870.46
HITM0003785,HORD001200,PRD0388,1,341.67,341.67
HITM0003786,HORD001200,PRD0732,1,1068.78,1068.78
HITM0003787,HORD001200,PRD0039,1,735.79,735.79
HITM0003788,HORD001201,PRD0700,1,206.13,206.13
HITM0003789,HORD001201,PRD0416,2,236.82,473.64
HITM0003790,HORD001201,PRD0966,1,706.39,706.39
HITM0003791,HORD001201,PRD0539,2,369.11,738.22
HITM0003792,HORD001201,PRD0774,1,1734.69,1734.69
HITM0003793,HORD001202,PRD0036,1,226.94,226.94
HITM0003794,HORD001202,PRD0086,1,92.8,92.8
HITM0003795,HORD001202,PRD0596,1,497.18,497.18
HITM0003796,HORD001203,PRD0396,1,485.87,485.87
HITM0003797,HORD001203,PRD0420,1,277.28,277.28
HITM0003798,HORD001203,PRD0110,1,197.81,197.81
HITM0003799,HORD001203,PRD0359,1,1203.77,1203.77
HITM0003800,HORD001203,PRD0596,1,497.18,497.18
HITM0003801,HORD001204,PRD0675,1,625.06,625.06
HITM0003802,HORD001204,PRD0970,2,107.81,215.62
HITM0003803,HORD001204,PRD0117,1,1668.5,1668.5
HITM0003804,HORD001204,PRD0302,2,462.63,925.26
HITM0003805,HORD001204,PRD0313,1,1045.09,1045.09
HITM0003806,HORD001205,PRD0686,1,208.32,208.32
HITM0003807,HORD001205,PRD0959,1,182.03,182.03
HITM0003808,HORD001205,PRD0201,1,1626.1,1626.1
HITM0003809,HORD001206,PRD0321,1,1488.38,1488.38
HITM0003810,HORD001206,PRD0310,1,161.31,161.31
HITM0003811,HORD001206,PRD0534,1,458.42,458.42
HITM0003812,HORD001207,PRD0430,1,348.93,348.93
HITM0003813,HORD001207,PRD0559,2,109.7,219.4
HITM0003814,HORD001207,PRD0722,1,1792.17,1792.17
HITM0003815,HORD001207,PRD0773,1,310.58,310.58
HITM0003816,HORD001208,PRD0612,1,1437.47,1437.47
HITM0003817,HORD001208,PRD0736,2,171.3,342.6
HITM0003818,HORD001208,PRD0322,2,1216.91,2433.82
HITM0003819,HORD001208,PRD0565,1,515.91,515.91
HITM0003820,HORD001209,PRD0641,1,2668.96,2668.96
HITM0003821,HORD001209,PRD0648,1,389.72,389.72
HITM0003822,HORD001209,PRD0302,1,462.63,462.63
HITM0003823,HORD001210,PRD0995,1,258.22,258.22
HITM0003824,HORD001210,PRD0549,1,850.69,850.69
HITM0003825,HORD001210,PRD0988,1,721.76,721.76
HITM0003826,HORD001211,PRD0615,1,992.86,992.86
HITM0003827,HORD001211,PRD0330,1,51.67,51.67
HITM0003828,HORD001211,PRD0281,1,3193.12,3193.12
HITM0003829,HORD001211,PRD0983,1,863.49,863.49
HITM0003830,HORD001211,PRD0619,1,238.4,238.4
HITM0003831,HORD001212,PRD0955,2,502.79,1005.58
HITM0003832,HORD001212,PRD0539,3,369.11,1107.33
HITM0003833,HORD001212,PRD0947,1,934.61,934.61
HITM0003834,HORD001212,PRD0315,3,58.99,176.97
HITM0003835,HORD001212,PRD0808,1,69.84,69.84
HITM0003836,HORD001213,PRD0182,1,986.88,986.88
HITM0003837,HORD001213,PRD0884,1,2408.23,2408.23
HITM0003838,HORD001213,PRD0264,1,2624.21,2624.21
HITM0003839,HORD001214,PRD0468,1,388.69,388.69
HITM0003840,HORD001214,PRD0472,2,828.5,1657.0
HITM0003841,HORD001214,PRD0726,1,256.01,256.01
HITM0003842,HORD001215,PRD0757,1,915.35,915.35
HITM0003843,HORD001215,PRD0198,1,737.1,737.1
HITM0003844,HORD001215,PRD0763,1,950.45,950.45
HITM0003845,HORD001215,PRD0485,3,939.87,2819.61
HITM0003846,HORD001216,PRD0555,1,955.38,955.38
HITM0003847,HORD001216,PRD0919,2,192.13,384.26
HITM0003848,HORD001216,PRD0408,3,384.62,1153.86
HITM0003849,HORD001216,PRD0029,2,418.31,836.62
HITM0003850,HORD001216,PRD0494,1,2689.23,2689.23
HITM0003851,HORD001217,PRD0573,2,1394.74,2789.48
HITM0003852,HORD001217,PRD0729,1,1304.27,1304.27
HITM0003853,HORD001217,PRD0707,1,1217.98,1217.98
HITM0003854,HORD001217,PRD0911,3,1191.91,3575.73
HITM0003855,HORD001218,PRD0062,2,551.76,1103.52
HITM0003856,HORD001218,PRD0598,1,522.01,522.01
HITM0003857,HORD001218,PRD0790,1,55.39,55.39
HITM0003858,HORD001218,PRD0709,1,1109.44,1109.44
HITM0003859,HORD001218,PRD0270,3,218.48,655.44
HITM0003860,HORD001219,PRD0821,1,979.52,979.52
HITM0003861,HORD001220,PRD0168,1,451.79,451.79
HITM0003862,HORD001220,PRD0534,1,458.42,458.42
HITM0003863,HORD001220,PRD0460,1,289.71,289.71
HITM0003864,HORD001220,PRD0492,1,541.59,541.59
HITM0003865,HORD001221,PRD0467,1,590.42,590.42
HITM0003866,HORD001222,PRD0898,1,197.48,197.48
HITM0003867,HORD001222,PRD0774,1,1734.69,1734.69
HITM0003868,HORD001223,PRD0781,2,2713.32,5426.64
HITM0003869,HORD001223,PRD0646,1,609.53,609.53
HITM0003870,HORD001224,PRD0185,1,325.14,325.14
HITM0003871,HORD001224,PRD0782,1,492.79,492.79
HITM0003872,HORD001224,PRD0761,2,2430.17,4860.34
HITM0003873,HORD001225,PRD0540,1,301.77,301.77
HITM0003874,HORD001225,PRD0418,3,860.3,2580.9
HITM0003875,HORD001226,PRD0647,1,754.04,754.04
HITM0003876,HORD001226,PRD0160,1,21.4,21.4
HITM0003877,HORD001227,PRD0356,1,246.85,246.85
HITM0003878,HORD001227,PRD0156,1,115.73,115.73
HITM0003879,HORD001227,PRD0230,2,34.01,68.02
HITM0003880,HORD001228,PRD0080,1,122.76,122.76
HITM0003881,HORD001228,PRD0511,1,1297.34,1297.34
HITM0003882,HORD001229,PRD0333,1,621.74,621.74
HITM0003883,HORD001229,PRD0726,1,256.01,256.01
HITM0003884,HORD001229,PRD0290,2,53.02,106.04
HITM0003885,HORD001230,PRD0580,1,218.53,218.53
HITM0003886,HORD001230,PRD0110,1,197.81,197.81
HITM0003887,HORD001231,PRD0838,2,955.16,1910.32
HITM0003888,HORD001232,PRD0873,1,1172.09,1172.09
HITM0003889,HORD001232,PRD0598,1,522.01,522.01
HITM0003890,HORD001232,PRD0026,1,122.12,122.12
HITM0003891,HORD001233,PRD0687,3,1174.99,3524.97
HITM0003892,HORD001233,PRD0079,1,1132.99,1132.99
HITM0003893,HORD001233,PRD0103,1,1002.58,1002.58
HITM0003894,HORD001233,PRD0512,1,1262.67,1262.67
HITM0003895,HORD001233,PRD0244,1,807.13,807.13
HITM0003896,HORD001234,PRD0396,2,485.87,971.74
HITM0003897,HORD001235,PRD0640,1,23.59,23.59
HITM0003898,HORD001235,PRD0242,1,1531.86,1531.86
HITM0003899,HORD001235,PRD0227,1,922.85,922.85
HITM0003900,HORD001236,PRD0273,2,409.71,819.42
HITM0003901,HORD001236,PRD0447,1,961.68,961.68
HITM0003902,HORD001237,PRD0826,1,89.12,89.12
HITM0003903,HORD001237,PRD0236,1,313.33,313.33
HITM0003904,HORD001237,PRD0246,2,758.55,1517.1
HITM0003905,HORD001237,PRD0189,1,634.68,634.68
HITM0003906,HORD001237,PRD0046,1,192.34,192.34
HITM0003907,HORD001238,PRD0191,2,1064.69,2129.38
HITM0003908,HORD001238,PRD0512,1,1262.67,1262.67
HITM0003909,HORD001238,PRD0655,1,424.11,424.11
HITM0003910,HORD001238,PRD0268,1,226.89,226.89
HITM0003911,HORD001238,PRD0748,1,789.67,789.67
HITM0003912,HORD001239,PRD0185,1,325.14,325.14
HITM0003913,HORD001239,PRD0730,1,388.14,388.14
HITM0003914,HORD001239,PRD0227,1,922.85,922.85
HITM0003915,HORD001239,PRD0090,2,136.64,273.28
HITM0003916,HORD001239,PRD0955,1,502.79,502.79
HITM0003917,HORD001240,PRD0296,1,122.37,122.37
HITM0003918,HORD001240,PRD0281,1,3193.12,3193.12
HITM0003919,HORD001241,PRD0455,1,243.16,243.16
HITM0003920,HORD001241,PRD0081,1,1855.65,1855.65
HITM0003921,HORD001241,PRD0590,1,49.98,49.98
HITM0003922,HORD001242,PRD0849,2,115.9,231.8
HITM0003923,HORD001242,PRD0683,1,571.77,571.77
HITM0003924,HORD001242,PRD0642,2,1152.43,2304.86
HITM0003925,HORD001243,PRD0509,1,400.59,400.59
HITM0003926,HORD001243,PRD0235,2,248.42,496.84
HITM0003927,HORD001243,PRD0352,1,393.98,393.98
HITM0003928,HORD001243,PRD0034,1,3278.22,3278.22
HITM0003929,HORD001244,PRD0761,1,2430.17,2430.17
HITM0003930,HORD001244,PRD0886,1,389.53,389.53
HITM0003931,HORD001244,PRD0502,1,553.17,553.17
HITM0003932,HORD001244,PRD0449,1,792.41,792.41
HITM0003933,HORD001245,PRD0463,1,564.14,564.14
HITM0003934,HORD001245,PRD0100,1,328.27,328.27
HITM0003935,HORD001245,PRD0970,3,107.81,323.43
HITM0003936,HORD001245,PRD0737,1,2577.23,2577.23
HITM0003937,HORD001245,PRD0842,1,1294.03,1294.03
HITM0003938,HORD001246,PRD0762,1,848.37,848.37
HITM0003939,HORD001247,PRD0728,1,122.0,122.0
HITM0003940,HORD001247,PRD0116,1,328.2,328.2
HITM0003941,HORD001247,PRD0023,1,268.14,268.14
HITM0003942,HORD001247,PRD0275,1,394.33,394.33
HITM0003943,HORD001248,PRD0436,1,112.2,112.2
HITM0003944,HORD001248,PRD0469,1,274.61,274.61
HITM0003945,HORD001248,PRD0776,1,294.42,294.42
HITM0003946,HORD001248,PRD0651,3,1981.28,5943.84
HITM0003947,HORD001248,PRD0371,1,2576.15,2576.15
HITM0003948,HORD001249,PRD0306,2,422.96,845.92
HITM0003949,HORD001249,PRD0131,1,2191.15,2191.15
HITM0003950,HORD001249,PRD0355,1,1138.32,1138.32
HITM0003951,HORD001249,PRD0214,1,1445.79,1445.79
HITM0003952,HORD001250,PRD0415,1,191.7,191.7
HITM0003953,HORD001250,PRD0790,2,55.39,110.78
HITM0003954,HORD001251,PRD0589,1,824.97,824.97
HITM0003955,HORD001252,PRD0740,1,150.48,150.48
HITM0003956,HORD001252,PRD0388,1,341.67,341.67
HITM0003957,HORD001252,PRD0542,1,1733.18,1733.18
HITM0003958,HORD001252,PRD0645,1,1142.68,1142.68
HITM0003959,HORD001253,PRD0057,1,2445.72,2445.72
HITM0003960,HORD001253,PRD0703,1,716.42,716.42
HITM0003961,HORD001253,PRD0489,1,376.72,376.72
HITM0003962,HORD001253,PRD0733,3,1110.2,3330.6
HITM0003963,HORD001253,PRD0255,1,426.01,426.01
HITM0003964,HORD001254,PRD0499,2,779.63,1559.26
HITM0003965,HORD001254,PRD0958,1,733.5,733.5
HITM0003966,HORD001254,PRD0965,1,1000.42,1000.42
HITM0003967,HORD001255,PRD0020,1,148.97,148.97
HITM0003968,HORD001255,PRD0766,1,420.5,420.5
HITM0003969,HORD001255,PRD0382,1,865.54,865.54
HITM0003970,HORD001256,PRD0251,2,1871.06,3742.12
HITM0003971,HORD001256,PRD0933,2,1243.12,2486.24
HITM0003972,HORD001256,PRD0503,1,896.74,896.74
HITM0003973,HORD001256,PRD0520,1,188.8,188.8
HITM0003974,HORD001257,PRD0017,1,1435.41,1435.41
HITM0003975,HORD001257,PRD0596,1,497.18,497.18
HITM0003976,HORD001257,PRD0474,1,480.29,480.29
HITM0003977,HORD001257,PRD0670,1,137.8,137.8
HITM0003978,HORD001258,PRD0911,1,1191.91,1191.91
HITM0003979,HORD001258,PRD0446,1,172.12,172.12
HITM0003980,HORD001258,PRD0568,1,299.47,299.47
HITM0003981,HORD001258,PRD0658,1,665.45,665.45
HITM0003982,HORD001259,PRD0230,2,34.01,68.02
HITM0003983,HORD001259,PRD0469,1,274.61,274.61
HITM0003984,HORD001259,PRD0306,1,422.96,422.96
HITM0003985,HORD001259,PRD0473,1,370.27,370.27
HITM0003986,HORD001260,PRD0686,2,208.32,416.64
HITM0003987,HORD001260,PRD0230,1,34.01,34.01
HITM0003988,HORD001260,PRD0159,1,897.22,897.22
HITM0003989,HORD001261,PRD0205,1,696.35,696.35
HITM0003990,HORD001261,PRD0660,1,89.27,89.27
HITM0003991,HORD001261,PRD0824,1,1647.74,1647.74
HITM0003992,HORD001261,PRD0230,1,34.01,34.01
HITM0003993,HORD001262,PRD0275,1,394.33,394.33
HITM0003994,HORD001262,PRD0204,1,1670.01,1670.01
HITM0003995,HORD001262,PRD0888,1,734.2,734.2
HITM0003996,HORD001262,PRD0485,1,939.87,939.87
HITM0003997,HORD001263,PRD0260,1,86.88,86.88
HITM0003998,HORD001263,PRD0416,1,236.82,236.82
HITM0003999,HORD001263,PRD0036,1,226.94,226.94
HITM0004000,HORD001264,PRD0353,1,1290.29,1290.29
HITM0004001,HORD001264,PRD0935,1,617.88,617.88
HITM0004002,HORD001264,PRD0866,2,369.1,738.2
HITM0004003,HORD001265,PRD0832,1,1613.0,1613.0
HITM0004004,HORD001265,PRD0075,1,360.03,360.03
HITM0004005,HORD001265,PRD0973,1,573.55,573.55
HITM0004006,HORD001265,PRD0950,1,238.05,238.05
HITM0004007,HORD001266,PRD0193,1,575.14,575.14
HITM0004008,HORD001266,PRD0317,2,2197.9,4395.8
HITM0004009,HORD001266,PRD0202,2,1558.53,3117.06
HITM0004010,HORD001266,PRD0615,1,992.86,992.86
HITM0004011,HORD001266,PRD0281,1,3193.12,3193.12
HITM0004012,HORD001267,PRD0529,1,1028.26,1028.26
HITM0004013,HORD001267,PRD0656,3,300.51,901.53
HITM0004014,HORD001267,PRD0902,1,565.32,565.32
HITM0004015,HORD001267,PRD0003,1,342.16,342.16
HITM0004016,HORD001268,PRD0277,1,1516.37,1516.37
HITM0004017,HORD001268,PRD0517,1,2094.09,2094.09
HITM0004018,HORD001268,PRD0921,2,3109.79,6219.58
HITM0004019,HORD001269,PRD0022,2,778.88,1557.76
HITM0004020,HORD001269,PRD0432,1,1637.76,1637.76
HITM0004021,HORD001270,PRD0580,2,218.53,437.06
HITM0004022,HORD001270,PRD0941,1,2159.7,2159.7
HITM0004023,HORD001270,PRD0089,1,561.13,561.13
HITM0004024,HORD001270,PRD0955,1,502.79,502.79
HITM0004025,HORD001270,PRD0542,1,1733.18,1733.18
HITM0004026,HORD001271,PRD0836,1,610.89,610.89
HITM0004027,HORD001271,PRD0983,2,863.49,1726.98
HITM0004028,HORD001271,PRD0349,1,469.34,469.34
HITM0004029,HORD001271,PRD0767,1,380.35,380.35
HITM0004030,HORD001271,PRD0959,1,182.03,182.03
HITM0004031,HORD001272,PRD0148,2,1096.52,2193.04
HITM0004032,HORD001272,PRD0040,1,201.64,201.64
HITM0004033,HORD001272,PRD0250,1,329.47,329.47
HITM0004034,HORD001273,PRD0833,2,1417.93,2835.86
HITM0004035,HORD001273,PRD0231,2,2838.84,5677.68
HITM0004036,HORD001273,PRD0169,1,445.45,445.45
HITM0004037,HORD001273,PRD0396,3,485.87,1457.61
HITM0004038,HORD001273,PRD0998,1,366.72,366.72
HITM0004039,HORD001274,PRD0497,1,1779.73,1779.73
HITM0004040,HORD001274,PRD0598,2,522.01,1044.02
HITM0004041,HORD001274,PRD0406,1,184.6,184.6
HITM0004042,HORD001274,PRD0640,1,23.59,23.59
HITM0004043,HORD001275,PRD0806,1,499.24,499.24
HITM0004044,HORD001275,PRD0866,2,369.1,738.2
HITM0004045,HORD001275,PRD0628,2,904.82,1809.64
HITM0004046,HORD001276,PRD0183,1,667.61,667.61
HITM0004047,HORD001276,PRD0937,1,435.56,435.56
HITM0004048,HORD001277,PRD0819,2,269.55,539.1
HITM0004049,HORD001277,PRD0129,1,584.17,584.17
HITM0004050,HORD001277,PRD0046,1,192.34,192.34
HITM0004051,HORD001277,PRD0800,1,168.54,168.54
HITM0004052,HORD001277,PRD0093,2,401.55,803.1
HITM0004053,HORD001278,PRD0638,1,675.35,675.35
HITM0004054,HORD001278,PRD0571,3,2499.58,7498.74
HITM0004055,HORD001279,PRD0137,2,125.48,250.96
HITM0004056,HORD001279,PRD0860,1,397.97,397.97
HITM0004057,HORD001279,PRD0630,1,270.86,270.86
HITM0004058,HORD001280,PRD0081,1,1855.65,1855.65
HITM0004059,HORD001280,PRD0619,3,238.4,715.2
HITM0004060,HORD001280,PRD0306,1,422.96,422.96
HITM0004061,HORD001281,PRD0778,1,1004.54,1004.54
HITM0004062,HORD001281,PRD0210,1,371.54,371.54
HITM0004063,HORD001281,PRD0591,1,2930.44,2930.44
HITM0004064,HORD001281,PRD0289,1,1205.3,1205.3
HITM0004065,HORD001281,PRD0230,1,34.01,34.01
HITM0004066,HORD001282,PRD0008,1,205.21,205.21
HITM0004067,HORD001282,PRD0340,1,42.57,42.57
HITM0004068,HORD001282,PRD0204,1,1670.01,1670.01
HITM0004069,HORD001282,PRD0003,2,342.16,684.32
HITM0004070,HORD001282,PRD0434,1,1669.95,1669.95
HITM0004071,HORD001283,PRD0222,1,1185.98,1185.98
HITM0004072,HORD001283,PRD0728,1,122.0,122.0
HITM0004073,HORD001284,PRD0040,1,201.64,201.64
HITM0004074,HORD001284,PRD0520,1,188.8,188.8
HITM0004075,HORD001285,PRD0724,2,2896.31,5792.62
HITM0004076,HORD001285,PRD0672,2,629.2,1258.4
HITM0004077,HORD001285,PRD0786,1,326.86,326.86
HITM0004078,HORD001286,PRD0159,2,897.22,1794.44
HITM0004079,HORD001286,PRD0771,1,1690.63,1690.63
HITM0004080,HORD001286,PRD0875,1,73.21,73.21
HITM0004081,HORD001287,PRD0475,2,357.18,714.36
HITM0004082,HORD001287,PRD0808,3,69.84,209.52
HITM0004083,HORD001287,PRD0723,1,867.11,867.11
HITM0004084,HORD001288,PRD0552,1,470.47,470.47
HITM0004085,HORD001288,PRD0869,1,131.2,131.2
HITM0004086,HORD001288,PRD0549,1,850.69,850.69
HITM0004087,HORD001289,PRD0251,1,1871.06,1871.06
HITM0004088,HORD001289,PRD0995,1,258.22,258.22
HITM0004089,HORD001290,PRD0796,1,46.19,46.19
HITM0004090,HORD001290,PRD0347,1,1531.55,1531.55
HITM0004091,HORD001291,PRD0631,2,2987.02,5974.04
HITM0004092,HORD001291,PRD0138,2,99.85,199.7
HITM0004093,HORD001291,PRD0638,1,675.35,675.35
HITM0004094,HORD001292,PRD0820,1,31.29,31.29
HITM0004095,HORD001292,PRD0939,1,522.59,522.59
HITM0004096,HORD001292,PRD0398,1,341.64,341.64
HITM0004097,HORD001292,PRD0936,2,279.68,559.36
HITM0004098,HORD001293,PRD0236,1,313.33,313.33
HITM0004099,HORD001293,PRD0519,1,268.64,268.64
HITM0004100,HORD001293,PRD0019,1,353.47,353.47
HITM0004101,HORD001293,PRD0696,2,119.65,239.3
HITM0004102,HORD001294,PRD0970,1,107.81,107.81
HITM0004103,HORD001294,PRD0619,1,238.4,238.4
HITM0004104,HORD001294,PRD0302,3,462.63,1387.89
HITM0004105,HORD001294,PRD0950,1,238.05,238.05
HITM0004106,HORD001295,PRD0539,1,369.11,369.11
HITM0004107,HORD001295,PRD0374,1,759.14,759.14
HITM0004108,HORD001296,PRD0574,1,1085.51,1085.51
HITM0004109,HORD001296,PRD0768,1,73.54,73.54
HITM0004110,HORD001296,PRD0098,1,1046.87,1046.87
HITM0004111,HORD001296,PRD0819,2,269.55,539.1
HITM0004112,HORD001297,PRD0796,1,46.19,46.19
HITM0004113,HORD001298,PRD0886,3,389.53,1168.59
HITM0004114,HORD001298,PRD0004,2,3297.7,6595.4
HITM0004115,HORD001298,PRD0999,1,892.27,892.27
HITM0004116,HORD001299,PRD0045,2,306.29,612.58
HITM0004117,HORD001299,PRD0156,1,115.73,115.73
HITM0004118,HORD001299,PRD0797,1,936.62,936.62
HITM0004119,HORD001299,PRD0022,1,778.88,778.88
HITM0004120,HORD001299,PRD0433,1,1481.25,1481.25
HITM0004121,HORD001300,PRD0649,2,985.02,1970.04
HITM0004122,HORD001300,PRD0355,2,1138.32,2276.64
HITM0004123,HORD001300,PRD0988,1,721.76,721.76
HITM0004124,HORD001300,PRD0948,2,454.84,909.68
HITM0004125,HORD001301,PRD0448,1,1005.39,1005.39
HITM0004126,HORD001301,PRD0455,1,243.16,243.16
HITM0004127,HORD001302,PRD0164,3,3982.07,11946.21
HITM0004128,HORD001302,PRD0077,2,604.37,1208.74
HITM0004129,HORD001302,PRD0960,1,321.52,321.52
HITM0004130,HORD001303,PRD0291,1,2155.05,2155.05
HITM0004131,HORD001303,PRD0320,1,227.72,227.72
HITM0004132,HORD001303,PRD0137,2,125.48,250.96
HITM0004133,HORD001304,PRD0168,1,451.79,451.79
HITM0004134,HORD001304,PRD0193,1,575.14,575.14
HITM0004135,HORD001304,PRD0794,1,4029.39,4029.39
HITM0004136,HORD001304,PRD0320,1,227.72,227.72
HITM0004137,HORD001305,PRD0058,1,913.94,913.94
HITM0004138,HORD001305,PRD0191,2,1064.69,2129.38
HITM0004139,HORD001305,PRD0478,1,917.54,917.54
HITM0004140,HORD001305,PRD0371,1,2576.15,2576.15
HITM0004141,HORD001306,PRD0207,1,1636.46,1636.46
HITM0004142,HORD001306,PRD0992,1,1098.67,1098.67
HITM0004143,HORD001306,PRD0502,2,553.17,1106.34
HITM0004144,HORD001307,PRD0237,1,983.57,983.57
HITM0004145,HORD001307,PRD0940,1,227.03,227.03
HITM0004146,HORD001307,PRD0594,1,3438.81,3438.81
HITM0004147,HORD001307,PRD0631,2,2987.02,5974.04
HITM0004148,HORD001308,PRD0468,1,388.69,388.69
HITM0004149,HORD001308,PRD0130,1,183.26,183.26
HITM0004150,HORD001309,PRD0568,1,299.47,299.47
HITM0004151,HORD001309,PRD0351,1,2529.0,2529.0
HITM0004152,HORD001309,PRD0536,1,53.59,53.59
HITM0004153,HORD001310,PRD0174,1,733.71,733.71
HITM0004154,HORD001310,PRD0686,1,208.32,208.32
HITM0004155,HORD001311,PRD0490,3,63.94,191.82
HITM0004156,HORD001311,PRD0402,1,782.5,782.5
HITM0004157,HORD001311,PRD0015,1,624.09,624.09
HITM0004158,HORD001311,PRD0055,1,371.08,371.08
HITM0004159,HORD001312,PRD0061,1,2127.06,2127.06
HITM0004160,HORD001312,PRD0715,1,809.62,809.62
HITM0004161,HORD001312,PRD0007,1,1146.82,1146.82
HITM0004162,HORD001312,PRD0303,1,858.46,858.46
HITM0004163,HORD001312,PRD0928,1,834.91,834.91
HITM0004164,HORD001313,PRD0169,1,445.45,445.45
HITM0004165,HORD001313,PRD0616,1,819.39,819.39
HITM0004166,HORD001313,PRD0203,1,489.43,489.43
HITM0004167,HORD001314,PRD0737,1,2577.23,2577.23
HITM0004168,HORD001314,PRD0160,2,21.4,42.8
HITM0004169,HORD001315,PRD0481,1,1805.28,1805.28
HITM0004170,HORD001315,PRD0308,1,524.45,524.45
HITM0004171,HORD001315,PRD0425,1,845.25,845.25
HITM0004172,HORD001316,PRD0977,1,327.77,327.77
HITM0004173,HORD001316,PRD0683,1,571.77,571.77
HITM0004174,HORD001316,PRD0941,1,2159.7,2159.7
HITM0004175,HORD001316,PRD0239,2,984.36,1968.72
HITM0004176,HORD001317,PRD0680,1,103.14,103.14
HITM0004177,HORD001317,PRD0985,1,77.36,77.36
HITM0004178,HORD001318,PRD0192,1,687.57,687.57
HITM0004179,HORD001318,PRD0606,1,49.01,49.01
HITM0004180,HORD001319,PRD0449,2,792.41,1584.82
HITM0004181,HORD001319,PRD0123,1,1257.07,1257.07
HITM0004182,HORD001319,PRD0108,1,997.65,997.65
HITM0004183,HORD001319,PRD0908,1,136.87,136.87
HITM0004184,HORD001319,PRD0048,1,490.15,490.15
HITM0004185,HORD001320,PRD0696,1,119.65,119.65
HITM0004186,HORD001320,PRD0045,1,306.29,306.29
HITM0004187,HORD001320,PRD0070,1,396.61,396.61
HITM0004188,HORD001320,PRD0896,1,507.02,507.02
HITM0004189,HORD001321,PRD0745,1,494.7,494.7
HITM0004190,HORD001321,PRD0968,1,861.46,861.46
HITM0004191,HORD001321,PRD0004,1,3297.7,3297.7
HITM0004192,HORD001322,PRD0560,1,258.29,258.29
HITM0004193,HORD001322,PRD0207,1,1636.46,1636.46
HITM0004194,HORD001322,PRD0589,2,824.97,1649.94
HITM0004195,HORD001322,PRD0296,1,122.37,122.37
HITM0004196,HORD001323,PRD0039,2,735.79,1471.58
HITM0004197,HORD001323,PRD0126,1,499.59,499.59
HITM0004198,HORD001323,PRD0609,1,83.83,83.83
HITM0004199,HORD001324,PRD0207,1,1636.46,1636.46
HITM0004200,HORD001324,PRD0720,1,416.7,416.7
HITM0004201,HORD001324,PRD0690,2,296.31,592.62
HITM0004202,HORD001325,PRD0044,1,649.62,649.62
HITM0004203,HORD001325,PRD0473,1,370.27,370.27
HITM0004204,HORD001325,PRD0450,1,56.05,56.05
HITM0004205,HORD001326,PRD0736,1,171.3,171.3
HITM0004206,HORD001326,PRD0287,2,2154.08,4308.16
HITM0004207,HORD001326,PRD0126,1,499.59,499.59
HITM0004208,HORD001327,PRD0848,1,870.59,870.59
HITM0004209,HORD001327,PRD0477,1,654.36,654.36
HITM0004210,HORD001327,PRD0982,2,1474.96,2949.92
HITM0004211,HORD001328,PRD0123,1,1257.07,1257.07
HITM0004212,HORD001328,PRD0848,1,870.59,870.59
HITM0004213,HORD001328,PRD0662,1,477.61,477.61
HITM0004214,HORD001328,PRD0409,3,165.4,496.2
HITM0004215,HORD001329,PRD0566,2,306.33,612.66
HITM0004216,HORD001329,PRD0727,1,2045.32,2045.32
HITM0004217,HORD001330,PRD0449,2,792.41,1584.82
HITM0004218,HORD001330,PRD0003,1,342.16,342.16
HITM0004219,HORD001331,PRD0415,1,191.7,191.7
HITM0004220,HORD001331,PRD0409,1,165.4,165.4
HITM0004221,HORD001331,PRD0460,2,289.71,579.42
HITM0004222,HORD001332,PRD0655,1,424.11,424.11
HITM0004223,HORD001332,PRD0687,1,1174.99,1174.99
HITM0004224,HORD001332,PRD0236,1,313.33,313.33
HITM0004225,HORD001332,PRD0344,1,2946.2,2946.2
HITM0004226,HORD001332,PRD0274,1,416.56,416.56
HITM0004227,HORD001333,PRD0367,1,1222.73,1222.73
HITM0004228,HORD001333,PRD0950,2,238.05,476.1
HITM0004229,HORD001333,PRD0305,1,346.95,346.95
HITM0004230,HORD001333,PRD0932,1,326.42,326.42
HITM0004231,HORD001333,PRD0332,1,449.5,449.5
HITM0004232,HORD001334,PRD0705,1,387.12,387.12
HITM0004233,HORD001334,PRD0146,1,212.69,212.69
HITM0004234,HORD001334,PRD0116,1,328.2,328.2
HITM0004235,HORD001335,PRD0629,1,402.79,402.79
HITM0004236,HORD001335,PRD0632,1,1640.52,1640.52
HITM0004237,HORD001336,PRD0696,1,119.65,119.65
HITM0004238,HORD001336,PRD0362,1,1598.01,1598.01
HITM0004239,HORD001337,PRD0472,1,828.5,828.5
HITM0004240,HORD001337,PRD0922,1,693.11,693.11
HITM0004241,HORD001338,PRD0525,2,135.44,270.88
HITM0004242,HORD001338,PRD0843,1,1524.85,1524.85
HITM0004243,HORD001339,PRD0403,1,1295.0,1295.0
HITM0004244,HORD001339,PRD0765,1,724.29,724.29
HITM0004245,HORD001340,PRD0449,1,792.41,792.41
HITM0004246,HORD001340,PRD0690,1,296.31,296.31
HITM0004247,HORD001340,PRD0958,1,733.5,733.5
HITM0004248,HORD001340,PRD0393,1,793.28,793.28
HITM0004249,HORD001341,PRD0864,2,631.67,1263.34
HITM0004250,HORD001342,PRD0262,2,893.46,1786.92
HITM0004251,HORD001342,PRD0589,1,824.97,824.97
HITM0004252,HORD001342,PRD0840,1,102.1,102.1
HITM0004253,HORD001342,PRD0252,3,879.59,2638.77
HITM0004254,HORD001343,PRD0620,1,339.14,339.14
HITM0004255,HORD001343,PRD0982,1,1474.96,1474.96
HITM0004256,HORD001343,PRD0336,1,110.53,110.53
HITM0004257,HORD001343,PRD0820,1,31.29,31.29
HITM0004258,HORD001343,PRD0090,2,136.64,273.28
HITM0004259,HORD001344,PRD0122,1,1579.58,1579.58
HITM0004260,HORD001344,PRD0420,2,277.28,554.56
HITM0004261,HORD001344,PRD0516,1,742.63,742.63
HITM0004262,HORD001344,PRD0465,1,778.89,778.89
HITM0004263,HORD001345,PRD0747,1,2580.17,2580.17
HITM0004264,HORD001346,PRD0980,1,398.63,398.63
HITM0004265,HORD001346,PRD0168,1,451.79,451.79
HITM0004266,HORD001347,PRD0869,2,131.2,262.4
HITM0004267,HORD001347,PRD0038,1,702.97,702.97
HITM0004268,HORD001347,PRD0838,1,955.16,955.16
HITM0004269,HORD001348,PRD0125,1,108.47,108.47
HITM0004270,HORD001348,PRD0670,1,137.8,137.8
HITM0004271,HORD001348,PRD0210,2,371.54,743.08
HITM0004272,HORD001349,PRD0668,1,641.02,641.02
HITM0004273,HORD001350,PRD0628,1,904.82,904.82
HITM0004274,HORD001350,PRD0331,1,2135.57,2135.57
HITM0004275,HORD001350,PRD0907,1,2551.71,2551.71
HITM0004276,HORD001351,PRD0280,1,84.08,84.08
HITM0004277,HORD001351,PRD0585,2,101.78,203.56
HITM0004278,HORD001351,PRD0352,1,393.98,393.98
HITM0004279,HORD001351,PRD0556,1,546.84,546.84
HITM0004280,HORD001352,PRD0114,1,2620.24,2620.24
HITM0004281,HORD001352,PRD0499,1,779.63,779.63
HITM0004282,HORD001352,PRD0791,1,2467.42,2467.42
HITM0004283,HORD001353,PRD0688,2,611.89,1223.78
HITM0004284,HORD001353,PRD0756,1,61.89,61.89
HITM0004285,HORD001353,PRD0385,1,1062.27,1062.27
HITM0004286,HORD001353,PRD0848,2,870.59,1741.18
HITM0004287,HORD001354,PRD0880,1,132.59,132.59
HITM0004288,HORD001354,PRD0986,1,419.88,419.88
HITM0004289,HORD001355,PRD0705,1,387.12,387.12
HITM0004290,HORD001355,PRD0046,1,192.34,192.34
HITM0004291,HORD001355,PRD0899,1,1072.73,1072.73
HITM0004292,HORD001356,PRD0524,1,782.83,782.83
HITM0004293,HORD001356,PRD0893,1,1495.82,1495.82
HITM0004294,HORD001357,PRD0274,1,416.56,416.56
HITM0004295,HORD001357,PRD0401,1,2894.25,2894.25
HITM0004296,HORD001357,PRD0640,1,23.59,23.59
HITM0004297,HORD001358,PRD0193,1,575.14,575.14
HITM0004298,HORD001358,PRD0098,1,1046.87,1046.87
HITM0004299,HORD001358,PRD0480,1,168.51,168.51
HITM0004300,HORD001359,PRD0845,1,45.19,45.19
HITM0004301,HORD001359,PRD0936,1,279.68,279.68
HITM0004302,HORD001360,PRD0303,1,858.46,858.46
HITM0004303,HORD001360,PRD0366,2,428.57,857.14
HITM0004304,HORD001360,PRD0428,2,491.35,982.7
HITM0004305,HORD001361,PRD0685,1,987.86,987.86
HITM0004306,HORD001361,PRD0252,1,879.59,879.59
HITM0004307,HORD001361,PRD0902,1,565.32,565.32
HITM0004308,HORD001362,PRD0609,1,83.83,83.83
HITM0004309,HORD001362,PRD0808,3,69.84,209.52
HITM0004310,HORD001362,PRD0699,1,1102.07,1102.07
HITM0004311,HORD001362,PRD0360,1,326.09,326.09
HITM0004312,HORD001363,PRD0505,1,1028.22,1028.22
HITM0004313,HORD001363,PRD0837,1,470.72,470.72
HITM0004314,HORD001363,PRD0565,2,515.91,1031.82
HITM0004315,HORD001363,PRD0729,1,1304.27,1304.27
HITM0004316,HORD001363,PRD0086,1,92.8,92.8
HITM0004317,HORD001364,PRD0600,1,222.54,222.54
HITM0004318,HORD001364,PRD0016,2,346.08,692.16
HITM0004319,HORD001364,PRD0583,1,1484.65,1484.65
HITM0004320,HORD001365,PRD0658,1,665.45,665.45
HITM0004321,HORD001365,PRD0010,1,39.45,39.45
HITM0004322,HORD001366,PRD0706,1,377.51,377.51
HITM0004323,HORD001366,PRD0567,1,1572.22,1572.22
HITM0004324,HORD001366,PRD0454,1,1438.89,1438.89
HITM0004325,HORD001367,PRD0507,1,135.21,135.21
HITM0004326,HORD001367,PRD0820,1,31.29,31.29
HITM0004327,HORD001367,PRD0942,1,437.56,437.56
HITM0004328,HORD001368,PRD0845,1,45.19,45.19
HITM0004329,HORD001368,PRD0033,1,1096.91,1096.91
HITM0004330,HORD001368,PRD0631,1,2987.02,2987.02
HITM0004331,HORD001369,PRD0774,2,1734.69,3469.38
HITM0004332,HORD001369,PRD0666,1,688.32,688.32
HITM0004333,HORD001369,PRD0360,2,326.09,652.18
HITM0004334,HORD001369,PRD0292,1,643.6,643.6
HITM0004335,HORD001370,PRD0826,1,89.12,89.12
HITM0004336,HORD001370,PRD0992,2,1098.67,2197.34
HITM0004337,HORD001371,PRD0486,3,180.26,540.78
HITM0004338,HORD001371,PRD0546,1,361.61,361.61
HITM0004339,HORD001371,PRD0767,1,380.35,380.35
HITM0004340,HORD001371,PRD0525,1,135.44,135.44
HITM0004341,HORD001371,PRD0964,1,887.89,887.89
HITM0004342,HORD001372,PRD0476,2,658.84,1317.68
HITM0004343,HORD001372,PRD0029,1,418.31,418.31
HITM0004344,HORD001372,PRD0315,1,58.99,58.99
HITM0004345,HORD001373,PRD0873,1,1172.09,1172.09
HITM0004346,HORD001373,PRD0766,1,420.5,420.5
HITM0004347,HORD001373,PRD0175,1,340.25,340.25
HITM0004348,HORD001373,PRD0637,1,2457.32,2457.32
HITM0004349,HORD001374,PRD0518,2,127.55,255.1
HITM0004350,HORD001374,PRD0390,1,153.47,153.47
HITM0004351,HORD001374,PRD0722,3,1792.17,5376.51
HITM0004352,HORD001375,PRD0076,2,232.75,465.5
HITM0004353,HORD001375,PRD0085,1,655.93,655.93
HITM0004354,HORD001375,PRD0857,2,1044.86,2089.72
HITM0004355,HORD001376,PRD0743,2,939.8,1879.6
HITM0004356,HORD001376,PRD0481,1,1805.28,1805.28
HITM0004357,HORD001376,PRD0872,1,588.52,588.52
HITM0004358,HORD001377,PRD0035,1,1129.26,1129.26
HITM0004359,HORD001377,PRD0495,2,692.95,1385.9
HITM0004360,HORD001377,PRD0355,1,1138.32,1138.32
HITM0004361,HORD001378,PRD0518,1,127.55,127.55
HITM0004362,HORD001378,PRD0643,1,530.41,530.41
HITM0004363,HORD001378,PRD0671,2,926.06,1852.12
HITM0004364,HORD001379,PRD0103,1,1002.58,1002.58
HITM0004365,HORD001379,PRD0452,1,687.28,687.28
HITM0004366,HORD001379,PRD0485,2,939.87,1879.74
HITM0004367,HORD001380,PRD0453,2,904.43,1808.86
HITM0004368,HORD001380,PRD0760,1,187.91,187.91
HITM0004369,HORD001380,PRD0892,2,375.64,751.28
HITM0004370,HORD001381,PRD0286,1,666.41,666.41
HITM0004371,HORD001381,PRD0970,3,107.81,323.43
HITM0004372,HORD001382,PRD0486,1,180.26,180.26
HITM0004373,HORD001382,PRD0889,1,518.76,518.76
HITM0004374,HORD001382,PRD0760,2,187.91,375.82
HITM0004375,HORD001383,PRD0496,2,519.08,1038.16
HITM0004376,HORD001383,PRD0964,1,887.89,887.89
HITM0004377,HORD001384,PRD0230,2,34.01,68.02
HITM0004378,HORD001384,PRD0168,2,451.79,903.58
HITM0004379,HORD001384,PRD0109,1,353.29,353.29
HITM0004380,HORD001384,PRD0931,3,1394.59,4183.77
HITM0004381,HORD001385,PRD0558,1,1004.64,1004.64
HITM0004382,HORD001385,PRD0892,1,375.64,375.64
HITM0004383,HORD001385,PRD0203,1,489.43,489.43
HITM0004384,HORD001385,PRD0710,1,161.67,161.67
HITM0004385,HORD001386,PRD0890,1,176.95,176.95
HITM0004386,HORD001386,PRD0851,1,2627.27,2627.27
HITM0004387,HORD001386,PRD0781,1,2713.32,2713.32
HITM0004388,HORD001387,PRD0439,1,323.08,323.08
HITM0004389,HORD001387,PRD0496,1,519.08,519.08
HITM0004390,HORD001387,PRD0169,1,445.45,445.45
HITM0004391,HORD001388,PRD0124,1,2854.48,2854.48
HITM0004392,HORD001388,PRD0789,1,928.44,928.44
HITM0004393,HORD001388,PRD0552,1,470.47,470.47
HITM0004394,HORD001388,PRD0648,1,389.72,389.72
HITM0004395,HORD001389,PRD0467,2,590.42,1180.84
HITM0004396,HORD001389,PRD0633,1,1341.18,1341.18
HITM0004397,HORD001389,PRD0701,2,2281.85,4563.7
HITM0004398,HORD001389,PRD0680,1,103.14,103.14
HITM0004399,HORD001390,PRD0665,1,191.97,191.97
HITM0004400,HORD001390,PRD0689,1,277.28,277.28
HITM0004401,HORD001390,PRD0102,2,1498.33,2996.66
HITM0004402,HORD001391,PRD0308,2,524.45,1048.9
HITM0004403,HORD001391,PRD0102,1,1498.33,1498.33
HITM0004404,HORD001391,PRD0425,1,845.25,845.25
HITM0004405,HORD001391,PRD0740,1,150.48,150.48
HITM0004406,HORD001392,PRD0482,1,1837.21,1837.21
HITM0004407,HORD001392,PRD0836,1,610.89,610.89
HITM0004408,HORD001392,PRD0513,1,453.22,453.22
HITM0004409,HORD001392,PRD0685,1,987.86,987.86
HITM0004410,HORD001393,PRD0342,1,615.51,615.51
HITM0004411,HORD001393,PRD0906,1,553.58,553.58
HITM0004412,HORD001393,PRD0591,1,2930.44,2930.44
HITM0004413,HORD001393,PRD0936,1,279.68,279.68
HITM0004414,HORD001393,PRD0924,1,508.67,508.67
HITM0004415,HORD001394,PRD0946,1,810.85,810.85
HITM0004416,HORD001394,PRD0252,1,879.59,879.59
HITM0004417,HORD001395,PRD0442,1,1167.29,1167.29
HITM0004418,HORD001395,PRD0026,2,122.12,244.24
HITM0004419,HORD001395,PRD0361,1,2052.76,2052.76
HITM0004420,HORD001396,PRD0128,1,394.68,394.68
HITM0004421,HORD001396,PRD0293,1,644.4,644.4
HITM0004422,HORD001396,PRD0596,1,497.18,497.18
HITM0004423,HORD001396,PRD0614,1,2452.5,2452.5
HITM0004424,HORD001397,PRD0335,2,235.04,470.08
HITM0004425,HORD001397,PRD0039,3,735.79,2207.37
HITM0004426,HORD001397,PRD0292,1,643.6,643.6
HITM0004427,HORD001397,PRD0596,2,497.18,994.36
HITM0004428,HORD001398,PRD0198,1,737.1,737.1
HITM0004429,HORD001398,PRD0190,2,34.34,68.68
HITM0004430,HORD001398,PRD0844,2,3853.97,7707.94
HITM0004431,HORD001398,PRD0777,1,2046.64,2046.64
HITM0004432,HORD001398,PRD0924,1,508.67,508.67
HITM0004433,HORD001399,PRD0625,1,122.46,122.46
HITM0004434,HORD001399,PRD0570,1,179.75,179.75
HITM0004435,HORD001400,PRD0020,1,148.97,148.97
HITM0004436,HORD001400,PRD0252,1,879.59,879.59
HITM0004437,HORD001401,PRD0228,2,946.39,1892.78
HITM0004438,HORD001401,PRD0756,1,61.89,61.89
HITM0004439,HORD001401,PRD0325,1,607.53,607.53
HITM0004440,HORD001401,PRD0130,1,183.26,183.26
HITM0004441,HORD001401,PRD0828,1,146.02,146.02
HITM0004442,HORD001402,PRD1000,1,45.04,45.04
HITM0004443,HORD001402,PRD0527,2,2128.95,4257.9
HITM0004444,HORD001402,PRD0728,1,122.0,122.0
HITM0004445,HORD001403,PRD0281,1,3193.12,3193.12
HITM0004446,HORD001403,PRD0088,1,141.39,141.39
HITM0004447,HORD001403,PRD0947,3,934.61,2803.83
HITM0004448,HORD001404,PRD0194,2,3007.67,6015.34
HITM0004449,HORD001405,PRD0504,3,2203.43,6610.29
HITM0004450,HORD001405,PRD0417,1,1221.03,1221.03
HITM0004451,HORD001405,PRD0896,1,507.02,507.02
HITM0004452,HORD001405,PRD0644,1,3406.46,3406.46
HITM0004453,HORD001405,PRD0329,1,100.62,100.62
HITM0004454,HORD001406,PRD0288,1,151.78,151.78
HITM0004455,HORD001406,PRD0019,2,353.47,706.94
HITM0004456,HORD001406,PRD0068,1,327.08,327.08
HITM0004457,HORD001406,PRD0107,1,559.52,559.52
HITM0004458,HORD001407,PRD0760,1,187.91,187.91
HITM0004459,HORD001407,PRD0586,2,751.47,1502.94
HITM0004460,HORD001407,PRD0893,3,1495.82,4487.46
HITM0004461,HORD001408,PRD0650,1,297.34,297.34
HITM0004462,HORD001409,PRD0024,3,935.75,2807.25
HITM0004463,HORD001409,PRD0112,1,1578.75,1578.75
HITM0004464,HORD001410,PRD0343,1,1288.78,1288.78
HITM0004465,HORD001410,PRD0353,1,1290.29,1290.29
HITM0004466,HORD001410,PRD0819,1,269.55,269.55
HITM0004467,HORD001411,PRD0682,1,1273.55,1273.55
HITM0004468,HORD001411,PRD0678,1,904.89,904.89
HITM0004469,HORD001412,PRD0429,1,1481.5,1481.5
HITM0004470,HORD001412,PRD0228,1,946.39,946.39
HITM0004471,HORD001413,PRD0640,1,23.59,23.59
HITM0004472,HORD001413,PRD0407,1,1986.3,1986.3
HITM0004473,HORD001413,PRD0696,1,119.65,119.65
HITM0004474,HORD001413,PRD0390,1,153.47,153.47
HITM0004475,HORD001413,PRD0820,1,31.29,31.29
HITM0004476,HORD001414,PRD0384,1,1325.18,1325.18
HITM0004477,HORD001414,PRD0610,1,167.07,167.07
HITM0004478,HORD001415,PRD0258,1,816.42,816.42
HITM0004479,HORD001415,PRD0158,1,224.45,224.45
HITM0004480,HORD001415,PRD0926,2,455.41,910.82
HITM0004481,HORD001416,PRD0340,1,42.57,42.57
HITM0004482,HORD001416,PRD0341,1,2845.05,2845.05
HITM0004483,HORD001416,PRD0772,1,661.34,661.34
HITM0004484,HORD001417,PRD0906,1,553.58,553.58
HITM0004485,HORD001417,PRD0348,2,857.27,1714.54
HITM0004486,HORD001417,PRD0796,2,46.19,92.38
HITM0004487,HORD001418,PRD0677,1,1000.46,1000.46
HITM0004488,HORD001418,PRD0346,1,519.06,519.06
HITM0004489,HORD001418,PRD0320,1,227.72,227.72
HITM0004490,HORD001419,PRD0716,1,120.76,120.76
HITM0004491,HORD001420,PRD0640,1,23.59,23.59
HITM0004492,HORD001420,PRD0426,1,726.65,726.65
HITM0004493,HORD001420,PRD0369,1,446.88,446.88
HITM0004494,HORD001421,PRD0948,1,454.84,454.84
HITM0004495,HORD001421,PRD0998,1,366.72,366.72
HITM0004496,HORD001421,PRD0608,1,313.58,313.58
HITM0004497,HORD001422,PRD0010,2,39.45,78.9
HITM0004498,HORD001422,PRD0169,1,445.45,445.45
HITM0004499,HORD001422,PRD0263,1,618.52,618.52
HITM0004500,HORD001422,PRD0107,1,559.52,559.52
HITM0004501,HORD001422,PRD0355,1,1138.32,1138.32
HITM0004502,HORD001423,PRD0825,1,841.2,841.2
HITM0004503,HORD001423,PRD0456,1,117.59,117.59
HITM0004504,HORD001423,PRD0355,3,1138.32,3414.96
HITM0004505,HORD001424,PRD0870,1,360.59,360.59
HITM0004506,HORD001424,PRD0416,1,236.82,236.82
HITM0004507,HORD001424,PRD0247,1,1546.72,1546.72
HITM0004508,HORD001424,PRD0432,2,1637.76,3275.52
HITM0004509,HORD001425,PRD0172,1,616.06,616.06
HITM0004510,HORD001425,PRD0059,2,1461.18,2922.36
HITM0004511,HORD001425,PRD0983,2,863.49,1726.98
HITM0004512,HORD001425,PRD0930,1,298.86,298.86
HITM0004513,HORD001425,PRD0023,2,268.14,536.28
HITM0004514,HORD001426,PRD0518,2,127.55,255.1
HITM0004515,HORD001426,PRD0815,1,962.19,962.19
HITM0004516,HORD001426,PRD0892,1,375.64,375.64
HITM0004517,HORD001427,PRD0932,1,326.42,326.42
HITM0004518,HORD001427,PRD0174,1,733.71,733.71
HITM0004519,HORD001427,PRD0129,1,584.17,584.17
HITM0004520,HORD001427,PRD0502,2,553.17,1106.34
HITM0004521,HORD001428,PRD0934,1,524.96,524.96
HITM0004522,HORD001429,PRD0894,1,3415.6,3415.6
HITM0004523,HORD001429,PRD0837,1,470.72,470.72
HITM0004524,HORD001429,PRD0704,1,4048.59,4048.59
HITM0004525,HORD001429,PRD0440,1,112.71,112.71
HITM0004526,HORD001430,PRD0276,2,530.49,1060.98
HITM0004527,HORD001430,PRD0646,1,609.53,609.53
HITM0004528,HORD001430,PRD0526,1,44.24,44.24
HITM0004529,HORD001431,PRD0274,1,416.56,416.56
HITM0004530,HORD001431,PRD0840,1,102.1,102.1
HITM0004531,HORD001431,PRD0177,1,535.99,535.99
HITM0004532,HORD001432,PRD0086,1,92.8,92.8
HITM0004533,HORD001432,PRD0800,1,168.54,168.54
HITM0004534,HORD001432,PRD0257,1,1854.63,1854.63
HITM0004535,HORD001432,PRD0289,1,1205.3,1205.3
HITM0004536,HORD001433,PRD0413,1,486.14,486.14
HITM0004537,HORD001433,PRD0835,1,240.61,240.61
HITM0004538,HORD001434,PRD0412,1,1822.18,1822.18
HITM0004539,HORD001434,PRD0128,2,394.68,789.36
HITM0004540,HORD001434,PRD0307,1,2338.69,2338.69
HITM0004541,HORD001434,PRD0070,2,396.61,793.22
HITM0004542,HORD001435,PRD0372,1,330.93,330.93
HITM0004543,HORD001435,PRD0505,3,1028.22,3084.66
HITM0004544,HORD001436,PRD0857,1,1044.86,1044.86
HITM0004545,HORD001436,PRD0695,1,908.69,908.69
HITM0004546,HORD001436,PRD0626,1,139.26,139.26
HITM0004547,HORD001436,PRD0137,1,125.48,125.48
HITM0004548,HORD001436,PRD0463,3,564.14,1692.42
HITM0004549,HORD001437,PRD0816,1,377.97,377.97
HITM0004550,HORD001437,PRD0373,2,1452.1,2904.2
HITM0004551,HORD001438,PRD0460,1,289.71,289.71
HITM0004552,HORD001438,PRD0919,1,192.13,192.13
HITM0004553,HORD001439,PRD0266,1,186.6,186.6
HITM0004554,HORD001439,PRD0157,2,1264.96,2529.92
HITM0004555,HORD001439,PRD0752,1,933.7,933.7
HITM0004556,HORD001440,PRD0710,2,161.67,323.34
HITM0004557,HORD001440,PRD0022,1,778.88,778.88
HITM0004558,HORD001440,PRD0774,1,1734.69,1734.69
HITM0004559,HORD001440,PRD0328,2,650.32,1300.64
HITM0004560,HORD001441,PRD0868,1,594.16,594.16
HITM0004561,HORD001441,PRD0561,1,2317.58,2317.58
HITM0004562,HORD001441,PRD0677,1,1000.46,1000.46
HITM0004563,HORD001442,PRD0939,1,522.59,522.59
HITM0004564,HORD001442,PRD0662,1,477.61,477.61
HITM0004565,HORD001442,PRD0757,1,915.35,915.35
HITM0004566,HORD001442,PRD0155,1,673.32,673.32
HITM0004567,HORD001443,PRD0248,1,207.33,207.33
HITM0004568,HORD001443,PRD0703,1,716.42,716.42
HITM0004569,HORD001444,PRD0573,1,1394.74,1394.74
HITM0004570,HORD001444,PRD0163,1,1059.22,1059.22
HITM0004571,HORD001444,PRD0078,1,451.23,451.23
HITM0004572,HORD001444,PRD0220,1,187.94,187.94
HITM0004573,HORD001444,PRD0274,1,416.56,416.56
HITM0004574,HORD001445,PRD0178,2,176.94,353.88
HITM0004575,HORD001445,PRD0452,1,687.28,687.28
HITM0004576,HORD001445,PRD0402,2,782.5,1565.0
HITM0004577,HORD001445,PRD0152,1,1406.47,1406.47
HITM0004578,HORD001445,PRD0640,1,23.59,23.59
HITM0004579,HORD001446,PRD0828,1,146.02,146.02
HITM0004580,HORD001446,PRD0910,1,28.09,28.09
HITM0004581,HORD001446,PRD0706,1,377.51,377.51
HITM0004582,HORD001446,PRD0567,1,1572.22,1572.22
HITM0004583,HORD001446,PRD0181,1,1201.83,1201.83
HITM0004584,HORD001447,PRD0250,1,329.47,329.47
HITM0004585,HORD001447,PRD0338,1,602.72,602.72
HITM0004586,HORD001447,PRD0461,1,1946.88,1946.88
HITM0004587,HORD001448,PRD0409,1,165.4,165.4
HITM0004588,HORD001448,PRD0156,1,115.73,115.73
HITM0004589,HORD001448,PRD0111,1,2254.79,2254.79
HITM0004590,HORD001448,PRD0924,2,508.67,1017.34
HITM0004591,HORD001449,PRD0917,2,1133.22,2266.44
HITM0004592,HORD001449,PRD0740,1,150.48,150.48
HITM0004593,HORD001449,PRD0274,1,416.56,416.56
HITM0004594,HORD001450,PRD0863,1,1472.8,1472.8
HITM0004595,HORD001450,PRD0097,1,458.08,458.08
HITM0004596,HORD001451,PRD0004,2,3297.7,6595.4
HITM0004597,HORD001451,PRD0201,1,1626.1,1626.1
HITM0004598,HORD001451,PRD0022,2,778.88,1557.76
HITM0004599,HORD001451,PRD0231,1,2838.84,2838.84
HITM0004600,HORD001451,PRD0480,1,168.51,168.51
HITM0004601,HORD001452,PRD0947,1,934.61,934.61
HITM0004602,HORD001452,PRD0002,3,1052.85,3158.55
HITM0004603,HORD001452,PRD0587,1,1244.16,1244.16
HITM0004604,HORD001453,PRD0587,1,1244.16,1244.16
HITM0004605,HORD001453,PRD0113,1,756.1,756.1
HITM0004606,HORD001453,PRD0316,1,401.13,401.13
HITM0004607,HORD001454,PRD0061,1,2127.06,2127.06
HITM0004608,HORD001454,PRD0233,1,1412.0,1412.0
HITM0004609,HORD001454,PRD0434,1,1669.95,1669.95
HITM0004610,HORD001455,PRD0415,1,191.7,191.7
HITM0004611,HORD001455,PRD0975,1,723.09,723.09
HITM0004612,HORD001455,PRD0246,1,758.55,758.55
HITM0004613,HORD001456,PRD0575,1,996.56,996.56
HITM0004614,HORD001456,PRD0408,1,384.62,384.62
HITM0004615,HORD001457,PRD0925,1,56.69,56.69
HITM0004616,HORD001457,PRD0660,1,89.27,89.27
HITM0004617,HORD001458,PRD0252,1,879.59,879.59
HITM0004618,HORD001458,PRD0920,1,123.07,123.07
HITM0004619,HORD001458,PRD0311,1,1786.27,1786.27
HITM0004620,HORD001459,PRD0045,2,306.29,612.58
HITM0004621,HORD001459,PRD0260,1,86.88,86.88
HITM0004622,HORD001459,PRD0232,3,1295.64,3886.92
HITM0004623,HORD001460,PRD0563,1,651.72,651.72
HITM0004624,HORD001460,PRD0736,2,171.3,342.6
HITM0004625,HORD001460,PRD0974,2,1232.06,2464.12
HITM0004626,HORD001461,PRD0736,1,171.3,171.3
HITM0004627,HORD001461,PRD0445,1,589.84,589.84
HITM0004628,HORD001461,PRD0543,1,1583.54,1583.54
HITM0004629,HORD001461,PRD0926,1,455.41,455.41
HITM0004630,HORD001461,PRD0858,2,363.41,726.82
HITM0004631,HORD001462,PRD0950,1,238.05,238.05
HITM0004632,HORD001462,PRD0653,2,514.7,1029.4
HITM0004633,HORD001463,PRD0656,1,300.51,300.51
HITM0004634,HORD001463,PRD0619,1,238.4,238.4
HITM0004635,HORD001463,PRD0447,3,961.68,2885.04
HITM0004636,HORD001463,PRD0060,1,207.18,207.18
HITM0004637,HORD001463,PRD0859,2,664.51,1329.02
HITM0004638,HORD001464,PRD0838,1,955.16,955.16
HITM0004639,HORD001465,PRD0499,1,779.63,779.63
HITM0004640,HORD001465,PRD0318,1,971.41,971.41
HITM0004641,HORD001465,PRD0816,1,377.97,377.97
HITM0004642,HORD001465,PRD0850,1,37.87,37.87
HITM0004643,HORD001466,PRD0060,1,207.18,207.18
HITM0004644,HORD001466,PRD0891,2,2138.63,4277.26
HITM0004645,HORD001466,PRD0938,1,103.84,103.84
HITM0004646,HORD001467,PRD0561,1,2317.58,2317.58
HITM0004647,HORD001467,PRD0587,1,1244.16,1244.16
HITM0004648,HORD001467,PRD0932,1,326.42,326.42
HITM0004649,HORD001467,PRD0367,1,1222.73,1222.73
HITM0004650,HORD001468,PRD0553,1,1597.7,1597.7
HITM0004651,HORD001468,PRD0593,1,416.84,416.84
HITM0004652,HORD001468,PRD0847,1,1756.67,1756.67
HITM0004653,HORD001469,PRD0645,1,1142.68,1142.68
HITM0004654,HORD001469,PRD0191,1,1064.69,1064.69
HITM0004655,HORD001469,PRD0581,1,2366.29,2366.29
HITM0004656,HORD001470,PRD0260,1,86.88,86.88
HITM0004657,HORD001470,PRD0280,1,84.08,84.08
HITM0004658,HORD001470,PRD0056,2,437.03,874.06
HITM0004659,HORD001471,PRD0507,2,135.21,270.42
HITM0004660,HORD001471,PRD0837,1,470.72,470.72
HITM0004661,HORD001471,PRD0149,2,1414.32,2828.64
HITM0004662,HORD001472,PRD0490,1,63.94,63.94
HITM0004663,HORD001472,PRD0907,1,2551.71,2551.71
HITM0004664,HORD001472,PRD0458,1,825.04,825.04
HITM0004665,HORD001472,PRD0927,1,138.39,138.39
HITM0004666,HORD001473,PRD0406,1,184.6,184.6
HITM0004667,HORD001474,PRD0143,2,490.94,981.88
HITM0004668,HORD001474,PRD0060,1,207.18,207.18
HITM0004669,HORD001474,PRD0491,2,2056.04,4112.08
HITM0004670,HORD001475,PRD0210,2,371.54,743.08
HITM0004671,HORD001475,PRD0683,1,571.77,571.77
HITM0004672,HORD001475,PRD0266,2,186.6,373.2
HITM0004673,HORD001475,PRD0798,1,418.33,418.33
HITM0004674,HORD001475,PRD0619,1,238.4,238.4
HITM0004675,HORD001476,PRD0558,1,1004.64,1004.64
HITM0004676,HORD001476,PRD0688,1,611.89,611.89
HITM0004677,HORD001476,PRD0309,1,621.05,621.05
HITM0004678,HORD001476,PRD0728,1,122.0,122.0
HITM0004679,HORD001477,PRD0762,2,848.37,1696.74
HITM0004680,HORD001477,PRD0140,1,347.21,347.21
HITM0004681,HORD001477,PRD0049,2,598.46,1196.92
HITM0004682,HORD001477,PRD0867,1,822.76,822.76
HITM0004683,HORD001477,PRD0491,1,2056.04,2056.04
HITM0004684,HORD001478,PRD0547,2,394.5,789.0
HITM0004685,HORD001478,PRD0475,1,357.18,357.18
HITM0004686,HORD001478,PRD0009,1,354.96,354.96
HITM0004687,HORD001479,PRD0915,1,551.31,551.31
HITM0004688,HORD001479,PRD0173,1,270.07,270.07
HITM0004689,HORD001479,PRD0427,1,2246.52,2246.52
HITM0004690,HORD001479,PRD0451,2,1300.44,2600.88
HITM0004691,HORD001479,PRD0593,1,416.84,416.84
HITM0004692,HORD001480,PRD0390,1,153.47,153.47
HITM0004693,HORD001480,PRD0838,1,955.16,955.16
HITM0004694,HORD001480,PRD0308,1,524.45,524.45
HITM0004695,HORD001481,PRD0233,1,1412.0,1412.0
HITM0004696,HORD001481,PRD0855,1,204.55,204.55
HITM0004697,HORD001481,PRD0100,2,328.27,656.54
HITM0004698,HORD001482,PRD0699,1,1102.07,1102.07
HITM0004699,HORD001482,PRD0097,1,458.08,458.08
HITM0004700,HORD001482,PRD0847,1,1756.67,1756.67
HITM0004701,HORD001483,PRD0575,1,996.56,996.56
HITM0004702,HORD001483,PRD0137,1,125.48,125.48
HITM0004703,HORD001483,PRD0086,1,92.8,92.8
HITM0004704,HORD001483,PRD0724,1,2896.31,2896.31
HITM0004705,HORD001483,PRD0845,1,45.19,45.19
HITM0004706,HORD001484,PRD0636,1,418.01,418.01
HITM0004707,HORD001484,PRD0577,1,649.4,649.4
HITM0004708,HORD001484,PRD0216,1,241.98,241.98
HITM0004709,HORD001484,PRD0438,1,104.09,104.09
HITM0004710,HORD001484,PRD0149,1,1414.32,1414.32
HITM0004711,HORD001485,PRD0446,1,172.12,172.12
HITM0004712,HORD001485,PRD0988,1,721.76,721.76
HITM0004713,HORD001486,PRD0206,1,190.8,190.8
HITM0004714,HORD001486,PRD0774,2,1734.69,3469.38
HITM0004715,HORD001487,PRD0648,1,389.72,389.72
HITM0004716,HORD001488,PRD0285,2,437.61,875.22
HITM0004717,HORD001488,PRD0857,1,1044.86,1044.86
HITM0004718,HORD001488,PRD0421,1,2974.43,2974.43
HITM0004719,HORD001489,PRD0019,1,353.47,353.47
HITM0004720,HORD001489,PRD0998,1,366.72,366.72
HITM0004721,HORD001489,PRD0910,2,28.09,56.18
HITM0004722,HORD001489,PRD0365,1,380.49,380.49
HITM0004723,HORD001490,PRD0628,1,904.82,904.82
HITM0004724,HORD001491,PRD0723,1,867.11,867.11
HITM0004725,HORD001492,PRD0802,1,715.6,715.6
HITM0004726,HORD001492,PRD0330,2,51.67,103.34
HITM0004727,HORD001492,PRD0438,2,104.09,208.18
HITM0004728,HORD001493,PRD0440,2,112.71,225.42
HITM0004729,HORD001493,PRD0655,1,424.11,424.11
HITM0004730,HORD001493,PRD0880,1,132.59,132.59
HITM0004731,HORD001494,PRD0882,1,989.33,989.33
HITM0004732,HORD001494,PRD0346,1,519.06,519.06
HITM0004733,HORD001494,PRD0775,1,668.73,668.73
HITM0004734,HORD001495,PRD0186,1,778.69,778.69
HITM0004735,HORD001496,PRD0080,1,122.76,122.76
HITM0004736,HORD001496,PRD0845,1,45.19,45.19
HITM0004737,HORD001496,PRD0858,1,363.41,363.41
HITM0004738,HORD001496,PRD0905,1,470.11,470.11
HITM0004739,HORD001497,PRD0616,1,819.39,819.39
HITM0004740,HORD001497,PRD0596,2,497.18,994.36
HITM0004741,HORD001497,PRD0096,1,291.41,291.41
HITM0004742,HORD001498,PRD0537,1,717.48,717.48
HITM0004743,HORD001498,PRD0060,1,207.18,207.18
HITM0004744,HORD001498,PRD0288,1,151.78,151.78
HITM0004745,HORD001499,PRD0032,2,742.08,1484.16
HITM0004746,HORD001499,PRD0074,2,3394.49,6788.98
HITM0004747,HORD001499,PRD0751,2,1174.19,2348.38
HITM0004748,HORD001499,PRD0390,1,153.47,153.47
HITM0004749,HORD001500,PRD0494,1,2689.23,2689.23
HITM0004750,HORD001500,PRD0527,1,2128.95,2128.95
HITM0004751,HORD001500,PRD0485,1,939.87,939.87
HITM0004752,HORD001500,PRD0770,1,410.85,410.85
HITM0004753,HORD001501,PRD0619,2,238.4,476.8
HITM0004754,HORD001502,PRD0526,3,44.24,132.72
HITM0004755,HORD001502,PRD0578,1,383.34,383.34
HITM0004756,HORD001502,PRD0568,1,299.47,299.47
HITM0004757,HORD001503,PRD0902,1,565.32,565.32
HITM0004758,HORD001503,PRD0862,1,612.88,612.88
HITM0004759,HORD001503,PRD0540,2,301.77,603.54
HITM0004760,HORD001504,PRD0525,1,135.44,135.44
HITM0004761,HORD001504,PRD0661,1,1942.53,1942.53
HITM0004762,HORD001505,PRD0146,1,212.69,212.69
HITM0004763,HORD001506,PRD0450,1,56.05,56.05
HITM0004764,HORD001506,PRD0604,1,2778.09,2778.09
HITM0004765,HORD001506,PRD0465,2,778.89,1557.78
HITM0004766,HORD001507,PRD0153,1,1298.08,1298.08
HITM0004767,HORD001507,PRD0977,2,327.77,655.54
HITM0004768,HORD001507,PRD0826,2,89.12,178.24
HITM0004769,HORD001507,PRD0899,1,1072.73,1072.73
HITM0004770,HORD001507,PRD0122,1,1579.58,1579.58
HITM0004771,HORD001508,PRD0774,1,1734.69,1734.69
HITM0004772,HORD001508,PRD0838,1,955.16,955.16
HITM0004773,HORD001508,PRD0606,1,49.01,49.01
HITM0004774,HORD001508,PRD0759,1,655.9,655.9
HITM0004775,HORD001509,PRD0618,1,208.79,208.79
HITM0004776,HORD001509,PRD0937,1,435.56,435.56
HITM0004777,HORD001509,PRD0238,1,1033.13,1033.13
HITM0004778,HORD001510,PRD0905,2,470.11,940.22
HITM0004779,HORD001510,PRD0947,1,934.61,934.61
HITM0004780,HORD001510,PRD0520,1,188.8,188.8
HITM0004781,HORD001511,PRD0156,1,115.73,115.73
HITM0004782,HORD001512,PRD0262,1,893.46,893.46
HITM0004783,HORD001512,PRD0169,1,445.45,445.45
HITM0004784,HORD001512,PRD0013,1,1361.97,1361.97
HITM0004785,HORD001512,PRD0640,1,23.59,23.59
HITM0004786,HORD001513,PRD0097,1,458.08,458.08
HITM0004787,HORD001513,PRD0932,1,326.42,326.42
HITM0004788,HORD001513,PRD0174,1,733.71,733.71
HITM0004789,HORD001514,PRD0831,1,1878.68,1878.68
HITM0004790,HORD001514,PRD0177,1,535.99,535.99
HITM0004791,HORD001515,PRD0396,2,485.87,971.74
HITM0004792,HORD001516,PRD0339,1,1448.64,1448.64
HITM0004793,HORD001516,PRD0625,1,122.46,122.46
HITM0004794,HORD001517,PRD0244,1,807.13,807.13
HITM0004795,HORD001517,PRD0647,1,754.04,754.04
HITM0004796,HORD001518,PRD0690,1,296.31,296.31
HITM0004797,HORD001518,PRD0542,1,1733.18,1733.18
HITM0004798,HORD001518,PRD0640,1,23.59,23.59
HITM0004799,HORD001519,PRD0178,1,176.94,176.94
HITM0004800,HORD001519,PRD0067,2,2053.61,4107.22
HITM0004801,HORD001520,PRD0756,2,61.89,123.78
HITM0004802,HORD001520,PRD0631,1,2987.02,2987.02
HITM0004803,HORD001521,PRD0287,1,2154.08,2154.08
HITM0004804,HORD001521,PRD0408,1,384.62,384.62
HITM0004805,HORD001521,PRD0221,1,2212.0,2212.0
HITM0004806,HORD001522,PRD0760,1,187.91,187.91
HITM0004807,HORD001522,PRD0860,1,397.97,397.97
HITM0004808,HORD001522,PRD1000,1,45.04,45.04
HITM0004809,HORD001523,PRD0408,1,384.62,384.62
HITM0004810,HORD001523,PRD0495,1,692.95,692.95
HITM0004811,HORD001523,PRD0994,1,2732.71,2732.71
HITM0004812,HORD001524,PRD0430,1,348.93,348.93
HITM0004813,HORD001524,PRD0415,2,191.7,383.4
HITM0004814,HORD001524,PRD0136,1,339.97,339.97
HITM0004815,HORD001525,PRD0316,2,401.13,802.26
HITM0004816,HORD001525,PRD0514,1,1738.15,1738.15
HITM0004817,HORD001526,PRD0658,1,665.45,665.45
HITM0004818,HORD001526,PRD0895,3,567.08,1701.24
HITM0004819,HORD001526,PRD0318,2,971.41,1942.82
HITM0004820,HORD001527,PRD0492,1,541.59,541.59
HITM0004821,HORD001527,PRD0354,2,1734.06,3468.12
HITM0004822,HORD001527,PRD0019,1,353.47,353.47
HITM0004823,HORD001527,PRD0821,1,979.52,979.52
HITM0004824,HORD001528,PRD0010,1,39.45,39.45
HITM0004825,HORD001528,PRD0477,1,654.36,654.36
HITM0004826,HORD001528,PRD0636,1,418.01,418.01
HITM0004827,HORD001528,PRD0180,1,356.72,356.72
HITM0004828,HORD001528,PRD0592,1,448.87,448.87
HITM0004829,HORD001529,PRD0550,1,229.62,229.62
HITM0004830,HORD001529,PRD0839,1,1337.75,1337.75
HITM0004831,HORD001529,PRD0710,1,161.67,161.67
HITM0004832,HORD001530,PRD0741,1,1637.14,1637.14
HITM0004833,HORD001530,PRD0020,1,148.97,148.97
HITM0004834,HORD001531,PRD0960,1,321.52,321.52
HITM0004835,HORD001531,PRD0489,1,376.72,376.72
HITM0004836,HORD001531,PRD0155,2,673.32,1346.64
HITM0004837,HORD001531,PRD0897,1,351.24,351.24
HITM0004838,HORD001532,PRD0630,1,270.86,270.86
HITM0004839,HORD001532,PRD0988,1,721.76,721.76
HITM0004840,HORD001533,PRD0601,1,2366.92,2366.92
HITM0004841,HORD001533,PRD0895,2,567.08,1134.16
HITM0004842,HORD001533,PRD0038,1,702.97,702.97
HITM0004843,HORD001533,PRD0873,2,1172.09,2344.18
HITM0004844,HORD001533,PRD0540,2,301.77,603.54
HITM0004845,HORD001534,PRD0150,1,302.63,302.63
HITM0004846,HORD001534,PRD0092,1,651.72,651.72
HITM0004847,HORD001534,PRD0671,2,926.06,1852.12
HITM0004848,HORD001535,PRD0942,1,437.56,437.56
HITM0004849,HORD001535,PRD0563,1,651.72,651.72
HITM0004850,HORD001535,PRD0930,1,298.86,298.86
HITM0004851,HORD001535,PRD0032,1,742.08,742.08
HITM0004852,HORD001536,PRD0652,1,1711.11,1711.11
HITM0004853,HORD001536,PRD0240,1,116.74,116.74
HITM0004854,HORD001536,PRD0614,1,2452.5,2452.5
HITM0004855,HORD001536,PRD0775,1,668.73,668.73
HITM0004856,HORD001537,PRD0610,1,167.07,167.07
HITM0004857,HORD001537,PRD0256,1,432.88,432.88
HITM0004858,HORD001537,PRD0404,2,2672.02,5344.04
HITM0004859,HORD001538,PRD0367,1,1222.73,1222.73
HITM0004860,HORD001538,PRD0602,2,1660.35,3320.7
HITM0004861,HORD001538,PRD0125,2,108.47,216.94
HITM0004862,HORD001538,PRD0389,1,910.21,910.21
HITM0004863,HORD001539,PRD0119,1,756.54,756.54
HITM0004864,HORD001539,PRD0971,1,1694.61,1694.61
HITM0004865,HORD001540,PRD0799,1,114.07,114.07
HITM0004866,HORD001540,PRD0979,1,1067.2,1067.2
HITM0004867,HORD001540,PRD0345,2,752.34,1504.68
HITM0004868,HORD001541,PRD0036,1,226.94,226.94
HITM0004869,HORD001541,PRD0168,1,451.79,451.79
HITM0004870,HORD001541,PRD0111,2,2254.79,4509.58
HITM0004871,HORD001541,PRD0554,1,611.35,611.35
HITM0004872,HORD001542,PRD0936,1,279.68,279.68
HITM0004873,HORD001542,PRD0875,2,73.21,146.42
HITM0004874,HORD001543,PRD0680,1,103.14,103.14
HITM0004875,HORD001543,PRD0985,2,77.36,154.72
HITM0004876,HORD001544,PRD0201,1,1626.1,1626.1
HITM0004877,HORD001544,PRD0756,2,61.89,123.78
HITM0004878,HORD001544,PRD0156,2,115.73,231.46
HITM0004879,HORD001544,PRD0233,2,1412.0,2824.0
HITM0004880,HORD001544,PRD0336,1,110.53,110.53
HITM0004881,HORD001545,PRD0100,1,328.27,328.27
HITM0004882,HORD001545,PRD0158,1,224.45,224.45
HITM0004883,HORD001545,PRD0854,2,651.27,1302.54
HITM0004884,HORD001545,PRD0216,1,241.98,241.98
HITM0004885,HORD001545,PRD0669,1,387.51,387.51
HITM0004886,HORD001546,PRD0113,1,756.1,756.1
HITM0004887,HORD001546,PRD0743,1,939.8,939.8
HITM0004888,HORD001546,PRD0342,1,615.51,615.51
HITM0004889,HORD001547,PRD0379,1,888.83,888.83
HITM0004890,HORD001547,PRD0498,1,309.85,309.85
HITM0004891,HORD001547,PRD0204,1,1670.01,1670.01
HITM0004892,HORD001548,PRD0811,1,3124.99,3124.99
HITM0004893,HORD001548,PRD1000,1,45.04,45.04
HITM0004894,HORD001548,PRD0937,1,435.56,435.56
HITM0004895,HORD001548,PRD0502,1,553.17,553.17
HITM0004896,HORD001549,PRD0779,2,234.12,468.24
HITM0004897,HORD001549,PRD0765,1,724.29,724.29
HITM0004898,HORD001550,PRD0004,1,3297.7,3297.7
HITM0004899,HORD001550,PRD0173,1,270.07,270.07
HITM0004900,HORD001551,PRD0110,1,197.81,197.81
HITM0004901,HORD001552,PRD0577,1,649.4,649.4
HITM0004902,HORD001552,PRD0664,1,3200.22,3200.22
HITM0004903,HORD001552,PRD0116,2,328.2,656.4
HITM0004904,HORD001552,PRD0081,1,1855.65,1855.65
HITM0004905,HORD001553,PRD0112,1,1578.75,1578.75
HITM0004906,HORD001553,PRD0578,1,383.34,383.34
HITM0004907,HORD001553,PRD0826,1,89.12,89.12
HITM0004908,HORD001553,PRD0517,1,2094.09,2094.09
HITM0004909,HORD001554,PRD0954,1,551.46,551.46
HITM0004910,HORD001554,PRD0847,1,1756.67,1756.67
HITM0004911,HORD001555,PRD0772,2,661.34,1322.68
HITM0004912,HORD001555,PRD0438,1,104.09,104.09
HITM0004913,HORD001555,PRD0959,1,182.03,182.03
HITM0004914,HORD001556,PRD0295,3,607.48,1822.44
HITM0004915,HORD001556,PRD0972,3,1027.59,3082.77
HITM0004916,HORD001556,PRD0090,2,136.64,273.28
HITM0004917,HORD001556,PRD0170,1,275.39,275.39
HITM0004918,HORD001557,PRD0831,1,1878.68,1878.68
HITM0004919,HORD001557,PRD0606,1,49.01,49.01
HITM0004920,HORD001558,PRD0376,2,811.77,1623.54
HITM0004921,HORD001558,PRD0129,1,584.17,584.17
HITM0004922,HORD001558,PRD0364,1,914.03,914.03
HITM0004923,HORD001559,PRD0850,1,37.87,37.87
HITM0004924,HORD001559,PRD0370,1,233.44,233.44
HITM0004925,HORD001559,PRD0016,1,346.08,346.08
HITM0004926,HORD001559,PRD0327,1,812.84,812.84
HITM0004927,HORD001560,PRD0711,1,1902.91,1902.91
HITM0004928,HORD001560,PRD0797,1,936.62,936.62
HITM0004929,HORD001560,PRD0142,2,1283.99,2567.98
HITM0004930,HORD001560,PRD0003,1,342.16,342.16
HITM0004931,HORD001561,PRD0650,2,297.34,594.68
HITM0004932,HORD001561,PRD0563,1,651.72,651.72
HITM0004933,HORD001561,PRD0889,2,518.76,1037.52
HITM0004934,HORD001562,PRD0813,1,1117.42,1117.42
HITM0004935,HORD001562,PRD0399,1,1231.55,1231.55
HITM0004936,HORD001563,PRD0440,1,112.71,112.71
HITM0004937,HORD001563,PRD0927,2,138.39,276.78
HITM0004938,HORD001563,PRD0559,1,109.7,109.7
HITM0004939,HORD001564,PRD0088,1,141.39,141.39
HITM0004940,HORD001564,PRD0103,1,1002.58,1002.58
HITM0004941,HORD001564,PRD0384,2,1325.18,2650.36
HITM0004942,HORD001564,PRD0193,1,575.14,575.14
HITM0004943,HORD001565,PRD0808,1,69.84,69.84
HITM0004944,HORD001565,PRD0156,1,115.73,115.73
HITM0004945,HORD001565,PRD0135,2,715.95,1431.9
HITM0004946,HORD001566,PRD0124,1,2854.48,2854.48
HITM0004947,HORD001566,PRD0021,2,1350.17,2700.34
HITM0004948,HORD001566,PRD0938,1,103.84,103.84
HITM0004949,HORD001567,PRD0669,1,387.51,387.51
HITM0004950,HORD001567,PRD0548,1,448.84,448.84
HITM0004951,HORD001567,PRD0438,2,104.09,208.18
HITM0004952,HORD001568,PRD0197,1,847.92,847.92
HITM0004953,HORD001568,PRD0689,2,277.28,554.56
HITM0004954,HORD001569,PRD0183,1,667.61,667.61
HITM0004955,HORD001569,PRD0187,2,1511.07,3022.14
HITM0004956,HORD001569,PRD0619,2,238.4,476.8
HITM0004957,HORD001570,PRD0600,1,222.54,222.54
HITM0004958,HORD001570,PRD0356,1,246.85,246.85
HITM0004959,HORD001571,PRD0426,1,726.65,726.65
HITM0004960,HORD001571,PRD0863,2,1472.8,2945.6
HITM0004961,HORD001571,PRD0495,1,692.95,692.95
HITM0004962,HORD001572,PRD0833,1,1417.93,1417.93
HITM0004963,HORD001572,PRD0777,1,2046.64,2046.64
HITM0004964,HORD001572,PRD0650,1,297.34,297.34
HITM0004965,HORD001572,PRD0767,2,380.35,760.7
HITM0004966,HORD001573,PRD0707,1,1217.98,1217.98
HITM0004967,HORD001573,PRD0261,1,3026.48,3026.48
HITM0004968,HORD001573,PRD0764,2,472.57,945.14
HITM0004969,HORD001573,PRD0798,1,418.33,418.33
HITM0004970,HORD001574,PRD0716,1,120.76,120.76
HITM0004971,HORD001574,PRD0919,2,192.13,384.26
HITM0004972,HORD001574,PRD0521,2,2461.03,4922.06
HITM0004973,HORD001574,PRD0645,2,1142.68,2285.36
HITM0004974,HORD001575,PRD0877,1,1849.07,1849.07
HITM0004975,HORD001575,PRD0514,1,1738.15,1738.15
HITM0004976,HORD001575,PRD0819,1,269.55,269.55
HITM0004977,HORD001576,PRD0993,1,750.11,750.11
HITM0004978,HORD001576,PRD0270,1,218.48,218.48
HITM0004979,HORD001577,PRD0310,1,161.31,161.31
HITM0004980,HORD001577,PRD0627,1,857.8,857.8
HITM0004981,HORD001578,PRD0399,2,1231.55,2463.1
HITM0004982,HORD001578,PRD0252,1,879.59,879.59
HITM0004983,HORD001579,PRD0635,1,576.88,576.88
HITM0004984,HORD001579,PRD0894,2,3415.6,6831.2
HITM0004985,HORD001579,PRD0589,1,824.97,824.97
HITM0004986,HORD001580,PRD0690,1,296.31,296.31
HITM0004987,HORD001580,PRD0256,1,432.88,432.88
HITM0004988,HORD001580,PRD0474,1,480.29,480.29
HITM0004989,HORD001581,PRD0227,2,922.85,1845.7
HITM0004990,HORD001581,PRD0090,2,136.64,273.28
HITM0004991,HORD001581,PRD0519,1,268.64,268.64
HITM0004992,HORD001581,PRD0639,1,1114.83,1114.83
HITM0004993,HORD001581,PRD0100,1,328.27,328.27
HITM0004994,HORD001582,PRD0315,2,58.99,117.98
HITM0004995,HORD001582,PRD0799,1,114.07,114.07
HITM0004996,HORD001582,PRD0767,2,380.35,760.7
HITM0004997,HORD001583,PRD0540,1,301.77,301.77
HITM0004998,HORD001583,PRD0916,1,784.31,784.31
HITM0004999,HORD001583,PRD0802,1,715.6,715.6
HITM0005000,HORD001583,PRD0392,2,1492.32,2984.64
HITM0005001,HORD001583,PRD0520,1,188.8,188.8
HITM0005002,HORD001584,PRD0559,1,109.7,109.7
HITM0005003,HORD001584,PRD0290,2,53.02,106.04
HITM0005004,HORD001584,PRD0223,1,1459.56,1459.56
HITM0005005,HORD001585,PRD0918,1,911.04,911.04
HITM0005006,HORD001585,PRD0156,1,115.73,115.73
HITM0005007,HORD001585,PRD0582,2,1513.23,3026.46
HITM0005008,HORD001586,PRD0769,3,798.58,2395.74
HITM0005009,HORD001586,PRD0177,1,535.99,535.99
HITM0005010,HORD001586,PRD0983,1,863.49,863.49
HITM0005011,HORD001587,PRD0830,1,146.02,146.02
HITM0005012,HORD001587,PRD0100,1,328.27,328.27
HITM0005013,HORD001588,PRD0678,2,904.89,1809.78
HITM0005014,HORD001588,PRD0105,1,385.04,385.04
HITM0005015,HORD001588,PRD0735,1,1149.06,1149.06
HITM0005016,HORD001589,PRD0783,1,1427.48,1427.48
HITM0005017,HORD001590,PRD0670,2,137.8,275.6
HITM0005018,HORD001590,PRD0561,2,2317.58,4635.16
HITM0005019,HORD001590,PRD0252,1,879.59,879.59
HITM0005020,HORD001591,PRD0689,1,277.28,277.28
HITM0005021,HORD001591,PRD0597,1,2095.04,2095.04
HITM0005022,HORD001591,PRD0729,1,1304.27,1304.27
HITM0005023,HORD001591,PRD0415,1,191.7,191.7
HITM0005024,HORD001592,PRD0975,1,723.09,723.09
HITM0005025,HORD001592,PRD0837,1,470.72,470.72
HITM0005026,HORD001593,PRD0220,1,187.94,187.94
HITM0005027,HORD001593,PRD0021,1,1350.17,1350.17
HITM0005028,HORD001593,PRD0395,1,1111.47,1111.47
HITM0005029,HORD001594,PRD0862,1,612.88,612.88
HITM0005030,HORD001594,PRD0173,1,270.07,270.07
HITM0005031,HORD001594,PRD0415,1,191.7,191.7
HITM0005032,HORD001594,PRD0959,1,182.03,182.03
HITM0005033,HORD001595,PRD0633,2,1341.18,2682.36
HITM0005034,HORD001595,PRD0592,1,448.87,448.87
HITM0005035,HORD001595,PRD0773,1,310.58,310.58
HITM0005036,HORD001595,PRD0022,2,778.88,1557.76
HITM0005037,HORD001596,PRD0866,3,369.1,1107.3
HITM0005038,HORD001596,PRD0510,1,112.56,112.56
HITM0005039,HORD001597,PRD0066,2,545.23,1090.46
HITM0005040,HORD001597,PRD0725,1,282.7,282.7
HITM0005041,HORD001597,PRD0934,1,524.96,524.96
HITM0005042,HORD001597,PRD0289,2,1205.3,2410.6
HITM0005043,HORD001598,PRD0750,1,262.52,262.52
HITM0005044,HORD001598,PRD0472,1,828.5,828.5
HITM0005045,HORD001598,PRD0228,1,946.39,946.39
HITM0005046,HORD001598,PRD0752,1,933.7,933.7
HITM0005047,HORD001599,PRD0102,1,1498.33,1498.33
HITM0005048,HORD001599,PRD0826,1,89.12,89.12
HITM0005049,HORD001599,PRD0684,1,3458.02,3458.02
HITM0005050,HORD001599,PRD0230,1,34.01,34.01
HITM0005051,HORD001600,PRD0028,1,160.23,160.23
HITM0005052,HORD001600,PRD0227,2,922.85,1845.7
HITM0005053,HORD001601,PRD0317,1,2197.9,2197.9
HITM0005054,HORD001601,PRD0186,2,778.69,1557.38
HITM0005055,HORD001601,PRD0765,2,724.29,1448.58
HITM0005056,HORD001601,PRD0308,2,524.45,1048.9
HITM0005057,HORD001602,PRD0581,2,2366.29,4732.58
HITM0005058,HORD001602,PRD0395,2,1111.47,2222.94
HITM0005059,HORD001602,PRD0431,2,2880.93,5761.86
HITM0005060,HORD001603,PRD0540,2,301.77,603.54
HITM0005061,HORD001603,PRD0604,1,2778.09,2778.09
HITM0005062,HORD001603,PRD0001,1,2639.78,2639.78
HITM0005063,HORD001603,PRD0929,1,131.55,131.55
HITM0005064,HORD001604,PRD0282,1,1092.79,1092.79
HITM0005065,HORD001605,PRD0090,1,136.64,136.64
HITM0005066,HORD001605,PRD0159,2,897.22,1794.44
HITM0005067,HORD001606,PRD0757,2,915.35,1830.7
HITM0005068,HORD001607,PRD0430,2,348.93,697.86
HITM0005069,HORD001607,PRD0653,2,514.7,1029.4
HITM0005070,HORD001607,PRD0225,1,1003.93,1003.93
HITM0005071,HORD001607,PRD0922,1,693.11,693.11
HITM0005072,HORD001607,PRD0272,1,839.78,839.78
HITM0005073,HORD001608,PRD0856,1,429.74,429.74
HITM0005074,HORD001608,PRD0258,1,816.42,816.42
HITM0005075,HORD001608,PRD0605,2,964.1,1928.2
HITM0005076,HORD001609,PRD0526,1,44.24,44.24
HITM0005077,HORD001610,PRD0344,1,2946.2,2946.2
HITM0005078,HORD001610,PRD0204,2,1670.01,3340.02
HITM0005079,HORD001610,PRD0104,1,3475.57,3475.57
HITM0005080,HORD001610,PRD0526,2,44.24,88.48
HITM0005081,HORD001611,PRD0881,1,1385.81,1385.81
HITM0005082,HORD001611,PRD0448,1,1005.39,1005.39
HITM0005083,HORD001611,PRD0789,1,928.44,928.44
HITM0005084,HORD001611,PRD0767,1,380.35,380.35
HITM0005085,HORD001611,PRD0831,2,1878.68,3757.36
HITM0005086,HORD001612,PRD0837,1,470.72,470.72
HITM0005087,HORD001612,PRD0249,1,1215.99,1215.99
HITM0005088,HORD001612,PRD0558,2,1004.64,2009.28
HITM0005089,HORD001613,PRD0321,1,1488.38,1488.38
HITM0005090,HORD001613,PRD0249,1,1215.99,1215.99
HITM0005091,HORD001613,PRD0736,1,171.3,171.3
HITM0005092,HORD001613,PRD0524,1,782.83,782.83
HITM0005093,HORD001614,PRD0190,1,34.34,34.34
HITM0005094,HORD001614,PRD0310,1,161.31,161.31
HITM0005095,HORD001614,PRD0517,1,2094.09,2094.09
HITM0005096,HORD001615,PRD0816,1,377.97,377.97
HITM0005097,HORD001615,PRD0932,1,326.42,326.42
HITM0005098,HORD001615,PRD0761,2,2430.17,4860.34
HITM0005099,HORD001615,PRD0805,2,1065.34,2130.68
HITM0005100,HORD001616,PRD0618,1,208.79,208.79
HITM0005101,HORD001616,PRD0078,1,451.23,451.23
HITM0005102,HORD001616,PRD0957,1,1668.98,1668.98
HITM0005103,HORD001616,PRD0695,1,908.69,908.69
HITM0005104,HORD001617,PRD0366,1,428.57,428.57
HITM0005105,HORD001617,PRD0703,1,716.42,716.42
HITM0005106,HORD001617,PRD0169,3,445.45,1336.35
HITM0005107,HORD001617,PRD0150,2,302.63,605.26
HITM0005108,HORD001618,PRD0126,1,499.59,499.59
HITM0005109,HORD001618,PRD0138,1,99.85,99.85
HITM0005110,HORD001618,PRD0281,1,3193.12,3193.12
HITM0005111,HORD001618,PRD0328,1,650.32,650.32
HITM0005112,HORD001618,PRD0206,1,190.8,190.8
HITM0005113,HORD001619,PRD0619,1,238.4,238.4
HITM0005114,HORD001619,PRD0791,1,2467.42,2467.42
HITM0005115,HORD001620,PRD0517,1,2094.09,2094.09
HITM0005116,HORD001620,PRD0268,2,226.89,453.78
HITM0005117,HORD001621,PRD0282,1,1092.79,1092.79
HITM0005118,HORD001621,PRD0330,1,51.67,51.67
HITM0005119,HORD001621,PRD0336,1,110.53,110.53
HITM0005120,HORD001622,PRD0267,2,2030.91,4061.82
HITM0005121,HORD001622,PRD0265,1,542.34,542.34
HITM0005122,HORD001623,PRD0255,1,426.01,426.01
HITM0005123,HORD001623,PRD0296,1,122.37,122.37
HITM0005124,HORD001623,PRD0404,2,2672.02,5344.04
HITM0005125,HORD001624,PRD0120,2,266.59,533.18
HITM0005126,HORD001624,PRD0434,1,1669.95,1669.95
HITM0005127,HORD001624,PRD0980,1,398.63,398.63
HITM0005128,HORD001625,PRD0308,2,524.45,1048.9
HITM0005129,HORD001625,PRD0925,2,56.69,113.38
HITM0005130,HORD001625,PRD0592,3,448.87,1346.61
HITM0005131,HORD001626,PRD0768,1,73.54,73.54
HITM0005132,HORD001626,PRD0056,1,437.03,437.03
HITM0005133,HORD001626,PRD0611,1,1417.98,1417.98
HITM0005134,HORD001627,PRD0272,2,839.78,1679.56
HITM0005135,HORD001628,PRD0262,1,893.46,893.46
HITM0005136,HORD001628,PRD0368,2,759.57,1519.14
HITM0005137,HORD001628,PRD0725,1,282.7,282.7
HITM0005138,HORD001629,PRD0712,1,1119.82,1119.82
HITM0005139,HORD001629,PRD0494,1,2689.23,2689.23
HITM0005140,HORD001629,PRD0506,1,187.88,187.88
HITM0005141,HORD001630,PRD0438,2,104.09,208.18
HITM0005142,HORD001630,PRD0406,1,184.6,184.6
HITM0005143,HORD001630,PRD0426,1,726.65,726.65
HITM0005144,HORD001630,PRD0495,1,692.95,692.95
HITM0005145,HORD001630,PRD0567,1,1572.22,1572.22
HITM0005146,HORD001631,PRD0242,1,1531.86,1531.86
HITM0005147,HORD001631,PRD0081,1,1855.65,1855.65
HITM0005148,HORD001632,PRD0469,1,274.61,274.61
HITM0005149,HORD001632,PRD0006,1,35.37,35.37
HITM0005150,HORD001632,PRD0518,1,127.55,127.55
HITM0005151,HORD001633,PRD0040,1,201.64,201.64
HITM0005152,HORD001633,PRD0368,1,759.57,759.57
HITM0005153,HORD001634,PRD0315,2,58.99,117.98
HITM0005154,HORD001634,PRD0781,2,2713.32,5426.64
HITM0005155,HORD001634,PRD0398,3,341.64,1024.92
HITM0005156,HORD001635,PRD0456,1,117.59,117.59
HITM0005157,HORD001635,PRD0040,1,201.64,201.64
HITM0005158,HORD001635,PRD0515,2,1179.28,2358.56
HITM0005159,HORD001636,PRD0895,1,567.08,567.08
HITM0005160,HORD001636,PRD0680,1,103.14,103.14
HITM0005161,HORD001636,PRD0546,2,361.61,723.22
HITM0005162,HORD001637,PRD0799,2,114.07,228.14
HITM0005163,HORD001638,PRD0020,1,148.97,148.97
HITM0005164,HORD001638,PRD0689,1,277.28,277.28
HITM0005165,HORD001638,PRD0330,1,51.67,51.67
HITM0005166,HORD001639,PRD0250,1,329.47,329.47
HITM0005167,HORD001639,PRD0072,1,982.29,982.29
HITM0005168,HORD001639,PRD0260,1,86.88,86.88
HITM0005169,HORD001639,PRD0217,1,1737.26,1737.26
HITM0005170,HORD001640,PRD0128,1,394.68,394.68
HITM0005171,HORD001640,PRD0287,2,2154.08,4308.16
HITM0005172,HORD001641,PRD0570,1,179.75,179.75
HITM0005173,HORD001641,PRD0736,1,171.3,171.3
HITM0005174,HORD001641,PRD0690,2,296.31,592.62
HITM0005175,HORD001642,PRD0148,1,1096.52,1096.52
HITM0005176,HORD001642,PRD0754,1,2370.32,2370.32
HITM0005177,HORD001642,PRD0170,1,275.39,275.39
HITM0005178,HORD001642,PRD0767,1,380.35,380.35
HITM0005179,HORD001643,PRD0293,2,644.4,1288.8
HITM0005180,HORD001643,PRD0219,1,888.21,888.21
HITM0005181,HORD001643,PRD0660,1,89.27,89.27
HITM0005182,HORD001643,PRD0835,1,240.61,240.61
HITM0005183,HORD001644,PRD0910,1,28.09,28.09
HITM0005184,HORD001644,PRD0866,1,369.1,369.1
HITM0005185,HORD001645,PRD0640,1,23.59,23.59
HITM0005186,HORD001645,PRD0811,1,3124.99,3124.99
HITM0005187,HORD001645,PRD0555,2,955.38,1910.76
HITM0005188,HORD001646,PRD0295,1,607.48,607.48
HITM0005189,HORD001646,PRD0929,1,131.55,131.55
HITM0005190,HORD001647,PRD0066,1,545.23,545.23
HITM0005191,HORD001647,PRD0458,2,825.04,1650.08
HITM0005192,HORD001647,PRD0927,1,138.39,138.39
HITM0005193,HORD001647,PRD0600,1,222.54,222.54
HITM0005194,HORD001647,PRD0345,1,752.34,752.34
HITM0005195,HORD001648,PRD0257,1,1854.63,1854.63
HITM0005196,HORD001648,PRD0474,1,480.29,480.29
HITM0005197,HORD001648,PRD0863,1,1472.8,1472.8
HITM0005198,HORD001648,PRD0904,1,2587.28,2587.28
HITM0005199,HORD001649,PRD0620,1,339.14,339.14
HITM0005200,HORD001649,PRD0137,1,125.48,125.48
HITM0005201,HORD001649,PRD0063,1,1221.39,1221.39
HITM0005202,HORD001649,PRD0290,1,53.02,53.02
HITM0005203,HORD001649,PRD0020,1,148.97,148.97
HITM0005204,HORD001650,PRD0429,1,1481.5,1481.5
HITM0005205,HORD001650,PRD0271,3,1003.21,3009.63
HITM0005206,HORD001650,PRD0255,2,426.01,852.02
HITM0005207,HORD001650,PRD0534,1,458.42,458.42
HITM0005208,HORD001651,PRD0986,1,419.88,419.88
HITM0005209,HORD001651,PRD0775,1,668.73,668.73
HITM0005210,HORD001651,PRD0984,1,2245.63,2245.63
HITM0005211,HORD001651,PRD0588,2,544.11,1088.22
HITM0005212,HORD001652,PRD0933,1,1243.12,1243.12
HITM0005213,HORD001652,PRD0581,2,2366.29,4732.58
HITM0005214,HORD001652,PRD0805,2,1065.34,2130.68
HITM0005215,HORD001653,PRD0736,2,171.3,342.6
HITM0005216,HORD001653,PRD0613,1,1377.73,1377.73
HITM0005217,HORD001653,PRD0774,1,1734.69,1734.69
HITM0005218,HORD001654,PRD0976,1,714.76,714.76
HITM0005219,HORD001654,PRD0977,2,327.77,655.54
HITM0005220,HORD001654,PRD0994,1,2732.71,2732.71
HITM0005221,HORD001654,PRD0182,1,986.88,986.88
HITM0005222,HORD001655,PRD0586,1,751.47,751.47
HITM0005223,HORD001655,PRD0406,1,184.6,184.6
HITM0005224,HORD001655,PRD0287,1,2154.08,2154.08
HITM0005225,HORD001655,PRD0325,2,607.53,1215.06
HITM0005226,HORD001656,PRD0305,1,346.95,346.95
HITM0005227,HORD001656,PRD0344,1,2946.2,2946.2
HITM0005228,HORD001656,PRD0069,1,398.01,398.01
HITM0005229,HORD001656,PRD0801,2,1592.9,3185.8
HITM0005230,HORD001657,PRD0095,1,590.13,590.13
HITM0005231,HORD001657,PRD0654,2,1208.24,2416.48
HITM0005232,HORD001657,PRD0252,1,879.59,879.59
HITM0005233,HORD001657,PRD0837,1,470.72,470.72
HITM0005234,HORD001658,PRD0010,3,39.45,118.35
HITM0005235,HORD001658,PRD0465,1,778.89,778.89
HITM0005236,HORD001659,PRD0080,1,122.76,122.76
HITM0005237,HORD001659,PRD0526,1,44.24,44.24
HITM0005238,HORD001659,PRD0497,1,1779.73,1779.73
HITM0005239,HORD001660,PRD0699,1,1102.07,1102.07
HITM0005240,HORD001660,PRD0825,1,841.2,841.2
HITM0005241,HORD001661,PRD0820,1,31.29,31.29
HITM0005242,HORD001661,PRD0583,1,1484.65,1484.65
HITM0005243,HORD001661,PRD0098,1,1046.87,1046.87
HITM0005244,HORD001662,PRD0974,1,1232.06,1232.06
HITM0005245,HORD001662,PRD0645,1,1142.68,1142.68
HITM0005246,HORD001663,PRD0245,1,595.29,595.29
HITM0005247,HORD001663,PRD0660,1,89.27,89.27
HITM0005248,HORD001663,PRD0849,1,115.9,115.9
HITM0005249,HORD001664,PRD0090,1,136.64,136.64
HITM0005250,HORD001664,PRD0963,2,648.79,1297.58
HITM0005251,HORD001664,PRD0525,1,135.44,135.44
HITM0005252,HORD001665,PRD0532,1,386.41,386.41
HITM0005253,HORD001665,PRD0870,1,360.59,360.59
HITM0005254,HORD001665,PRD0194,1,3007.67,3007.67
HITM0005255,HORD001666,PRD0604,1,2778.09,2778.09
HITM0005256,HORD001666,PRD0178,2,176.94,353.88
HITM0005257,HORD001667,PRD0745,1,494.7,494.7
HITM0005258,HORD001667,PRD0790,3,55.39,166.17
HITM0005259,HORD001667,PRD0651,1,1981.28,1981.28
HITM0005260,HORD001668,PRD0832,2,1613.0,3226.0
HITM0005261,HORD001669,PRD0275,1,394.33,394.33
HITM0005262,HORD001669,PRD0930,1,298.86,298.86
HITM0005263,HORD001669,PRD0849,1,115.9,115.9
HITM0005264,HORD001670,PRD0626,1,139.26,139.26
HITM0005265,HORD001670,PRD0792,1,1480.93,1480.93
HITM0005266,HORD001671,PRD0359,1,1203.77,1203.77
HITM0005267,HORD001671,PRD0844,1,3853.97,3853.97
HITM0005268,HORD001671,PRD0456,1,117.59,117.59
HITM0005269,HORD001671,PRD0535,1,878.27,878.27
HITM0005270,HORD001672,PRD0673,1,548.1,548.1
HITM0005271,HORD001672,PRD0858,1,363.41,363.41
HITM0005272,HORD001672,PRD0532,1,386.41,386.41
HITM0005273,HORD001672,PRD0128,1,394.68,394.68
HITM0005274,HORD001672,PRD0730,1,388.14,388.14
HITM0005275,HORD001673,PRD0395,1,1111.47,1111.47
HITM0005276,HORD001673,PRD0069,2,398.01,796.02
HITM0005277,HORD001674,PRD0673,2,548.1,1096.2
HITM0005278,HORD001674,PRD0568,2,299.47,598.94
HITM0005279,HORD001674,PRD0680,2,103.14,206.28
HITM0005280,HORD001675,PRD0355,1,1138.32,1138.32
HITM0005281,HORD001675,PRD0498,1,309.85,309.85
HITM0005282,HORD001676,PRD0097,2,458.08,916.16
HITM0005283,HORD001676,PRD0131,1,2191.15,2191.15
HITM0005284,HORD001677,PRD0214,1,1445.79,1445.79
HITM0005285,HORD001678,PRD0117,1,1668.5,1668.5
HITM0005286,HORD001678,PRD0793,2,760.3,1520.6
HITM0005287,HORD001678,PRD0379,1,888.83,888.83
HITM0005288,HORD001678,PRD0920,1,123.07,123.07
HITM0005289,HORD001678,PRD0466,1,460.08,460.08
HITM0005290,HORD001679,PRD0339,1,1448.64,1448.64
HITM0005291,HORD001680,PRD0027,1,116.57,116.57
HITM0005292,HORD001680,PRD0253,2,1322.89,2645.78
HITM0005293,HORD001680,PRD0985,1,77.36,77.36
HITM0005294,HORD001680,PRD0768,2,73.54,147.08
HITM0005295,HORD001680,PRD0292,1,643.6,643.6
HITM0005296,HORD001681,PRD0033,1,1096.91,1096.91
HITM0005297,HORD001681,PRD0173,2,270.07,540.14
HITM0005298,HORD001682,PRD0430,2,348.93,697.86
HITM0005299,HORD001682,PRD0764,1,472.57,472.57
HITM0005300,HORD001682,PRD0726,3,256.01,768.03
HITM0005301,HORD001682,PRD0135,1,715.95,715.95
HITM0005302,HORD001682,PRD0328,1,650.32,650.32
HITM0005303,HORD001683,PRD0267,1,2030.91,2030.91
HITM0005304,HORD001683,PRD0310,1,161.31,161.31
HITM0005305,HORD001683,PRD0265,1,542.34,542.34
HITM0005306,HORD001684,PRD0967,1,2053.47,2053.47
HITM0005307,HORD001684,PRD0829,1,328.42,328.42
HITM0005308,HORD001685,PRD0180,1,356.72,356.72
HITM0005309,HORD001685,PRD0236,2,313.33,626.66
HITM0005310,HORD001686,PRD0260,1,86.88,86.88
HITM0005311,HORD001686,PRD0655,2,424.11,848.22
HITM0005312,HORD001686,PRD0940,1,227.03,227.03
HITM0005313,HORD001687,PRD0472,1,828.5,828.5
HITM0005314,HORD001687,PRD0359,1,1203.77,1203.77
HITM0005315,HORD001688,PRD0160,1,21.4,21.4
HITM0005316,HORD001688,PRD0010,1,39.45,39.45
HITM0005317,HORD001688,PRD0278,1,83.35,83.35
HITM0005318,HORD001689,PRD0063,2,1221.39,2442.78
HITM0005319,HORD001689,PRD0140,1,347.21,347.21
HITM0005320,HORD001690,PRD0768,1,73.54,73.54
HITM0005321,HORD001690,PRD0922,2,693.11,1386.22
HITM0005322,HORD001691,PRD0511,1,1297.34,1297.34
HITM0005323,HORD001691,PRD0047,2,663.9,1327.8
HITM0005324,HORD001692,PRD0292,2,643.6,1287.2
HITM0005325,HORD001692,PRD0549,1,850.69,850.69
HITM0005326,HORD001693,PRD0516,1,742.63,742.63
HITM0005327,HORD001693,PRD0507,1,135.21,135.21
HITM0005328,HORD001693,PRD0970,1,107.81,107.81
HITM0005329,HORD001693,PRD0546,1,361.61,361.61
HITM0005330,HORD001693,PRD0099,1,892.92,892.92
HITM0005331,HORD001694,PRD0306,1,422.96,422.96
HITM0005332,HORD001695,PRD0235,1,248.42,248.42
HITM0005333,HORD001695,PRD0938,1,103.84,103.84
HITM0005334,HORD001695,PRD0016,1,346.08,346.08
HITM0005335,HORD001696,PRD0530,2,220.26,440.52
HITM0005336,HORD001696,PRD0927,1,138.39,138.39
HITM0005337,HORD001696,PRD0274,1,416.56,416.56
HITM0005338,HORD001697,PRD0221,3,2212.0,6636.0
HITM0005339,HORD001697,PRD0850,1,37.87,37.87
HITM0005340,HORD001697,PRD0450,1,56.05,56.05
HITM0005341,HORD001697,PRD0625,1,122.46,122.46
HITM0005342,HORD001698,PRD0379,1,888.83,888.83
HITM0005343,HORD001698,PRD0452,1,687.28,687.28
HITM0005344,HORD001698,PRD0237,1,983.57,983.57
HITM0005345,HORD001698,PRD0239,1,984.36,984.36
HITM0005346,HORD001699,PRD0567,1,1572.22,1572.22
HITM0005347,HORD001699,PRD0430,1,348.93,348.93
HITM0005348,HORD001699,PRD0129,1,584.17,584.17
HITM0005349,HORD001700,PRD0878,1,689.64,689.64
HITM0005350,HORD001700,PRD0330,1,51.67,51.67
HITM0005351,HORD001700,PRD0471,1,1547.86,1547.86
HITM0005352,HORD001700,PRD0975,2,723.09,1446.18
HITM0005353,HORD001700,PRD0290,1,53.02,53.02
HITM0005354,HORD001701,PRD0117,1,1668.5,1668.5
HITM0005355,HORD001701,PRD0327,1,812.84,812.84
HITM0005356,HORD001701,PRD0706,1,377.51,377.51
HITM0005357,HORD001701,PRD0644,1,3406.46,3406.46
HITM0005358,HORD001702,PRD0214,1,1445.79,1445.79
HITM0005359,HORD001702,PRD0229,1,1192.23,1192.23
HITM0005360,HORD001702,PRD0749,1,1242.7,1242.7
HITM0005361,HORD001703,PRD0707,1,1217.98,1217.98
HITM0005362,HORD001703,PRD0405,3,1063.36,3190.08
HITM0005363,HORD001703,PRD0998,2,366.72,733.44
HITM0005364,HORD001704,PRD0621,1,1360.63,1360.63
HITM0005365,HORD001704,PRD0184,1,869.57,869.57
HITM0005366,HORD001704,PRD0095,1,590.13,590.13
HITM0005367,HORD001704,PRD0459,2,461.78,923.56
HITM0005368,HORD001705,PRD0937,2,435.56,871.12
HITM0005369,HORD001705,PRD0636,1,418.01,418.01
HITM0005370,HORD001705,PRD0113,1,756.1,756.1
HITM0005371,HORD001706,PRD0252,1,879.59,879.59
HITM0005372,HORD001706,PRD0708,1,1093.2,1093.2
HITM0005373,HORD001706,PRD0817,1,1184.03,1184.03
HITM0005374,HORD001707,PRD0415,1,191.7,191.7
HITM0005375,HORD001707,PRD0223,1,1459.56,1459.56
HITM0005376,HORD001707,PRD0520,1,188.8,188.8
HITM0005377,HORD001707,PRD0125,1,108.47,108.47
HITM0005378,HORD001707,PRD0794,3,4029.39,12088.17
HITM0005379,HORD001708,PRD0908,2,136.87,273.74
HITM0005380,HORD001708,PRD0530,1,220.26,220.26
HITM0005381,HORD001708,PRD0333,2,621.74,1243.48
HITM0005382,HORD001708,PRD0753,1,372.43,372.43
HITM0005383,HORD001709,PRD0252,1,879.59,879.59
HITM0005384,HORD001709,PRD0706,1,377.51,377.51
HITM0005385,HORD001709,PRD0275,1,394.33,394.33
HITM0005386,HORD001710,PRD0250,1,329.47,329.47
HITM0005387,HORD001710,PRD0157,1,1264.96,1264.96
HITM0005388,HORD001711,PRD0875,2,73.21,146.42
HITM0005389,HORD001711,PRD0727,1,2045.32,2045.32
HITM0005390,HORD001711,PRD0390,1,153.47,153.47
HITM0005391,HORD001711,PRD0783,1,1427.48,1427.48
HITM0005392,HORD001712,PRD0430,1,348.93,348.93
HITM0005393,HORD001712,PRD0699,2,1102.07,2204.14
HITM0005394,HORD001712,PRD0466,2,460.08,920.16
HITM0005395,HORD001713,PRD0496,1,519.08,519.08
HITM0005396,HORD001713,PRD0329,2,100.62,201.24
HITM0005397,HORD001713,PRD0761,1,2430.17,2430.17
HITM0005398,HORD001714,PRD0278,1,83.35,83.35
HITM0005399,HORD001714,PRD0056,1,437.03,437.03
HITM0005400,HORD001714,PRD0542,1,1733.18,1733.18
HITM0005401,HORD001715,PRD0247,2,1546.72,3093.44
HITM0005402,HORD001715,PRD0240,2,116.74,233.48
HITM0005403,HORD001715,PRD0869,1,131.2,131.2
HITM0005404,HORD001716,PRD0121,1,3030.38,3030.38
HITM0005405,HORD001717,PRD0623,1,1330.89,1330.89
HITM0005406,HORD001717,PRD0057,3,2445.72,7337.16
HITM0005407,HORD001718,PRD0136,1,339.97,339.97
HITM0005408,HORD001718,PRD0662,1,477.61,477.61
HITM0005409,HORD001718,PRD0620,1,339.14,339.14
HITM0005410,HORD001719,PRD0372,1,330.93,330.93
HITM0005411,HORD001719,PRD0724,1,2896.31,2896.31
HITM0005412,HORD001719,PRD0105,1,385.04,385.04
HITM0005413,HORD001720,PRD0005,3,793.64,2380.92
HITM0005414,HORD001720,PRD0099,1,892.92,892.92
HITM0005415,HORD001721,PRD0689,1,277.28,277.28
HITM0005416,HORD001721,PRD0478,2,917.54,1835.08
HITM0005417,HORD001722,PRD0456,1,117.59,117.59
HITM0005418,HORD001722,PRD0107,2,559.52,1119.04
HITM0005419,HORD001722,PRD0315,1,58.99,58.99
HITM0005420,HORD001722,PRD0570,2,179.75,359.5
HITM0005421,HORD001723,PRD0818,1,690.8,690.8
HITM0005422,HORD001723,PRD0880,1,132.59,132.59
HITM0005423,HORD001723,PRD0116,1,328.2,328.2
HITM0005424,HORD001723,PRD0077,1,604.37,604.37
HITM0005425,HORD001724,PRD0891,2,2138.63,4277.26
HITM0005426,HORD001724,PRD0119,1,756.54,756.54
HITM0005427,HORD001724,PRD0606,2,49.01,98.02
HITM0005428,HORD001724,PRD0620,3,339.14,1017.42
HITM0005429,HORD001724,PRD0822,1,1288.35,1288.35
HITM0005430,HORD001725,PRD0338,1,602.72,602.72
HITM0005431,HORD001725,PRD0439,2,323.08,646.16
HITM0005432,HORD001725,PRD0810,1,393.15,393.15
HITM0005433,HORD001726,PRD0488,1,780.13,780.13
HITM0005434,HORD001726,PRD0952,1,1636.67,1636.67
HITM0005435,HORD001727,PRD0290,2,53.02,106.04
HITM0005436,HORD001727,PRD0495,1,692.95,692.95
HITM0005437,HORD001727,PRD0220,1,187.94,187.94
HITM0005438,HORD001727,PRD0255,3,426.01,1278.03
HITM0005439,HORD001728,PRD0799,1,114.07,114.07
HITM0005440,HORD001728,PRD0670,2,137.8,275.6
HITM0005441,HORD001729,PRD0966,2,706.39,1412.78
HITM0005442,HORD001730,PRD0069,1,398.01,398.01
HITM0005443,HORD001730,PRD0880,1,132.59,132.59
HITM0005444,HORD001730,PRD0012,1,1122.89,1122.89
HITM0005445,HORD001730,PRD0125,1,108.47,108.47
HITM0005446,HORD001731,PRD0456,1,117.59,117.59
HITM0005447,HORD001731,PRD0950,1,238.05,238.05
HITM0005448,HORD001731,PRD0080,2,122.76,245.52
HITM0005449,HORD001732,PRD0376,1,811.77,811.77
HITM0005450,HORD001732,PRD0097,1,458.08,458.08
HITM0005451,HORD001732,PRD0123,1,1257.07,1257.07
HITM0005452,HORD001733,PRD0800,1,168.54,168.54
HITM0005453,HORD001734,PRD0778,1,1004.54,1004.54
HITM0005454,HORD001734,PRD0638,1,675.35,675.35
HITM0005455,HORD001734,PRD0706,1,377.51,377.51
HITM0005456,HORD001735,PRD0479,1,660.2,660.2
HITM0005457,HORD001735,PRD0456,1,117.59,117.59
HITM0005458,HORD001735,PRD0512,1,1262.67,1262.67
HITM0005459,HORD001735,PRD0977,1,327.77,327.77
HITM0005460,HORD001736,PRD0574,2,1085.51,2171.02
HITM0005461,HORD001736,PRD0449,1,792.41,792.41
HITM0005462,HORD001737,PRD0476,1,658.84,658.84
HITM0005463,HORD001737,PRD0196,1,373.5,373.5
HITM0005464,HORD001737,PRD0044,2,649.62,1299.24
HITM0005465,HORD001737,PRD0522,1,1270.84,1270.84
HITM0005466,HORD001737,PRD0330,1,51.67,51.67
HITM0005467,HORD001738,PRD0308,1,524.45,524.45
HITM0005468,HORD001738,PRD0092,1,651.72,651.72
HITM0005469,HORD001738,PRD0468,1,388.69,388.69
HITM0005470,HORD001738,PRD0671,1,926.06,926.06
HITM0005471,HORD001739,PRD0094,1,1868.0,1868.0
HITM0005472,HORD001739,PRD0763,1,950.45,950.45
HITM0005473,HORD001739,PRD0533,1,1118.9,1118.9
HITM0005474,HORD001739,PRD0095,1,590.13,590.13
HITM0005475,HORD001739,PRD0345,1,752.34,752.34
HITM0005476,HORD001740,PRD0726,1,256.01,256.01
HITM0005477,HORD001740,PRD0502,1,553.17,553.17
HITM0005478,HORD001740,PRD0345,1,752.34,752.34
HITM0005479,HORD001740,PRD0207,1,1636.46,1636.46
HITM0005480,HORD001741,PRD0327,1,812.84,812.84
HITM0005481,HORD001741,PRD0538,1,748.35,748.35
HITM0005482,HORD001741,PRD0609,1,83.83,83.83
HITM0005483,HORD001741,PRD0135,2,715.95,1431.9
HITM0005484,HORD001742,PRD0356,1,246.85,246.85
HITM0005485,HORD001742,PRD0415,1,191.7,191.7
HITM0005486,HORD001742,PRD0029,1,418.31,418.31
HITM0005487,HORD001742,PRD0295,3,607.48,1822.44
HITM0005488,HORD001743,PRD0609,1,83.83,83.83
HITM0005489,HORD001743,PRD0286,1,666.41,666.41
HITM0005490,HORD001744,PRD0005,1,793.64,793.64
HITM0005491,HORD001744,PRD0230,2,34.01,68.02
HITM0005492,HORD001744,PRD0258,2,816.42,1632.84
HITM0005493,HORD001745,PRD0214,1,1445.79,1445.79
HITM0005494,HORD001745,PRD0456,1,117.59,117.59
HITM0005495,HORD001745,PRD0638,1,675.35,675.35
HITM0005496,HORD001746,PRD0130,2,183.26,366.52
HITM0005497,HORD001746,PRD0010,1,39.45,39.45
HITM0005498,HORD001746,PRD0270,3,218.48,655.44
HITM0005499,HORD001747,PRD0360,2,326.09,652.18
HITM0005500,HORD001747,PRD0341,1,2845.05,2845.05
HITM0005501,HORD001747,PRD0771,2,1690.63,3381.26
HITM0005502,HORD001748,PRD0252,1,879.59,879.59
HITM0005503,HORD001748,PRD0561,1,2317.58,2317.58
HITM0005504,HORD001748,PRD0318,2,971.41,1942.82
HITM0005505,HORD001748,PRD0832,1,1613.0,1613.0
HITM0005506,HORD001748,PRD0999,1,892.27,892.27
HITM0005507,HORD001749,PRD0695,1,908.69,908.69
HITM0005508,HORD001749,PRD0335,2,235.04,470.08
HITM0005509,HORD001750,PRD0235,2,248.42,496.84
HITM0005510,HORD001750,PRD0345,1,752.34,752.34
HITM0005511,HORD001751,PRD0420,1,277.28,277.28
HITM0005512,HORD001751,PRD0006,1,35.37,35.37
HITM0005513,HORD001751,PRD0957,1,1668.98,1668.98
HITM0005514,HORD001752,PRD0110,1,197.81,197.81
HITM0005515,HORD001752,PRD0092,2,651.72,1303.44
HITM0005516,HORD001752,PRD0948,2,454.84,909.68
HITM0005517,HORD001752,PRD0495,1,692.95,692.95
HITM0005518,HORD001752,PRD0321,1,1488.38,1488.38
HITM0005519,HORD001753,PRD0950,2,238.05,476.1
HITM0005520,HORD001753,PRD0195,1,951.68,951.68
HITM0005521,HORD001753,PRD0790,1,55.39,55.39
HITM0005522,HORD001753,PRD0704,1,4048.59,4048.59
HITM0005523,HORD001753,PRD0266,1,186.6,186.6
HITM0005524,HORD001754,PRD0896,1,507.02,507.02
HITM0005525,HORD001754,PRD0386,1,567.42,567.42
HITM0005526,HORD001755,PRD0341,2,2845.05,5690.1
HITM0005527,HORD001755,PRD0253,1,1322.89,1322.89
HITM0005528,HORD001755,PRD0434,1,1669.95,1669.95
HITM0005529,HORD001755,PRD0488,1,780.13,780.13
HITM0005530,HORD001756,PRD0330,1,51.67,51.67
HITM0005531,HORD001756,PRD0160,1,21.4,21.4
HITM0005532,HORD001756,PRD0859,1,664.51,664.51
HITM0005533,HORD001757,PRD0221,1,2212.0,2212.0
HITM0005534,HORD001757,PRD0379,1,888.83,888.83
HITM0005535,HORD001757,PRD0860,1,397.97,397.97
HITM0005536,HORD001757,PRD0858,1,363.41,363.41
HITM0005537,HORD001758,PRD0922,2,693.11,1386.22
HITM0005538,HORD001758,PRD0792,1,1480.93,1480.93
HITM0005539,HORD001758,PRD0610,1,167.07,167.07
HITM0005540,HORD001759,PRD0843,3,1524.85,4574.55
HITM0005541,HORD001759,PRD0306,1,422.96,422.96
HITM0005542,HORD001759,PRD0880,1,132.59,132.59
HITM0005543,HORD001759,PRD0672,1,629.2,629.2
HITM0005544,HORD001760,PRD0409,1,165.4,165.4
HITM0005545,HORD001760,PRD0209,1,327.08,327.08
HITM0005546,HORD001760,PRD0397,1,1704.15,1704.15
HITM0005547,HORD001761,PRD0530,2,220.26,440.52
HITM0005548,HORD001761,PRD0969,1,99.89,99.89
HITM0005549,HORD001761,PRD0003,2,342.16,684.32
HITM0005550,HORD001761,PRD0882,2,989.33,1978.66
HITM0005551,HORD001762,PRD0915,2,551.31,1102.62
HITM0005552,HORD001762,PRD0875,1,73.21,73.21
HITM0005553,HORD001763,PRD0867,1,822.76,822.76
HITM0005554,HORD001763,PRD0923,1,1561.37,1561.37
HITM0005555,HORD001763,PRD0082,1,1374.63,1374.63
HITM0005556,HORD001763,PRD0062,1,551.76,551.76
HITM0005557,HORD001764,PRD0963,2,648.79,1297.58
HITM0005558,HORD001764,PRD0505,1,1028.22,1028.22
HITM0005559,HORD001764,PRD0990,1,373.88,373.88
HITM0005560,HORD001765,PRD0782,1,492.79,492.79
HITM0005561,HORD001765,PRD0450,1,56.05,56.05
HITM0005562,HORD001765,PRD0173,1,270.07,270.07
HITM0005563,HORD001766,PRD0361,1,2052.76,2052.76
HITM0005564,HORD001766,PRD0326,1,833.05,833.05
HITM0005565,HORD001767,PRD0083,1,1406.78,1406.78
HITM0005566,HORD001767,PRD0826,1,89.12,89.12
HITM0005567,HORD001767,PRD0208,1,940.02,940.02
HITM0005568,HORD001767,PRD0460,1,289.71,289.71
HITM0005569,HORD001767,PRD0857,1,1044.86,1044.86
HITM0005570,HORD001768,PRD0291,1,2155.05,2155.05
HITM0005571,HORD001768,PRD0101,1,1796.81,1796.81
HITM0005572,HORD001768,PRD0336,1,110.53,110.53
HITM0005573,HORD001768,PRD0280,1,84.08,84.08
HITM0005574,HORD001769,PRD0405,1,1063.36,1063.36
HITM0005575,HORD001769,PRD0820,1,31.29,31.29
HITM0005576,HORD001769,PRD0244,1,807.13,807.13
HITM0005577,HORD001770,PRD0995,1,258.22,258.22
HITM0005578,HORD001770,PRD0490,1,63.94,63.94
HITM0005579,HORD001770,PRD0710,1,161.67,161.67
HITM0005580,HORD001770,PRD0783,2,1427.48,2854.96
HITM0005581,HORD001771,PRD0444,1,3715.62,3715.62
HITM0005582,HORD001771,PRD0292,1,643.6,643.6
HITM0005583,HORD001772,PRD0625,1,122.46,122.46
HITM0005584,HORD001772,PRD0753,1,372.43,372.43
HITM0005585,HORD001772,PRD0640,1,23.59,23.59
HITM0005586,HORD001772,PRD0333,2,621.74,1243.48
HITM0005587,HORD001773,PRD0209,1,327.08,327.08
HITM0005588,HORD001773,PRD0793,2,760.3,1520.6
HITM0005589,HORD001774,PRD0942,1,437.56,437.56
HITM0005590,HORD001774,PRD0736,1,171.3,171.3
HITM0005591,HORD001774,PRD0589,1,824.97,824.97
HITM0005592,HORD001774,PRD0226,2,286.78,573.56
HITM0005593,HORD001774,PRD0462,1,1180.47,1180.47
HITM0005594,HORD001775,PRD0666,1,688.32,688.32
HITM0005595,HORD001775,PRD0174,1,733.71,733.71
HITM0005596,HORD001775,PRD0358,1,1045.44,1045.44
HITM0005597,HORD001775,PRD0950,2,238.05,476.1
HITM0005598,HORD001776,PRD0075,1,360.03,360.03
HITM0005599,HORD001776,PRD0400,1,411.31,411.31
HITM0005600,HORD001776,PRD0473,1,370.27,370.27
HITM0005601,HORD001777,PRD0250,1,329.47,329.47
HITM0005602,HORD001777,PRD0690,2,296.31,592.62
HITM0005603,HORD001777,PRD0266,2,186.6,373.2
HITM0005604,HORD001778,PRD0526,1,44.24,44.24
HITM0005605,HORD001778,PRD0106,1,840.97,840.97
HITM0005606,HORD001778,PRD0244,1,807.13,807.13
HITM0005607,HORD001778,PRD0588,1,544.11,544.11
HITM0005608,HORD001778,PRD0643,2,530.41,1060.82
HITM0005609,HORD001779,PRD0476,1,658.84,658.84
HITM0005610,HORD001779,PRD0345,1,752.34,752.34
HITM0005611,HORD001779,PRD0128,1,394.68,394.68
HITM0005612,HORD001780,PRD0131,1,2191.15,2191.15
HITM0005613,HORD001780,PRD0161,1,2870.46,2870.46
HITM0005614,HORD001780,PRD0303,2,858.46,1716.92
HITM0005615,HORD001780,PRD0513,1,453.22,453.22
HITM0005616,HORD001781,PRD0689,1,277.28,277.28
HITM0005617,HORD001781,PRD0815,1,962.19,962.19
HITM0005618,HORD001781,PRD0988,1,721.76,721.76
HITM0005619,HORD001781,PRD0170,1,275.39,275.39
HITM0005620,HORD001781,PRD0320,1,227.72,227.72
HITM0005621,HORD001782,PRD0477,1,654.36,654.36
HITM0005622,HORD001782,PRD0758,1,543.13,543.13
HITM0005623,HORD001782,PRD0298,1,580.86,580.86
HITM0005624,HORD001783,PRD0625,1,122.46,122.46
HITM0005625,HORD001783,PRD0218,1,409.55,409.55
HITM0005626,HORD001783,PRD0687,1,1174.99,1174.99
HITM0005627,HORD001784,PRD0220,1,187.94,187.94
HITM0005628,HORD001784,PRD0869,2,131.2,262.4
HITM0005629,HORD001784,PRD0655,1,424.11,424.11
HITM0005630,HORD001784,PRD0559,3,109.7,329.1
HITM0005631,HORD001785,PRD0372,1,330.93,330.93
HITM0005632,HORD001785,PRD0976,1,714.76,714.76
HITM0005633,HORD001786,PRD0345,1,752.34,752.34
HITM0005634,HORD001787,PRD0704,1,4048.59,4048.59
HITM0005635,HORD001787,PRD0742,1,1054.62,1054.62
HITM0005636,HORD001787,PRD0290,1,53.02,53.02
HITM0005637,HORD001788,PRD0559,1,109.7,109.7
HITM0005638,HORD001788,PRD0736,2,171.3,342.6
HITM0005639,HORD001788,PRD0273,1,409.71,409.71
HITM0005640,HORD001788,PRD0405,1,1063.36,1063.36
HITM0005641,HORD001789,PRD0215,1,616.18,616.18
HITM0005642,HORD001789,PRD0840,1,102.1,102.1
HITM0005643,HORD001789,PRD0340,2,42.57,85.14
HITM0005644,HORD001789,PRD0909,1,346.13,346.13
HITM0005645,HORD001790,PRD0922,1,693.11,693.11
HITM0005646,HORD001790,PRD0080,1,122.76,122.76
HITM0005647,HORD001790,PRD0799,1,114.07,114.07
HITM0005648,HORD001790,PRD0952,2,1636.67,3273.34
HITM0005649,HORD001790,PRD0251,1,1871.06,1871.06
HITM0005650,HORD001791,PRD0721,1,2913.95,2913.95
HITM0005651,HORD001791,PRD0688,1,611.89,611.89
HITM0005652,HORD001792,PRD0536,1,53.59,53.59
HITM0005653,HORD001792,PRD0500,1,162.81,162.81
HITM0005654,HORD001793,PRD0812,1,1404.46,1404.46
HITM0005655,HORD001793,PRD0963,3,648.79,1946.37
HITM0005656,HORD001793,PRD0773,1,310.58,310.58
HITM0005657,HORD001793,PRD0803,1,671.68,671.68
HITM0005658,HORD001794,PRD0193,1,575.14,575.14
HITM0005659,HORD001794,PRD0554,1,611.35,611.35
HITM0005660,HORD001794,PRD0905,2,470.11,940.22
HITM0005661,HORD001795,PRD0156,1,115.73,115.73
HITM0005662,HORD001795,PRD0330,2,51.67,103.34
HITM0005663,HORD001796,PRD0855,1,204.55,204.55
HITM0005664,HORD001797,PRD0968,1,861.46,861.46
HITM0005665,HORD001797,PRD0904,1,2587.28,2587.28
HITM0005666,HORD001797,PRD0010,1,39.45,39.45
HITM0005667,HORD001798,PRD0056,1,437.03,437.03
HITM0005668,HORD001798,PRD0882,1,989.33,989.33
HITM0005669,HORD001799,PRD0189,3,634.68,1904.04
HITM0005670,HORD001799,PRD0633,1,1341.18,1341.18
HITM0005671,HORD001799,PRD0724,1,2896.31,2896.31
HITM0005672,HORD001800,PRD0526,1,44.24,44.24
HITM0005673,HORD001800,PRD0562,1,1881.67,1881.67
HITM0005674,HORD001800,PRD0202,2,1558.53,3117.06
HITM0005675,HORD001801,PRD0734,1,3584.06,3584.06
HITM0005676,HORD001801,PRD0291,2,2155.05,4310.1
HITM0005677,HORD001801,PRD0830,1,146.02,146.02
HITM0005678,HORD001801,PRD0552,1,470.47,470.47
HITM0005679,HORD001801,PRD0220,1,187.94,187.94
HITM0005680,HORD001802,PRD0111,1,2254.79,2254.79
HITM0005681,HORD001802,PRD0371,1,2576.15,2576.15
HITM0005682,HORD001802,PRD0564,1,3766.49,3766.49
HITM0005683,HORD001803,PRD0878,1,689.64,689.64
HITM0005684,HORD001804,PRD0746,1,187.06,187.06
HITM0005685,HORD001804,PRD0294,1,1563.92,1563.92
HITM0005686,HORD001804,PRD0428,1,491.35,491.35
HITM0005687,HORD001804,PRD0196,1,373.5,373.5
HITM0005688,HORD001805,PRD0237,1,983.57,983.57
HITM0005689,HORD001805,PRD0044,2,649.62,1299.24
HITM0005690,HORD001805,PRD0954,1,551.46,551.46
HITM0005691,HORD001806,PRD0673,1,548.1,548.1
HITM0005692,HORD001806,PRD0280,1,84.08,84.08
HITM0005693,HORD001806,PRD0625,1,122.46,122.46
HITM0005694,HORD001807,PRD0027,1,116.57,116.57
HITM0005695,HORD001807,PRD0135,2,715.95,1431.9
HITM0005696,HORD001807,PRD0794,2,4029.39,8058.78
HITM0005697,HORD001807,PRD0935,1,617.88,617.88
HITM0005698,HORD001808,PRD0649,1,985.02,985.02
HITM0005699,HORD001808,PRD0100,1,328.27,328.27
HITM0005700,HORD001808,PRD0556,1,546.84,546.84
HITM0005701,HORD001809,PRD0478,1,917.54,917.54
HITM0005702,HORD001809,PRD0517,2,2094.09,4188.18
HITM0005703,HORD001809,PRD0156,1,115.73,115.73
HITM0005704,HORD001810,PRD0598,1,522.01,522.01
HITM0005705,HORD001810,PRD0631,2,2987.02,5974.04
HITM0005706,HORD001810,PRD0167,1,1477.35,1477.35
HITM0005707,HORD001810,PRD0140,1,347.21,347.21
HITM0005708,HORD001811,PRD0895,1,567.08,567.08
HITM0005709,HORD001811,PRD0370,1,233.44,233.44
HITM0005710,HORD001811,PRD0756,1,61.89,61.89
HITM0005711,HORD001812,PRD0743,1,939.8,939.8
HITM0005712,HORD001812,PRD0784,1,385.51,385.51
HITM0005713,HORD001812,PRD0927,1,138.39,138.39
HITM0005714,HORD001813,PRD0273,1,409.71,409.71
HITM0005715,HORD001813,PRD0710,1,161.67,161.67
HITM0005716,HORD001814,PRD0372,3,330.93,992.79
HITM0005717,HORD001814,PRD0888,1,734.2,734.2
HITM0005718,HORD001815,PRD0554,1,611.35,611.35
HITM0005719,HORD001816,PRD0948,1,454.84,454.84
HITM0005720,HORD001816,PRD0116,2,328.2,656.4
HITM0005721,HORD001816,PRD0413,2,486.14,972.28
HITM0005722,HORD001817,PRD0333,1,621.74,621.74
HITM0005723,HORD001817,PRD0038,1,702.97,702.97
HITM0005724,HORD001817,PRD0483,1,863.5,863.5
HITM0005725,HORD001817,PRD0093,1,401.55,401.55
HITM0005726,HORD001818,PRD0777,1,2046.64,2046.64
HITM0005727,HORD001818,PRD0910,1,28.09,28.09
HITM0005728,HORD001819,PRD0913,1,878.51,878.51
HITM0005729,HORD001819,PRD0773,1,310.58,310.58
HITM0005730,HORD001819,PRD0927,1,138.39,138.39
HITM0005731,HORD001820,PRD0103,1,1002.58,1002.58
HITM0005732,HORD001820,PRD0686,1,208.32,208.32
HITM0005733,HORD001820,PRD0790,2,55.39,110.78
HITM0005734,HORD001820,PRD0105,1,385.04,385.04
HITM0005735,HORD001821,PRD0296,1,122.37,122.37
HITM0005736,HORD001821,PRD0530,1,220.26,220.26
HITM0005737,HORD001821,PRD0886,1,389.53,389.53
HITM0005738,HORD001821,PRD0632,1,1640.52,1640.52
HITM0005739,HORD001822,PRD0292,1,643.6,643.6
HITM0005740,HORD001822,PRD0776,2,294.42,588.84
HITM0005741,HORD001822,PRD0825,3,841.2,2523.6
HITM0005742,HORD001822,PRD0533,1,1118.9,1118.9
HITM0005743,HORD001823,PRD0053,2,1429.67,2859.34
HITM0005744,HORD001823,PRD0003,1,342.16,342.16
HITM0005745,HORD001824,PRD0109,1,353.29,353.29
HITM0005746,HORD001824,PRD0677,1,1000.46,1000.46
HITM0005747,HORD001824,PRD0252,2,879.59,1759.18
HITM0005748,HORD001825,PRD0843,1,1524.85,1524.85
HITM0005749,HORD001825,PRD0725,1,282.7,282.7
HITM0005750,HORD001825,PRD0101,1,1796.81,1796.81
HITM0005751,HORD001826,PRD0241,2,2620.83,5241.66
HITM0005752,HORD001826,PRD0248,1,207.33,207.33
HITM0005753,HORD001826,PRD0600,1,222.54,222.54
HITM0005754,HORD001826,PRD0185,1,325.14,325.14
HITM0005755,HORD001827,PRD0483,1,863.5,863.5
HITM0005756,HORD001827,PRD0816,1,377.97,377.97
HITM0005757,HORD001827,PRD0593,1,416.84,416.84
HITM0005758,HORD001827,PRD0535,1,878.27,878.27
HITM0005759,HORD001828,PRD0298,1,580.86,580.86
HITM0005760,HORD001828,PRD0778,1,1004.54,1004.54
HITM0005761,HORD001828,PRD0227,1,922.85,922.85
HITM0005762,HORD001829,PRD0357,1,1006.85,1006.85
HITM0005763,HORD001829,PRD0805,1,1065.34,1065.34
HITM0005764,HORD001829,PRD0926,2,455.41,910.82
HITM0005765,HORD001830,PRD0105,1,385.04,385.04
HITM0005766,HORD001830,PRD0976,1,714.76,714.76
HITM0005767,HORD001830,PRD0831,1,1878.68,1878.68
HITM0005768,HORD001830,PRD0160,1,21.4,21.4
HITM0005769,HORD001830,PRD0190,1,34.34,34.34
HITM0005770,HORD001831,PRD0168,1,451.79,451.79
HITM0005771,HORD001832,PRD0750,2,262.52,525.04
HITM0005772,HORD001832,PRD0010,1,39.45,39.45
HITM0005773,HORD001832,PRD0932,1,326.42,326.42
HITM0005774,HORD001832,PRD0500,1,162.81,162.81
HITM0005775,HORD001833,PRD0780,1,308.34,308.34
HITM0005776,HORD001833,PRD0451,2,1300.44,2600.88
HITM0005777,HORD001833,PRD0898,1,197.48,197.48
HITM0005778,HORD001834,PRD0946,1,810.85,810.85
HITM0005779,HORD001834,PRD0843,1,1524.85,1524.85
HITM0005780,HORD001834,PRD0942,2,437.56,875.12
HITM0005781,HORD001835,PRD0995,1,258.22,258.22
HITM0005782,HORD001835,PRD0120,2,266.59,533.18
HITM0005783,HORD001835,PRD0008,1,205.21,205.21
HITM0005784,HORD001835,PRD0849,1,115.9,115.9
HITM0005785,HORD001836,PRD0214,2,1445.79,2891.58
HITM0005786,HORD001836,PRD0856,1,429.74,429.74
HITM0005787,HORD001836,PRD0042,1,711.35,711.35
HITM0005788,HORD001837,PRD0609,1,83.83,83.83
HITM0005789,HORD001837,PRD0226,1,286.78,286.78
HITM0005790,HORD001837,PRD0537,1,717.48,717.48
HITM0005791,HORD001837,PRD0063,1,1221.39,1221.39
HITM0005792,HORD001838,PRD0118,2,156.33,312.66
HITM0005793,HORD001838,PRD0907,1,2551.71,2551.71
HITM0005794,HORD001838,PRD0297,1,902.79,902.79
HITM0005795,HORD001838,PRD0380,1,355.83,355.83
HITM0005796,HORD001839,PRD0279,1,1189.02,1189.02
HITM0005797,HORD001839,PRD0913,1,878.51,878.51
HITM0005798,HORD001839,PRD0606,1,49.01,49.01
HITM0005799,HORD001840,PRD0680,1,103.14,103.14
HITM0005800,HORD001840,PRD0455,1,243.16,243.16
HITM0005801,HORD001841,PRD0956,1,726.92,726.92
HITM0005802,HORD001841,PRD0192,1,687.57,687.57
HITM0005803,HORD001841,PRD0452,1,687.28,687.28
HITM0005804,HORD001841,PRD0264,2,2624.21,5248.42
HITM0005805,HORD001841,PRD0975,1,723.09,723.09
HITM0005806,HORD001842,PRD0995,1,258.22,258.22
HITM0005807,HORD001842,PRD0171,1,2475.28,2475.28
HITM0005808,HORD001842,PRD0488,1,780.13,780.13
HITM0005809,HORD001843,PRD0655,1,424.11,424.11
HITM0005810,HORD001843,PRD0976,1,714.76,714.76
HITM0005811,HORD001843,PRD0398,1,341.64,341.64
HITM0005812,HORD001844,PRD0758,2,543.13,1086.26
HITM0005813,HORD001844,PRD0113,1,756.1,756.1
HITM0005814,HORD001844,PRD0752,1,933.7,933.7
HITM0005815,HORD001845,PRD0075,1,360.03,360.03
HITM0005816,HORD001845,PRD0702,1,1785.7,1785.7
HITM0005817,HORD001845,PRD0682,2,1273.55,2547.1
HITM0005818,HORD001845,PRD0140,1,347.21,347.21
HITM0005819,HORD001845,PRD0119,1,756.54,756.54
HITM0005820,HORD001846,PRD0420,1,277.28,277.28
HITM0005821,HORD001846,PRD0631,1,2987.02,2987.02
HITM0005822,HORD001847,PRD0446,1,172.12,172.12
HITM0005823,HORD001847,PRD0687,1,1174.99,1174.99
HITM0005824,HORD001847,PRD0383,1,1183.76,1183.76
HITM0005825,HORD001848,PRD0276,1,530.49,530.49
HITM0005826,HORD001848,PRD0097,1,458.08,458.08
HITM0005827,HORD001848,PRD0260,1,86.88,86.88
HITM0005828,HORD001848,PRD0297,1,902.79,902.79
HITM0005829,HORD001849,PRD0869,2,131.2,262.4
HITM0005830,HORD001849,PRD0430,2,348.93,697.86
HITM0005831,HORD001849,PRD0036,1,226.94,226.94
HITM0005832,HORD001850,PRD0905,3,470.11,1410.33
HITM0005833,HORD001850,PRD0880,1,132.59,132.59
HITM0005834,HORD001850,PRD0270,1,218.48,218.48
HITM0005835,HORD001850,PRD0524,1,782.83,782.83
HITM0005836,HORD001851,PRD0123,1,1257.07,1257.07
HITM0005837,HORD001851,PRD0023,1,268.14,268.14
HITM0005838,HORD001852,PRD0166,2,486.74,973.48
HITM0005839,HORD001852,PRD0807,1,123.14,123.14
HITM0005840,HORD001852,PRD0070,1,396.61,396.61
HITM0005841,HORD001853,PRD0398,2,341.64,683.28
HITM0005842,HORD001853,PRD0120,1,266.59,266.59
HITM0005843,HORD001853,PRD0481,2,1805.28,3610.56
HITM0005844,HORD001853,PRD0116,1,328.2,328.2
HITM0005845,HORD001854,PRD0603,1,1120.48,1120.48
HITM0005846,HORD001854,PRD0669,1,387.51,387.51
HITM0005847,HORD001854,PRD0166,1,486.74,486.74
HITM0005848,HORD001854,PRD0615,2,992.86,1985.72
HITM0005849,HORD001855,PRD0660,1,89.27,89.27
HITM0005850,HORD001855,PRD0939,3,522.59,1567.77
HITM0005851,HORD001856,PRD0006,1,35.37,35.37
HITM0005852,HORD001856,PRD0293,1,644.4,644.4
HITM0005853,HORD001856,PRD0426,1,726.65,726.65
HITM0005854,HORD001857,PRD0360,1,326.09,326.09
HITM0005855,HORD001857,PRD0080,1,122.76,122.76
HITM0005856,HORD001857,PRD0762,1,848.37,848.37
HITM0005857,HORD001858,PRD0514,1,1738.15,1738.15
HITM0005858,HORD001858,PRD0853,1,1167.89,1167.89
HITM0005859,HORD001858,PRD0169,1,445.45,445.45
HITM0005860,HORD001858,PRD0611,1,1417.98,1417.98
HITM0005861,HORD001859,PRD0299,1,150.48,150.48
HITM0005862,HORD001860,PRD0930,2,298.86,597.72
HITM0005863,HORD001860,PRD0200,3,231.67,695.01
HITM0005864,HORD001860,PRD0719,1,876.46,876.46
HITM0005865,HORD001861,PRD0288,2,151.78,303.56
HITM0005866,HORD001861,PRD0175,2,340.25,680.5
HITM0005867,HORD001861,PRD0672,1,629.2,629.2
HITM0005868,HORD001862,PRD0647,1,754.04,754.04
HITM0005869,HORD001862,PRD0046,2,192.34,384.68
HITM0005870,HORD001863,PRD0820,2,31.29,62.58
HITM0005871,HORD001863,PRD0809,1,1365.76,1365.76
HITM0005872,HORD001864,PRD0960,1,321.52,321.52
HITM0005873,HORD001864,PRD0456,1,117.59,117.59
HITM0005874,HORD001865,PRD0720,1,416.7,416.7
HITM0005875,HORD001865,PRD0640,1,23.59,23.59
HITM0005876,HORD001865,PRD0203,1,489.43,489.43
HITM0005877,HORD001866,PRD0331,1,2135.57,2135.57
HITM0005878,HORD001866,PRD0240,1,116.74,116.74
HITM0005879,HORD001866,PRD0003,1,342.16,342.16
HITM0005880,HORD001866,PRD0445,1,589.84,589.84
HITM0005881,HORD001867,PRD0735,1,1149.06,1149.06
HITM0005882,HORD001867,PRD0986,2,419.88,839.76
HITM0005883,HORD001867,PRD0604,1,2778.09,2778.09
HITM0005884,HORD001868,PRD0808,1,69.84,69.84
HITM0005885,HORD001868,PRD0108,1,997.65,997.65
HITM0005886,HORD001869,PRD0309,2,621.05,1242.1
HITM0005887,HORD001869,PRD0635,1,576.88,576.88
HITM0005888,HORD001869,PRD0474,1,480.29,480.29
HITM0005889,HORD001869,PRD0539,1,369.11,369.11
HITM0005890,HORD001869,PRD0320,1,227.72,227.72
HITM0005891,HORD001870,PRD0446,2,172.12,344.24
HITM0005892,HORD001870,PRD0658,2,665.45,1330.9
HITM0005893,HORD001870,PRD0268,1,226.89,226.89
HITM0005894,HORD001871,PRD0592,1,448.87,448.87
HITM0005895,HORD001871,PRD0328,1,650.32,650.32
HITM0005896,HORD001871,PRD0917,1,1133.22,1133.22
HITM0005897,HORD001871,PRD0149,1,1414.32,1414.32
HITM0005898,HORD001872,PRD0648,1,389.72,389.72
HITM0005899,HORD001872,PRD0890,2,176.95,353.9
HITM0005900,HORD001872,PRD0065,1,446.02,446.02
HITM0005901,HORD001873,PRD0230,1,34.01,34.01
HITM0005902,HORD001873,PRD0456,2,117.59,235.18
HITM0005903,HORD001873,PRD0980,1,398.63,398.63
HITM0005904,HORD001873,PRD0523,1,1405.5,1405.5
HITM0005905,HORD001873,PRD0090,1,136.64,136.64
HITM0005906,HORD001874,PRD0060,2,207.18,414.36
HITM0005907,HORD001874,PRD0914,2,2743.18,5486.36
HITM0005908,HORD001874,PRD0029,1,418.31,418.31
HITM0005909,HORD001875,PRD0728,2,122.0,244.0
HITM0005910,HORD001875,PRD0960,2,321.52,643.04
HITM0005911,HORD001875,PRD0127,3,1131.95,3395.85
HITM0005912,HORD001876,PRD0352,2,393.98,787.96
HITM0005913,HORD001876,PRD0932,1,326.42,326.42
HITM0005914,HORD001876,PRD0592,1,448.87,448.87
HITM0005915,HORD001876,PRD0633,1,1341.18,1341.18
HITM0005916,HORD001877,PRD0250,1,329.47,329.47
HITM0005917,HORD001877,PRD0620,2,339.14,678.28
HITM0005918,HORD001877,PRD0584,1,3190.99,3190.99
HITM0005919,HORD001877,PRD0700,1,206.13,206.13
HITM0005920,HORD001877,PRD0349,1,469.34,469.34
HITM0005921,HORD001878,PRD0927,1,138.39,138.39
HITM0005922,HORD001878,PRD0939,2,522.59,1045.18
HITM0005923,HORD001878,PRD0493,1,1431.18,1431.18
HITM0005924,HORD001879,PRD0039,1,735.79,735.79
HITM0005925,HORD001879,PRD0199,1,710.27,710.27
HITM0005926,HORD001879,PRD0352,1,393.98,393.98
HITM0005927,HORD001879,PRD0615,1,992.86,992.86
HITM0005928,HORD001880,PRD0788,1,1009.9,1009.9
HITM0005929,HORD001881,PRD0748,1,789.67,789.67
HITM0005930,HORD001881,PRD0280,1,84.08,84.08
HITM0005931,HORD001881,PRD0111,1,2254.79,2254.79
HITM0005932,HORD001881,PRD0941,3,2159.7,6479.1
HITM0005933,HORD001881,PRD0659,1,848.34,848.34
HITM0005934,HORD001882,PRD0358,1,1045.44,1045.44
HITM0005935,HORD001882,PRD0253,3,1322.89,3968.67
HITM0005936,HORD001882,PRD0381,1,2300.27,2300.27
HITM0005937,HORD001883,PRD0897,1,351.24,351.24
HITM0005938,HORD001883,PRD0745,3,494.7,1484.1
HITM0005939,HORD001883,PRD0353,1,1290.29,1290.29
HITM0005940,HORD001883,PRD0355,1,1138.32,1138.32
HITM0005941,HORD001883,PRD0011,1,2618.24,2618.24
HITM0005942,HORD001884,PRD0494,1,2689.23,2689.23
HITM0005943,HORD001884,PRD0794,1,4029.39,4029.39
HITM0005944,HORD001884,PRD0290,1,53.02,53.02
HITM0005945,HORD001884,PRD0768,1,73.54,73.54
HITM0005946,HORD001885,PRD0003,2,342.16,684.32
HITM0005947,HORD001886,PRD0288,2,151.78,303.56
HITM0005948,HORD001886,PRD0541,3,2989.04,8967.12
HITM0005949,HORD001886,PRD0386,2,567.42,1134.84
HITM0005950,HORD001886,PRD0191,1,1064.69,1064.69
HITM0005951,HORD001887,PRD0503,1,896.74,896.74
HITM0005952,HORD001887,PRD0916,1,784.31,784.31
HITM0005953,HORD001888,PRD0646,1,609.53,609.53
HITM0005954,HORD001888,PRD0729,1,1304.27,1304.27
HITM0005955,HORD001888,PRD0266,1,186.6,186.6
HITM0005956,HORD001888,PRD0708,1,1093.2,1093.2
HITM0005957,HORD001889,PRD0298,1,580.86,580.86
HITM0005958,HORD001889,PRD0886,1,389.53,389.53
HITM0005959,HORD001890,PRD0326,1,833.05,833.05
HITM0005960,HORD001890,PRD0330,1,51.67,51.67
HITM0005961,HORD001891,PRD0091,1,1158.82,1158.82
HITM0005962,HORD001891,PRD0736,2,171.3,342.6
HITM0005963,HORD001891,PRD0230,1,34.01,34.01
HITM0005964,HORD001892,PRD0668,2,641.02,1282.04
HITM0005965,HORD001893,PRD0773,2,310.58,621.16
HITM0005966,HORD001893,PRD0116,1,328.2,328.2
HITM0005967,HORD001893,PRD0758,1,543.13,543.13
HITM0005968,HORD001893,PRD0763,1,950.45,950.45
HITM0005969,HORD001894,PRD0048,1,490.15,490.15
HITM0005970,HORD001894,PRD0498,1,309.85,309.85
HITM0005971,HORD001894,PRD0485,2,939.87,1879.74
HITM0005972,HORD001895,PRD0677,2,1000.46,2000.92
HITM0005973,HORD001895,PRD0484,1,3736.5,3736.5
HITM0005974,HORD001895,PRD0192,1,687.57,687.57
HITM0005975,HORD001895,PRD0313,1,1045.09,1045.09
HITM0005976,HORD001896,PRD0982,1,1474.96,1474.96
HITM0005977,HORD001896,PRD0845,1,45.19,45.19
HITM0005978,HORD001897,PRD0966,1,706.39,706.39
HITM0005979,HORD001897,PRD0440,1,112.71,112.71
HITM0005980,HORD001897,PRD0453,1,904.43,904.43
HITM0005981,HORD001897,PRD0178,1,176.94,176.94
HITM0005982,HORD001897,PRD0242,2,1531.86,3063.72
HITM0005983,HORD001898,PRD0310,1,161.31,161.31
HITM0005984,HORD001899,PRD0022,1,778.88,778.88
HITM0005985,HORD001900,PRD0544,1,650.3,650.3
HITM0005986,HORD001900,PRD0610,1,167.07,167.07
HITM0005987,HORD001900,PRD0289,1,1205.3,1205.3
HITM0005988,HORD001901,PRD0061,2,2127.06,4254.12
HITM0005989,HORD001902,PRD0578,1,383.34,383.34
HITM0005990,HORD001902,PRD0966,1,706.39,706.39
HITM0005991,HORD001902,PRD0535,1,878.27,878.27
HITM0005992,HORD001903,PRD0938,2,103.84,207.68
HITM0005993,HORD001903,PRD0624,1,2196.66,2196.66
HITM0005994,HORD001903,PRD0377,2,1501.75,3003.5
HITM0005995,HORD001904,PRD0010,2,39.45,78.9
HITM0005996,HORD001904,PRD0925,1,56.69,56.69
HITM0005997,HORD001904,PRD0155,1,673.32,673.32
HITM0005998,HORD001905,PRD0625,2,122.46,244.92
HITM0005999,HORD001905,PRD0746,1,187.06,187.06
HITM0006000,HORD001905,PRD0730,3,388.14,1164.42
HITM0006001,HORD001905,PRD0656,1,300.51,300.51
HITM0006002,HORD001906,PRD0875,1,73.21,73.21
HITM0006003,HORD001906,PRD0750,1,262.52,262.52
HITM0006004,HORD001906,PRD0230,2,34.01,68.02
HITM0006005,HORD001906,PRD0987,3,1838.0,5514.0
HITM0006006,HORD001907,PRD0473,1,370.27,370.27
HITM0006007,HORD001907,PRD0489,1,376.72,376.72
HITM0006008,HORD001908,PRD0465,2,778.89,1557.78
HITM0006009,HORD001908,PRD0487,1,968.55,968.55
HITM0006010,HORD001908,PRD0444,1,3715.62,3715.62
HITM0006011,HORD001908,PRD0569,1,1425.79,1425.79
HITM0006012,HORD001908,PRD0134,2,878.86,1757.72
HITM0006013,HORD001909,PRD0845,1,45.19,45.19
HITM0006014,HORD001909,PRD0786,2,326.86,653.72
HITM0006015,HORD001910,PRD0139,2,1069.24,2138.48
HITM0006016,HORD001910,PRD0893,1,1495.82,1495.82
HITM0006017,HORD001910,PRD0707,1,1217.98,1217.98
HITM0006018,HORD001910,PRD0550,1,229.62,229.62
HITM0006019,HORD001911,PRD0838,1,955.16,955.16
HITM0006020,HORD001911,PRD0924,2,508.67,1017.34
HITM0006021,HORD001912,PRD0963,2,648.79,1297.58
HITM0006022,HORD001912,PRD0850,1,37.87,37.87
HITM0006023,HORD001912,PRD0710,2,161.67,323.34
HITM0006024,HORD001913,PRD0938,1,103.84,103.84
HITM0006025,HORD001913,PRD0660,1,89.27,89.27
HITM0006026,HORD001914,PRD0450,1,56.05,56.05
HITM0006027,HORD001914,PRD0536,3,53.59,160.77
HITM0006028,HORD001915,PRD0173,1,270.07,270.07
HITM0006029,HORD001915,PRD0472,1,828.5,828.5
HITM0006030,HORD001916,PRD0207,1,1636.46,1636.46
HITM0006031,HORD001916,PRD0727,2,2045.32,4090.64
HITM0006032,HORD001916,PRD0276,1,530.49,530.49
HITM0006033,HORD001917,PRD0037,1,873.28,873.28
HITM0006034,HORD001917,PRD0205,1,696.35,696.35
HITM0006035,HORD001917,PRD0663,1,1329.29,1329.29
HITM0006036,HORD001918,PRD0908,1,136.87,136.87
HITM0006037,HORD001918,PRD0803,1,671.68,671.68
HITM0006038,HORD001918,PRD0390,3,153.47,460.41
HITM0006039,HORD001918,PRD0598,1,522.01,522.01
HITM0006040,HORD001918,PRD0995,2,258.22,516.44
HITM0006041,HORD001919,PRD0644,2,3406.46,6812.92
HITM0006042,HORD001919,PRD0092,2,651.72,1303.44
HITM0006043,HORD001920,PRD0662,1,477.61,477.61
HITM0006044,HORD001920,PRD0243,1,854.67,854.67
HITM0006045,HORD001920,PRD0372,1,330.93,330.93
HITM0006046,HORD001921,PRD0064,1,3952.78,3952.78
HITM0006047,HORD001921,PRD0727,2,2045.32,4090.64
HITM0006048,HORD001921,PRD0900,1,369.61,369.61
HITM0006049,HORD001921,PRD0936,1,279.68,279.68
HITM0006050,HORD001922,PRD0201,1,1626.1,1626.1
HITM0006051,HORD001923,PRD0125,2,108.47,216.94
HITM0006052,HORD001923,PRD0974,2,1232.06,2464.12
HITM0006053,HORD001923,PRD0633,1,1341.18,1341.18
HITM0006054,HORD001923,PRD0572,1,678.29,678.29
HITM0006055,HORD001924,PRD0543,1,1583.54,1583.54
HITM0006056,HORD001924,PRD0076,1,232.75,232.75
HITM0006057,HORD001925,PRD0499,1,779.63,779.63
HITM0006058,HORD001925,PRD0280,1,84.08,84.08
HITM0006059,HORD001925,PRD0456,1,117.59,117.59
HITM0006060,HORD001925,PRD0490,1,63.94,63.94
HITM0006061,HORD001926,PRD0401,1,2894.25,2894.25
HITM0006062,HORD001926,PRD0001,1,2639.78,2639.78
HITM0006063,HORD001927,PRD0376,1,811.77,811.77
HITM0006064,HORD001927,PRD0773,1,310.58,310.58
HITM0006065,HORD001927,PRD0693,2,1390.63,2781.26
HITM0006066,HORD001928,PRD0405,1,1063.36,1063.36
HITM0006067,HORD001929,PRD0343,1,1288.78,1288.78
HITM0006068,HORD001929,PRD0836,1,610.89,610.89
HITM0006069,HORD001929,PRD0257,2,1854.63,3709.26
HITM0006070,HORD001930,PRD0482,3,1837.21,5511.63
HITM0006071,HORD001930,PRD0536,1,53.59,53.59
HITM0006072,HORD001930,PRD0282,2,1092.79,2185.58
HITM0006073,HORD001931,PRD0173,1,270.07,270.07
HITM0006074,HORD001931,PRD0854,1,651.27,651.27
HITM0006075,HORD001932,PRD0519,1,268.64,268.64
HITM0006076,HORD001932,PRD0230,2,34.01,68.02
HITM0006077,HORD001932,PRD0604,2,2778.09,5556.18
HITM0006078,HORD001932,PRD0080,1,122.76,122.76
HITM0006079,HORD001933,PRD0955,1,502.79,502.79
HITM0006080,HORD001933,PRD0353,1,1290.29,1290.29
HITM0006081,HORD001933,PRD0707,2,1217.98,2435.96
HITM0006082,HORD001933,PRD0507,2,135.21,270.42
HITM0006083,HORD001933,PRD0757,2,915.35,1830.7
HITM0006084,HORD001934,PRD0206,1,190.8,190.8
HITM0006085,HORD001934,PRD0046,1,192.34,192.34
HITM0006086,HORD001934,PRD0044,2,649.62,1299.24
HITM0006087,HORD001934,PRD0505,1,1028.22,1028.22
HITM0006088,HORD001935,PRD0269,1,473.87,473.87
HITM0006089,HORD001935,PRD0928,1,834.91,834.91
HITM0006090,HORD001935,PRD0644,3,3406.46,10219.38
HITM0006091,HORD001935,PRD0230,1,34.01,34.01
HITM0006092,HORD001936,PRD0591,1,2930.44,2930.44
HITM0006093,HORD001936,PRD0690,2,296.31,592.62
HITM0006094,HORD001936,PRD0486,1,180.26,180.26
HITM0006095,HORD001936,PRD0155,1,673.32,673.32
HITM0006096,HORD001937,PRD0971,1,1694.61,1694.61
HITM0006097,HORD001937,PRD0810,1,393.15,393.15
HITM0006098,HORD001937,PRD0336,3,110.53,331.59
HITM0006099,HORD001937,PRD0089,1,561.13,561.13
HITM0006100,HORD001938,PRD0926,1,455.41,455.41
HITM0006101,HORD001939,PRD0214,1,1445.79,1445.79
HITM0006102,HORD001939,PRD0547,1,394.5,394.5
HITM0006103,HORD001939,PRD0960,1,321.52,321.52
HITM0006104,HORD001939,PRD0638,2,675.35,1350.7
HITM0006105,HORD001940,PRD0468,1,388.69,388.69
HITM0006106,HORD001940,PRD0943,2,578.85,1157.7
HITM0006107,HORD001941,PRD0623,1,1330.89,1330.89
HITM0006108,HORD001941,PRD0815,1,962.19,962.19
HITM0006109,HORD001941,PRD0699,1,1102.07,1102.07
HITM0006110,HORD001941,PRD0608,3,313.58,940.74
HITM0006111,HORD001942,PRD0383,2,1183.76,2367.52
HITM0006112,HORD001942,PRD0964,1,887.89,887.89
HITM0006113,HORD001942,PRD0877,1,1849.07,1849.07
HITM0006114,HORD001943,PRD0790,1,55.39,55.39
HITM0006115,HORD001943,PRD0530,1,220.26,220.26
HITM0006116,HORD001943,PRD0795,2,574.53,1149.06
HITM0006117,HORD001943,PRD0005,1,793.64,793.64
HITM0006118,HORD001944,PRD0486,2,180.26,360.52
HITM0006119,HORD001944,PRD0265,2,542.34,1084.68
HITM0006120,HORD001945,PRD0164,1,3982.07,3982.07
HITM0006121,HORD001945,PRD0544,2,650.3,1300.6
HITM0006122,HORD001946,PRD0692,1,1665.58,1665.58
HITM0006123,HORD001946,PRD0134,1,878.86,878.86
HITM0006124,HORD001946,PRD0389,1,910.21,910.21
HITM0006125,HORD001946,PRD0713,1,1129.25,1129.25
HITM0006126,HORD001947,PRD0740,1,150.48,150.48
HITM0006127,HORD001948,PRD0848,1,870.59,870.59
HITM0006128,HORD001948,PRD0703,2,716.42,1432.84
HITM0006129,HORD001948,PRD0676,3,117.14,351.42
HITM0006130,HORD001948,PRD0080,1,122.76,122.76
HITM0006131,HORD001948,PRD0257,2,1854.63,3709.26
HITM0006132,HORD001949,PRD0178,1,176.94,176.94
HITM0006133,HORD001949,PRD0310,1,161.31,161.31
HITM0006134,HORD001950,PRD0747,2,2580.17,5160.34
HITM0006135,HORD001950,PRD0619,1,238.4,238.4
HITM0006136,HORD001951,PRD0813,1,1117.42,1117.42
HITM0006137,HORD001951,PRD0773,1,310.58,310.58
HITM0006138,HORD001952,PRD0102,2,1498.33,2996.66
HITM0006139,HORD001952,PRD0036,1,226.94,226.94
HITM0006140,HORD001952,PRD0006,3,35.37,106.11
HITM0006141,HORD001953,PRD0195,1,951.68,951.68
HITM0006142,HORD001953,PRD0888,1,734.2,734.2
HITM0006143,HORD001954,PRD0565,3,515.91,1547.73
HITM0006144,HORD001954,PRD0856,2,429.74,859.48
HITM0006145,HORD001954,PRD0131,1,2191.15,2191.15
HITM0006146,HORD001954,PRD0770,1,410.85,410.85
HITM0006147,HORD001954,PRD0296,3,122.37,367.11
HITM0006148,HORD001955,PRD0111,2,2254.79,4509.58
HITM0006149,HORD001955,PRD0528,2,136.95,273.9
HITM0006150,HORD001956,PRD0376,2,811.77,1623.54
HITM0006151,HORD001956,PRD0845,1,45.19,45.19
HITM0006152,HORD001956,PRD0489,1,376.72,376.72
HITM0006153,HORD001956,PRD0639,1,1114.83,1114.83
HITM0006154,HORD001957,PRD0291,1,2155.05,2155.05
HITM0006155,HORD001957,PRD0995,1,258.22,258.22
HITM0006156,HORD001957,PRD0111,1,2254.79,2254.79
HITM0006157,HORD001958,PRD0457,1,1285.45,1285.45
HITM0006158,HORD001958,PRD0446,2,172.12,344.24
HITM0006159,HORD001958,PRD0117,2,1668.5,3337.0
HITM0006160,HORD001958,PRD0233,1,1412.0,1412.0
HITM0006161,HORD001959,PRD0689,1,277.28,277.28
HITM0006162,HORD001959,PRD0298,1,580.86,580.86
HITM0006163,HORD001960,PRD0244,1,807.13,807.13
HITM0006164,HORD001960,PRD0622,2,1298.2,2596.4
HITM0006165,HORD001960,PRD0049,1,598.46,598.46
HITM0006166,HORD001961,PRD0039,1,735.79,735.79
HITM0006167,HORD001961,PRD0677,2,1000.46,2000.92
HITM0006168,HORD001961,PRD0374,1,759.14,759.14
HITM0006169,HORD001962,PRD0473,1,370.27,370.27
HITM0006170,HORD001962,PRD0780,1,308.34,308.34
HITM0006171,HORD001963,PRD0629,1,402.79,402.79
HITM0006172,HORD001963,PRD0670,1,137.8,137.8
HITM0006173,HORD001964,PRD0730,1,388.14,388.14
HITM0006174,HORD001964,PRD0095,2,590.13,1180.26
HITM0006175,HORD001964,PRD0830,2,146.02,292.04
HITM0006176,HORD001965,PRD0325,1,607.53,607.53
HITM0006177,HORD001965,PRD0759,2,655.9,1311.8
HITM0006178,HORD001965,PRD0925,2,56.69,113.38
HITM0006179,HORD001966,PRD0010,1,39.45,39.45
HITM0006180,HORD001966,PRD0886,2,389.53,779.06
HITM0006181,HORD001966,PRD0873,1,1172.09,1172.09
HITM0006182,HORD001967,PRD0781,1,2713.32,2713.32
HITM0006183,HORD001967,PRD0116,1,328.2,328.2
HITM0006184,HORD001968,PRD0439,1,323.08,323.08
HITM0006185,HORD001968,PRD0895,1,567.08,567.08
HITM0006186,HORD001968,PRD0590,1,49.98,49.98
HITM0006187,HORD001968,PRD0910,1,28.09,28.09
HITM0006188,HORD001968,PRD0775,3,668.73,2006.19
HITM0006189,HORD001969,PRD0457,1,1285.45,1285.45
HITM0006190,HORD001969,PRD0306,1,422.96,422.96
HITM0006191,HORD001969,PRD0174,1,733.71,733.71
HITM0006192,HORD001970,PRD0453,1,904.43,904.43
HITM0006193,HORD001970,PRD0886,1,389.53,389.53
HITM0006194,HORD001971,PRD0185,3,325.14,975.42
HITM0006195,HORD001971,PRD0986,2,419.88,839.76
HITM0006196,HORD001971,PRD0875,1,73.21,73.21
HITM0006197,HORD001971,PRD0055,1,371.08,371.08
HITM0006198,HORD001972,PRD0266,1,186.6,186.6
HITM0006199,HORD001972,PRD0257,3,1854.63,5563.89
HITM0006200,HORD001972,PRD0706,1,377.51,377.51
HITM0006201,HORD001973,PRD0534,1,458.42,458.42
HITM0006202,HORD001974,PRD0890,1,176.95,176.95
HITM0006203,HORD001974,PRD0721,2,2913.95,5827.9
HITM0006204,HORD001974,PRD0048,1,490.15,490.15
HITM0006205,HORD001974,PRD0665,1,191.97,191.97
HITM0006206,HORD001975,PRD0421,1,2974.43,2974.43
HITM0006207,HORD001975,PRD0820,1,31.29,31.29
HITM0006208,HORD001976,PRD0025,1,404.64,404.64
HITM0006209,HORD001976,PRD0240,1,116.74,116.74
HITM0006210,HORD001976,PRD0877,1,1849.07,1849.07
HITM0006211,HORD001976,PRD0905,2,470.11,940.22
HITM0006212,HORD001976,PRD0173,1,270.07,270.07
HITM0006213,HORD001977,PRD0838,2,955.16,1910.32
HITM0006214,HORD001977,PRD0536,1,53.59,53.59
HITM0006215,HORD001977,PRD0470,1,133.45,133.45
HITM0006216,HORD001978,PRD0349,1,469.34,469.34
HITM0006217,HORD001978,PRD0568,1,299.47,299.47
HITM0006218,HORD001978,PRD0963,2,648.79,1297.58
HITM0006219,HORD001978,PRD0445,2,589.84,1179.68
HITM0006220,HORD001979,PRD0642,1,1152.43,1152.43
HITM0006221,HORD001979,PRD0682,1,1273.55,1273.55
HITM0006222,HORD001979,PRD0378,1,271.63,271.63
HITM0006223,HORD001980,PRD0130,1,183.26,183.26
HITM0006224,HORD001980,PRD0653,1,514.7,514.7
HITM0006225,HORD001980,PRD0763,1,950.45,950.45
HITM0006226,HORD001980,PRD0238,1,1033.13,1033.13
HITM0006227,HORD001980,PRD0397,1,1704.15,1704.15
HITM0006228,HORD001981,PRD0772,1,661.34,661.34
HITM0006229,HORD001981,PRD0317,1,2197.9,2197.9
HITM0006230,HORD001981,PRD0821,1,979.52,979.52
HITM0006231,HORD001981,PRD0990,2,373.88,747.76
HITM0006232,HORD001982,PRD0625,2,122.46,244.92
HITM0006233,HORD001982,PRD0632,1,1640.52,1640.52
HITM0006234,HORD001983,PRD0593,1,416.84,416.84
HITM0006235,HORD001983,PRD0006,1,35.37,35.37
HITM0006236,HORD001983,PRD0421,1,2974.43,2974.43
HITM0006237,HORD001984,PRD0137,1,125.48,125.48
HITM0006238,HORD001984,PRD0795,1,574.53,574.53
HITM0006239,HORD001984,PRD0288,1,151.78,151.78
HITM0006240,HORD001985,PRD0658,1,665.45,665.45
HITM0006241,HORD001985,PRD0506,1,187.88,187.88
HITM0006242,HORD001985,PRD0540,2,301.77,603.54
HITM0006243,HORD001985,PRD0135,1,715.95,715.95
HITM0006244,HORD001985,PRD0620,1,339.14,339.14
HITM0006245,HORD001986,PRD0110,1,197.81,197.81
HITM0006246,HORD001986,PRD0123,1,1257.07,1257.07
HITM0006247,HORD001986,PRD0169,1,445.45,445.45
HITM0006248,HORD001987,PRD0978,2,655.83,1311.66
HITM0006249,HORD001987,PRD0006,1,35.37,35.37
HITM0006250,HORD001987,PRD0198,1,737.1,737.1
HITM0006251,HORD001988,PRD0069,1,398.01,398.01
HITM0006252,HORD001989,PRD0280,1,84.08,84.08
HITM0006253,HORD001989,PRD0488,1,780.13,780.13
HITM0006254,HORD001989,PRD0145,2,624.72,1249.44
HITM0006255,HORD001990,PRD0150,2,302.63,605.26
HITM0006256,HORD001990,PRD0740,2,150.48,300.96
HITM0006257,HORD001990,PRD0010,1,39.45,39.45
HITM0006258,HORD001990,PRD0173,2,270.07,540.14
HITM0006259,HORD001991,PRD0663,2,1329.29,2658.58
HITM0006260,HORD001991,PRD0286,1,666.41,666.41
HITM0006261,HORD001992,PRD0623,1,1330.89,1330.89
HITM0006262,HORD001992,PRD0925,1,56.69,56.69
HITM0006263,HORD001992,PRD0696,1,119.65,119.65
HITM0006264,HORD001992,PRD0536,2,53.59,107.18
HITM0006265,HORD001993,PRD0912,1,1391.06,1391.06
HITM0006266,HORD001993,PRD0298,1,580.86,580.86
HITM0006267,HORD001993,PRD0845,1,45.19,45.19
HITM0006268,HORD001993,PRD0474,1,480.29,480.29
HITM0006269,HORD001993,PRD0084,1,1248.72,1248.72
HITM0006270,HORD001994,PRD0192,1,687.57,687.57
HITM0006271,HORD001994,PRD0634,1,3567.92,3567.92
HITM0006272,HORD001994,PRD0970,1,107.81,107.81
HITM0006273,HORD001994,PRD0136,2,339.97,679.94
HITM0006274,HORD001995,PRD0439,1,323.08,323.08
HITM0006275,HORD001995,PRD0690,1,296.31,296.31
HITM0006276,HORD001995,PRD0500,1,162.81,162.81
HITM0006277,HORD001995,PRD0517,1,2094.09,2094.09
HITM0006278,HORD001996,PRD0925,1,56.69,56.69
HITM0006279,HORD001996,PRD0226,1,286.78,286.78
HITM0006280,HORD001996,PRD0819,2,269.55,539.1
HITM0006281,HORD001996,PRD0312,2,1834.14,3668.28
HITM0006282,HORD001996,PRD0173,1,270.07,270.07
HITM0006283,HORD001997,PRD0330,1,51.67,51.67
HITM0006284,HORD001997,PRD0282,1,1092.79,1092.79
HITM0006285,HORD001997,PRD0298,1,580.86,580.86
HITM0006286,HORD001998,PRD0467,2,590.42,1180.84
HITM0006287,HORD001998,PRD0744,2,3085.44,6170.88
HITM0006288,HORD001999,PRD0219,1,888.21,888.21
HITM0006289,HORD001999,PRD0257,1,1854.63,1854.63
HITM0006290,HORD001999,PRD0516,1,742.63,742.63
HITM0006291,HORD001999,PRD0299,1,150.48,150.48
HITM0006292,HORD002000,PRD0972,1,1027.59,1027.59
HITM0006293,HORD002000,PRD0682,1,1273.55,1273.55
HITM0006294,HORD002001,PRD0191,1,1064.69,1064.69
HITM0006295,HORD002001,PRD0706,1,377.51,377.51
HITM0006296,HORD002001,PRD0135,1,715.95,715.95
HITM0006297,HORD002002,PRD0078,1,451.23,451.23
HITM0006298,HORD002002,PRD0880,3,132.59,397.77
HITM0006299,HORD002002,PRD0833,1,1417.93,1417.93
HITM0006300,HORD002002,PRD0115,1,671.68,671.68
HITM0006301,HORD002003,PRD0580,1,218.53,218.53
HITM0006302,HORD002003,PRD0178,2,176.94,353.88
HITM0006303,HORD002003,PRD0537,3,717.48,2152.44
HITM0006304,HORD002004,PRD0873,1,1172.09,1172.09
HITM0006305,HORD002004,PRD0211,1,2486.18,2486.18
HITM0006306,HORD002004,PRD0246,1,758.55,758.55
HITM0006307,HORD002004,PRD0494,1,2689.23,2689.23
HITM0006308,HORD002005,PRD0866,1,369.1,369.1
HITM0006309,HORD002005,PRD0356,3,246.85,740.55
HITM0006310,HORD002005,PRD0169,1,445.45,445.45
HITM0006311,HORD002005,PRD0408,1,384.62,384.62
HITM0006312,HORD002005,PRD0713,1,1129.25,1129.25
HITM0006313,HORD002006,PRD0962,2,1137.0,2274.0
HITM0006314,HORD002006,PRD0756,1,61.89,61.89
HITM0006315,HORD002007,PRD0108,1,997.65,997.65
HITM0006316,HORD002007,PRD0962,1,1137.0,1137.0
HITM0006317,HORD002007,PRD0453,1,904.43,904.43
HITM0006318,HORD002008,PRD0269,2,473.87,947.74
HITM0006319,HORD002008,PRD0471,1,1547.86,1547.86
HITM0006320,HORD002008,PRD0296,1,122.37,122.37
HITM0006321,HORD002008,PRD0078,2,451.23,902.46
HITM0006322,HORD002009,PRD0689,1,277.28,277.28
HITM0006323,HORD002009,PRD0631,1,2987.02,2987.02
HITM0006324,HORD002009,PRD0686,1,208.32,208.32
HITM0006325,HORD002009,PRD0638,1,675.35,675.35
HITM0006326,HORD002010,PRD0701,1,2281.85,2281.85
HITM0006327,HORD002010,PRD0297,1,902.79,902.79
HITM0006328,HORD002011,PRD0356,1,246.85,246.85
HITM0006329,HORD002011,PRD0963,1,648.79,648.79
HITM0006330,HORD002012,PRD0269,2,473.87,947.74
HITM0006331,HORD002012,PRD0689,2,277.28,554.56
HITM0006332,HORD002012,PRD0060,1,207.18,207.18
HITM0006333,HORD002012,PRD0065,1,446.02,446.02
HITM0006334,HORD002012,PRD0950,1,238.05,238.05
HITM0006335,HORD002013,PRD0853,1,1167.89,1167.89
HITM0006336,HORD002013,PRD0629,1,402.79,402.79
HITM0006337,HORD002013,PRD0095,1,590.13,590.13
HITM0006338,HORD002013,PRD0158,1,224.45,224.45
HITM0006339,HORD002013,PRD0600,1,222.54,222.54
HITM0006340,HORD002014,PRD0026,1,122.12,122.12
HITM0006341,HORD002014,PRD0278,1,83.35,83.35
HITM0006342,HORD002014,PRD0908,2,136.87,273.74
HITM0006343,HORD002014,PRD0652,1,1711.11,1711.11
HITM0006344,HORD002015,PRD0782,1,492.79,492.79
HITM0006345,HORD002015,PRD0928,1,834.91,834.91
HITM0006346,HORD002016,PRD0647,1,754.04,754.04
HITM0006347,HORD002016,PRD0936,1,279.68,279.68
HITM0006348,HORD002016,PRD0733,1,1110.2,1110.2
HITM0006349,HORD002017,PRD0576,1,680.42,680.42
HITM0006350,HORD002017,PRD0312,1,1834.14,1834.14
HITM0006351,HORD002017,PRD0997,2,1651.08,3302.16
HITM0006352,HORD002018,PRD0949,2,589.87,1179.74
HITM0006353,HORD002018,PRD0667,1,2533.49,2533.49
HITM0006354,HORD002018,PRD0645,1,1142.68,1142.68
HITM0006355,HORD002018,PRD0983,1,863.49,863.49
HITM0006356,HORD002019,PRD0995,1,258.22,258.22
HITM0006357,HORD002019,PRD0284,1,1446.14,1446.14
HITM0006358,HORD002019,PRD0952,1,1636.67,1636.67
HITM0006359,HORD002020,PRD0152,1,1406.47,1406.47
HITM0006360,HORD002020,PRD0480,2,168.51,337.02
HITM0006361,HORD002020,PRD0866,1,369.1,369.1
HITM0006362,HORD002020,PRD0180,3,356.72,1070.16
HITM0006363,HORD002021,PRD0852,1,1779.82,1779.82
HITM0006364,HORD002021,PRD0431,1,2880.93,2880.93
HITM0006365,HORD002022,PRD0228,1,946.39,946.39
HITM0006366,HORD002022,PRD0379,1,888.83,888.83
HITM0006367,HORD002022,PRD0158,1,224.45,224.45
HITM0006368,HORD002022,PRD0880,1,132.59,132.59
HITM0006369,HORD002022,PRD0625,2,122.46,244.92
HITM0006370,HORD002023,PRD0848,1,870.59,870.59
HITM0006371,HORD002023,PRD0083,1,1406.78,1406.78
HITM0006372,HORD002023,PRD0433,1,1481.25,1481.25
HITM0006373,HORD002023,PRD0063,1,1221.39,1221.39
HITM0006374,HORD002024,PRD0136,1,339.97,339.97
HITM0006375,HORD002025,PRD0744,1,3085.44,3085.44
HITM0006376,HORD002025,PRD0854,2,651.27,1302.54
HITM0006377,HORD002026,PRD0840,1,102.1,102.1
HITM0006378,HORD002026,PRD0709,1,1109.44,1109.44
HITM0006379,HORD002026,PRD0120,1,266.59,266.59
HITM0006380,HORD002026,PRD0110,1,197.81,197.81
HITM0006381,HORD002026,PRD0930,1,298.86,298.86
HITM0006382,HORD002027,PRD0770,1,410.85,410.85
HITM0006383,HORD002028,PRD0395,1,1111.47,1111.47
HITM0006384,HORD002028,PRD0676,1,117.14,117.14
HITM0006385,HORD002029,PRD0966,1,706.39,706.39
HITM0006386,HORD002029,PRD0286,1,666.41,666.41
HITM0006387,HORD002029,PRD0630,1,270.86,270.86
HITM0006388,HORD002029,PRD0765,1,724.29,724.29
HITM0006389,HORD002030,PRD0830,1,146.02,146.02
HITM0006390,HORD002030,PRD0145,1,624.72,624.72
HITM0006391,HORD002030,PRD0076,1,232.75,232.75
HITM0006392,HORD002030,PRD0204,2,1670.01,3340.02
HITM0006393,HORD002031,PRD0510,2,112.56,225.12
HITM0006394,HORD002031,PRD0675,1,625.06,625.06
HITM0006395,HORD002031,PRD0472,1,828.5,828.5
HITM0006396,HORD002032,PRD0660,1,89.27,89.27
HITM0006397,HORD002032,PRD0710,1,161.67,161.67
HITM0006398,HORD002032,PRD0300,1,243.64,243.64
HITM0006399,HORD002033,PRD0503,1,896.74,896.74
HITM0006400,HORD002033,PRD0122,1,1579.58,1579.58
HITM0006401,HORD002033,PRD0943,1,578.85,578.85
HITM0006402,HORD002033,PRD0193,1,575.14,575.14
HITM0006403,HORD002034,PRD0739,3,784.83,2354.49
HITM0006404,HORD002034,PRD0903,3,332.35,997.05
HITM0006405,HORD002034,PRD0214,2,1445.79,2891.58
HITM0006406,HORD002034,PRD0930,1,298.86,298.86
HITM0006407,HORD002035,PRD0406,1,184.6,184.6
HITM0006408,HORD002035,PRD0159,1,897.22,897.22
HITM0006409,HORD002035,PRD0199,2,710.27,1420.54
HITM0006410,HORD002035,PRD0029,1,418.31,418.31
HITM0006411,HORD002036,PRD0716,1,120.76,120.76
HITM0006412,HORD002036,PRD0755,1,229.0,229.0
HITM0006413,HORD002036,PRD0736,1,171.3,171.3
HITM0006414,HORD002037,PRD0156,2,115.73,231.46
HITM0006415,HORD002037,PRD0929,1,131.55,131.55
HITM0006416,HORD002037,PRD0526,3,44.24,132.72
HITM0006417,HORD002038,PRD0670,1,137.8,137.8
HITM0006418,HORD002038,PRD0609,1,83.83,83.83
HITM0006419,HORD002038,PRD0892,1,375.64,375.64
HITM0006420,HORD002038,PRD0927,1,138.39,138.39
HITM0006421,HORD002039,PRD0528,3,136.95,410.85
HITM0006422,HORD002039,PRD0232,2,1295.64,2591.28
HITM0006423,HORD002039,PRD0818,1,690.8,690.8
HITM0006424,HORD002039,PRD0708,1,1093.2,1093.2
HITM0006425,HORD002040,PRD0802,2,715.6,1431.2
HITM0006426,HORD002040,PRD0925,1,56.69,56.69
HITM0006427,HORD002041,PRD0859,1,664.51,664.51
HITM0006428,HORD002041,PRD0428,1,491.35,491.35
HITM0006429,HORD002042,PRD0186,1,778.69,778.69
HITM0006430,HORD002042,PRD0069,1,398.01,398.01
HITM0006431,HORD002043,PRD0973,1,573.55,573.55
HITM0006432,HORD002044,PRD0662,2,477.61,955.22
HITM0006433,HORD002044,PRD0719,1,876.46,876.46
HITM0006434,HORD002044,PRD0145,1,624.72,624.72
HITM0006435,HORD002044,PRD0962,1,1137.0,1137.0
HITM0006436,HORD002044,PRD0821,1,979.52,979.52
HITM0006437,HORD002045,PRD0210,1,371.54,371.54
HITM0006438,HORD002045,PRD0534,1,458.42,458.42
HITM0006439,HORD002045,PRD0173,1,270.07,270.07
HITM0006440,HORD002045,PRD0592,1,448.87,448.87
HITM0006441,HORD002046,PRD0513,2,453.22,906.44
HITM0006442,HORD002046,PRD0175,1,340.25,340.25
HITM0006443,HORD002046,PRD0386,1,567.42,567.42
HITM0006444,HORD002046,PRD0055,1,371.08,371.08
HITM0006445,HORD002046,PRD0510,1,112.56,112.56
HITM0006446,HORD002047,PRD0018,1,921.55,921.55
HITM0006447,HORD002047,PRD0075,2,360.03,720.06
HITM0006448,HORD002047,PRD0435,1,676.32,676.32
HITM0006449,HORD002048,PRD0019,1,353.47,353.47
HITM0006450,HORD002048,PRD0526,1,44.24,44.24
HITM0006451,HORD002049,PRD0676,1,117.14,117.14
HITM0006452,HORD002049,PRD0694,1,1978.51,1978.51
HITM0006453,HORD002049,PRD0800,1,168.54,168.54
HITM0006454,HORD002050,PRD0808,1,69.84,69.84
HITM0006455,HORD002050,PRD0906,1,553.58,553.58
HITM0006456,HORD002051,PRD0386,1,567.42,567.42
HITM0006457,HORD002051,PRD0043,1,1005.0,1005.0
HITM0006458,HORD002052,PRD0936,1,279.68,279.68
HITM0006459,HORD002052,PRD0993,3,750.11,2250.33
HITM0006460,HORD002052,PRD0205,1,696.35,696.35
HITM0006461,HORD002053,PRD0521,2,2461.03,4922.06
HITM0006462,HORD002053,PRD0093,1,401.55,401.55
HITM0006463,HORD002053,PRD0547,2,394.5,789.0
HITM0006464,HORD002053,PRD0923,1,1561.37,1561.37
HITM0006465,HORD002054,PRD0884,2,2408.23,4816.46
HITM0006466,HORD002054,PRD0285,1,437.61,437.61
HITM0006467,HORD002054,PRD0268,1,226.89,226.89
HITM0006468,HORD002055,PRD0960,1,321.52,321.52
HITM0006469,HORD002055,PRD0826,1,89.12,89.12
HITM0006470,HORD002055,PRD0028,1,160.23,160.23
HITM0006471,HORD002056,PRD0487,3,968.55,2905.65
HITM0006472,HORD002056,PRD0321,1,1488.38,1488.38
HITM0006473,HORD002056,PRD0113,2,756.1,1512.2
HITM0006474,HORD002057,PRD0594,1,3438.81,3438.81
HITM0006475,HORD002057,PRD0252,1,879.59,879.59
HITM0006476,HORD002057,PRD0949,1,589.87,589.87
HITM0006477,HORD002057,PRD0147,1,1910.7,1910.7
HITM0006478,HORD002058,PRD0409,1,165.4,165.4
HITM0006479,HORD002058,PRD0788,1,1009.9,1009.9
HITM0006480,HORD002058,PRD0400,1,411.31,411.31
HITM0006481,HORD002058,PRD0455,1,243.16,243.16
HITM0006482,HORD002059,PRD0128,1,394.68,394.68
HITM0006483,HORD002059,PRD0801,2,1592.9,3185.8
HITM0006484,HORD002059,PRD0777,1,2046.64,2046.64
HITM0006485,HORD002060,PRD0559,1,109.7,109.7
HITM0006486,HORD002060,PRD0077,2,604.37,1208.74
HITM0006487,HORD002060,PRD0230,1,34.01,34.01
HITM0006488,HORD002061,PRD0032,1,742.08,742.08
HITM0006489,HORD002061,PRD0019,1,353.47,353.47
HITM0006490,HORD002061,PRD0277,1,1516.37,1516.37
HITM0006491,HORD002061,PRD0064,2,3952.78,7905.56
HITM0006492,HORD002062,PRD0440,1,112.71,112.71
HITM0006493,HORD002062,PRD0958,3,733.5,2200.5
HITM0006494,HORD002062,PRD0855,1,204.55,204.55
HITM0006495,HORD002063,PRD0703,1,716.42,716.42
HITM0006496,HORD002063,PRD0937,1,435.56,435.56
HITM0006497,HORD002063,PRD0080,1,122.76,122.76
HITM0006498,HORD002063,PRD0640,1,23.59,23.59
HITM0006499,HORD002064,PRD0605,2,964.1,1928.2
HITM0006500,HORD002065,PRD0567,1,1572.22,1572.22
HITM0006501,HORD002065,PRD0636,1,418.01,418.01
HITM0006502,HORD002065,PRD0220,1,187.94,187.94
HITM0006503,HORD002066,PRD0248,1,207.33,207.33
HITM0006504,HORD002066,PRD0239,2,984.36,1968.72
HITM0006505,HORD002066,PRD0999,1,892.27,892.27
HITM0006506,HORD002066,PRD0426,3,726.65,2179.95
HITM0006507,HORD002067,PRD0324,1,2874.92,2874.92
HITM0006508,HORD002067,PRD0618,2,208.79,417.58
HITM0006509,HORD002068,PRD0415,1,191.7,191.7
HITM0006510,HORD002068,PRD0252,1,879.59,879.59
HITM0006511,HORD002069,PRD0670,2,137.8,275.6
HITM0006512,HORD002069,PRD0673,1,548.1,548.1
HITM0006513,HORD002069,PRD0971,3,1694.61,5083.83
HITM0006514,HORD002069,PRD0047,2,663.9,1327.8
HITM0006515,HORD002070,PRD0233,2,1412.0,2824.0
HITM0006516,HORD002070,PRD0495,1,692.95,692.95
HITM0006517,HORD002071,PRD0634,1,3567.92,3567.92
HITM0006518,HORD002071,PRD0165,1,203.41,203.41
HITM0006519,HORD002071,PRD0560,1,258.29,258.29
HITM0006520,HORD002072,PRD0793,3,760.3,2280.9
HITM0006521,HORD002072,PRD0449,1,792.41,792.41
HITM0006522,HORD002073,PRD0713,1,1129.25,1129.25
HITM0006523,HORD002073,PRD0214,1,1445.79,1445.79
HITM0006524,HORD002073,PRD0771,1,1690.63,1690.63
HITM0006525,HORD002074,PRD0045,1,306.29,306.29
HITM0006526,HORD002074,PRD0056,3,437.03,1311.09
HITM0006527,HORD002075,PRD0751,1,1174.19,1174.19
HITM0006528,HORD002075,PRD0274,2,416.56,833.12
HITM0006529,HORD002076,PRD0393,1,793.28,793.28
HITM0006530,HORD002076,PRD0415,1,191.7,191.7
HITM0006531,HORD002076,PRD0287,1,2154.08,2154.08
HITM0006532,HORD002077,PRD0366,2,428.57,857.14
HITM0006533,HORD002077,PRD0640,2,23.59,47.18
HITM0006534,HORD002077,PRD0774,1,1734.69,1734.69
HITM0006535,HORD002078,PRD0555,1,955.38,955.38
HITM0006536,HORD002078,PRD0249,2,1215.99,2431.98
HITM0006537,HORD002078,PRD0930,1,298.86,298.86
HITM0006538,HORD002078,PRD0032,1,742.08,742.08
HITM0006539,HORD002079,PRD0141,1,2328.72,2328.72
HITM0006540,HORD002079,PRD0200,2,231.67,463.34
HITM0006541,HORD002079,PRD0154,1,2205.21,2205.21
HITM0006542,HORD002079,PRD0128,1,394.68,394.68
HITM0006543,HORD002080,PRD0006,1,35.37,35.37
HITM0006544,HORD002080,PRD0124,1,2854.48,2854.48
HITM0006545,HORD002081,PRD0176,1,662.86,662.86
HITM0006546,HORD002081,PRD0230,1,34.01,34.01
HITM0006547,HORD002081,PRD0708,1,1093.2,1093.2
HITM0006548,HORD002082,PRD0413,2,486.14,972.28
HITM0006549,HORD002082,PRD0069,1,398.01,398.01
HITM0006550,HORD002082,PRD0875,1,73.21,73.21
HITM0006551,HORD002083,PRD0300,1,243.64,243.64
HITM0006552,HORD002083,PRD0434,1,1669.95,1669.95
HITM0006553,HORD002083,PRD0906,1,553.58,553.58
HITM0006554,HORD002083,PRD0524,1,782.83,782.83
HITM0006555,HORD002083,PRD0744,1,3085.44,3085.44
HITM0006556,HORD002084,PRD0954,1,551.46,551.46
HITM0006557,HORD002084,PRD0846,1,417.95,417.95
HITM0006558,HORD002084,PRD0558,1,1004.64,1004.64
HITM0006559,HORD002085,PRD0663,1,1329.29,1329.29
HITM0006560,HORD002085,PRD0541,1,2989.04,2989.04
HITM0006561,HORD002086,PRD0560,1,258.29,258.29
HITM0006562,HORD002086,PRD0797,2,936.62,1873.24
HITM0006563,HORD002086,PRD0248,1,207.33,207.33
HITM0006564,HORD002086,PRD0837,1,470.72,470.72
HITM0006565,HORD002087,PRD0889,1,518.76,518.76
HITM0006566,HORD002087,PRD0596,1,497.18,497.18
HITM0006567,HORD002087,PRD0028,1,160.23,160.23
HITM0006568,HORD002088,PRD0491,1,2056.04,2056.04
HITM0006569,HORD002088,PRD0686,2,208.32,416.64
HITM0006570,HORD002088,PRD0610,1,167.07,167.07
HITM0006571,HORD002089,PRD0545,1,1132.56,1132.56
HITM0006572,HORD002089,PRD0290,1,53.02,53.02
HITM0006573,HORD002089,PRD0910,1,28.09,28.09
HITM0006574,HORD002090,PRD0350,2,133.96,267.92
HITM0006575,HORD002090,PRD0731,2,1036.98,2073.96
HITM0006576,HORD002090,PRD0071,1,2816.43,2816.43
HITM0006577,HORD002090,PRD0649,1,985.02,985.02
HITM0006578,HORD002091,PRD0781,1,2713.32,2713.32
HITM0006579,HORD002091,PRD0606,1,49.01,49.01
HITM0006580,HORD002092,PRD0335,1,235.04,235.04
HITM0006581,HORD002092,PRD0655,2,424.11,848.22
HITM0006582,HORD002092,PRD0606,1,49.01,49.01
HITM0006583,HORD002093,PRD0779,1,234.12,234.12
HITM0006584,HORD002094,PRD0550,1,229.62,229.62
HITM0006585,HORD002094,PRD0298,1,580.86,580.86
HITM0006586,HORD002094,PRD0695,2,908.69,1817.38
HITM0006587,HORD002095,PRD0677,2,1000.46,2000.92
HITM0006588,HORD002095,PRD0332,1,449.5,449.5
HITM0006589,HORD002095,PRD0953,1,968.69,968.69
HITM0006590,HORD002095,PRD0020,2,148.97,297.94
HITM0006591,HORD002096,PRD0204,1,1670.01,1670.01
HITM0006592,HORD002096,PRD0848,3,870.59,2611.77
HITM0006593,HORD002096,PRD0221,1,2212.0,2212.0
HITM0006594,HORD002096,PRD0828,1,146.02,146.02
HITM0006595,HORD002097,PRD0171,1,2475.28,2475.28
HITM0006596,HORD002097,PRD0677,1,1000.46,1000.46
HITM0006597,HORD002097,PRD0049,1,598.46,598.46
HITM0006598,HORD002097,PRD0735,1,1149.06,1149.06
HITM0006599,HORD002098,PRD0289,1,1205.3,1205.3
HITM0006600,HORD002098,PRD0345,1,752.34,752.34
HITM0006601,HORD002099,PRD0395,1,1111.47,1111.47
HITM0006602,HORD002099,PRD0490,1,63.94,63.94
HITM0006603,HORD002099,PRD0909,1,346.13,346.13
HITM0006604,HORD002099,PRD0679,1,1399.86,1399.86
HITM0006605,HORD002100,PRD0892,1,375.64,375.64
HITM0006606,HORD002100,PRD0959,1,182.03,182.03
HITM0006607,HORD002100,PRD0986,1,419.88,419.88
HITM0006608,HORD002100,PRD0141,1,2328.72,2328.72
HITM0006609,HORD002101,PRD0338,1,602.72,602.72
HITM0006610,HORD002101,PRD0452,1,687.28,687.28
HITM0006611,HORD002101,PRD0323,1,1563.09,1563.09
HITM0006612,HORD002102,PRD0305,1,346.95,346.95
HITM0006613,HORD002102,PRD0543,3,1583.54,4750.62
HITM0006614,HORD002103,PRD0006,1,35.37,35.37
HITM0006615,HORD002103,PRD0795,1,574.53,574.53
HITM0006616,HORD002103,PRD0501,1,2577.38,2577.38
HITM0006617,HORD002103,PRD0750,1,262.52,262.52
HITM0006618,HORD002104,PRD0978,1,655.83,655.83
HITM0006619,HORD002104,PRD0001,2,2639.78,5279.56
HITM0006620,HORD002104,PRD0500,1,162.81,162.81
HITM0006621,HORD002104,PRD0008,1,205.21,205.21
HITM0006622,HORD002105,PRD0950,2,238.05,476.1
HITM0006623,HORD002105,PRD0728,1,122.0,122.0
HITM0006624,HORD002105,PRD0262,1,893.46,893.46
HITM0006625,HORD002105,PRD0364,2,914.03,1828.06
HITM0006626,HORD002106,PRD0221,1,2212.0,2212.0
HITM0006627,HORD002106,PRD0988,1,721.76,721.76
HITM0006628,HORD002107,PRD0992,1,1098.67,1098.67
HITM0006629,HORD002107,PRD0577,1,649.4,649.4
HITM0006630,HORD002108,PRD0320,1,227.72,227.72
HITM0006631,HORD002108,PRD0519,1,268.64,268.64
HITM0006632,HORD002109,PRD0486,1,180.26,180.26
HITM0006633,HORD002109,PRD0006,2,35.37,70.74
HITM0006634,HORD002109,PRD0405,2,1063.36,2126.72
HITM0006635,HORD002110,PRD0538,3,748.35,2245.05
HITM0006636,HORD002111,PRD0753,1,372.43,372.43
HITM0006637,HORD002111,PRD0633,3,1341.18,4023.54
HITM0006638,HORD002111,PRD0818,1,690.8,690.8
HITM0006639,HORD002112,PRD0832,1,1613.0,1613.0
HITM0006640,HORD002113,PRD0269,1,473.87,473.87
HITM0006641,HORD002114,PRD0566,1,306.33,306.33
HITM0006642,HORD002114,PRD0159,1,897.22,897.22
HITM0006643,HORD002115,PRD0989,2,535.6,1071.2
HITM0006644,HORD002115,PRD0116,1,328.2,328.2
HITM0006645,HORD002116,PRD0336,2,110.53,221.06
HITM0006646,HORD002116,PRD0173,1,270.07,270.07
HITM0006647,HORD002116,PRD0594,1,3438.81,3438.81
HITM0006648,HORD002116,PRD0680,2,103.14,206.28
HITM0006649,HORD002117,PRD0627,1,857.8,857.8
HITM0006650,HORD002117,PRD0905,1,470.11,470.11
HITM0006651,HORD002118,PRD0259,2,1267.87,2535.74
HITM0006652,HORD002118,PRD0780,1,308.34,308.34
HITM0006653,HORD002118,PRD0373,1,1452.1,1452.1
HITM0006654,HORD002118,PRD0991,1,2498.97,2498.97
HITM0006655,HORD002119,PRD0917,1,1133.22,1133.22
HITM0006656,HORD002119,PRD0898,1,197.48,197.48
HITM0006657,HORD002120,PRD0011,1,2618.24,2618.24
HITM0006658,HORD002120,PRD0036,3,226.94,680.82
HITM0006659,HORD002120,PRD0860,1,397.97,397.97
HITM0006660,HORD002120,PRD0527,1,2128.95,2128.95
HITM0006661,HORD002121,PRD0887,1,569.07,569.07
HITM0006662,HORD002121,PRD0828,1,146.02,146.02
HITM0006663,HORD002122,PRD0269,1,473.87,473.87
HITM0006664,HORD002122,PRD0652,1,1711.11,1711.11
HITM0006665,HORD002122,PRD0875,1,73.21,73.21
HITM0006666,HORD002122,PRD0111,1,2254.79,2254.79
HITM0006667,HORD002123,PRD0880,1,132.59,132.59
HITM0006668,HORD002124,PRD0509,1,400.59,400.59
HITM0006669,HORD002124,PRD0230,2,34.01,68.02
HITM0006670,HORD002125,PRD0332,1,449.5,449.5
HITM0006671,HORD002125,PRD0344,1,2946.2,2946.2
HITM0006672,HORD002125,PRD0367,2,1222.73,2445.46
HITM0006673,HORD002126,PRD0056,1,437.03,437.03
HITM0006674,HORD002126,PRD0865,2,1074.97,2149.94
HITM0006675,HORD002126,PRD0640,1,23.59,23.59
HITM0006676,HORD002126,PRD0951,1,2559.57,2559.57
HITM0006677,HORD002127,PRD0415,1,191.7,191.7
HITM0006678,HORD002127,PRD0311,1,1786.27,1786.27
HITM0006679,HORD002128,PRD0317,2,2197.9,4395.8
HITM0006680,HORD002128,PRD0578,1,383.34,383.34
HITM0006681,HORD002128,PRD0235,1,248.42,248.42
HITM0006682,HORD002129,PRD0098,1,1046.87,1046.87
HITM0006683,HORD002129,PRD0780,1,308.34,308.34
HITM0006684,HORD002130,PRD0552,1,470.47,470.47
HITM0006685,HORD002130,PRD0103,1,1002.58,1002.58
HITM0006686,HORD002131,PRD0838,1,955.16,955.16
HITM0006687,HORD002131,PRD0406,1,184.6,184.6
HITM0006688,HORD002131,PRD0425,1,845.25,845.25
HITM0006689,HORD002131,PRD0210,1,371.54,371.54
HITM0006690,HORD002132,PRD0492,1,541.59,541.59
HITM0006691,HORD002132,PRD0756,1,61.89,61.89
HITM0006692,HORD002132,PRD0252,1,879.59,879.59
HITM0006693,HORD002133,PRD0047,1,663.9,663.9
HITM0006694,HORD002133,PRD0845,1,45.19,45.19
HITM0006695,HORD002133,PRD0160,1,21.4,21.4
HITM0006696,HORD002134,PRD0918,1,911.04,911.04
HITM0006697,HORD002134,PRD0557,1,2192.99,2192.99
HITM0006698,HORD002134,PRD0736,1,171.3,171.3
HITM0006699,HORD002134,PRD0712,1,1119.82,1119.82
HITM0006700,HORD002135,PRD0723,1,867.11,867.11
HITM0006701,HORD002136,PRD0053,1,1429.67,1429.67
HITM0006702,HORD002136,PRD0709,2,1109.44,2218.88
HITM0006703,HORD002137,PRD0851,1,2627.27,2627.27
HITM0006704,HORD002137,PRD0466,1,460.08,460.08
HITM0006705,HORD002138,PRD0746,2,187.06,374.12
HITM0006706,HORD002138,PRD0961,1,985.63,985.63
HITM0006707,HORD002138,PRD0586,1,751.47,751.47
HITM0006708,HORD002138,PRD0229,1,1192.23,1192.23
HITM0006709,HORD002138,PRD0910,1,28.09,28.09
HITM0006710,HORD002139,PRD0887,1,569.07,569.07
HITM0006711,HORD002139,PRD0409,2,165.4,330.8
HITM0006712,HORD002139,PRD0363,1,489.25,489.25
HITM0006713,HORD002139,PRD0737,1,2577.23,2577.23
HITM0006714,HORD002140,PRD0084,1,1248.72,1248.72
HITM0006715,HORD002140,PRD0096,1,291.41,291.41
HITM0006716,HORD002140,PRD0482,1,1837.21,1837.21
HITM0006717,HORD002140,PRD0127,1,1131.95,1131.95
HITM0006718,HORD002140,PRD0058,3,913.94,2741.82
HITM0006719,HORD002141,PRD0574,1,1085.51,1085.51
HITM0006720,HORD002141,PRD0120,1,266.59,266.59
HITM0006721,HORD002141,PRD0249,2,1215.99,2431.98
HITM0006722,HORD002141,PRD0343,1,1288.78,1288.78
HITM0006723,HORD002141,PRD0272,1,839.78,839.78
HITM0006724,HORD002142,PRD0542,1,1733.18,1733.18
HITM0006725,HORD002142,PRD0239,1,984.36,984.36
HITM0006726,HORD002142,PRD0336,1,110.53,110.53
HITM0006727,HORD002142,PRD0775,2,668.73,1337.46
HITM0006728,HORD002143,PRD0634,1,3567.92,3567.92
HITM0006729,HORD002143,PRD0879,1,1459.82,1459.82
HITM0006730,HORD002143,PRD0130,1,183.26,183.26
HITM0006731,HORD002144,PRD0285,1,437.61,437.61
HITM0006732,HORD002144,PRD0914,1,2743.18,2743.18
HITM0006733,HORD002144,PRD0844,1,3853.97,3853.97
HITM0006734,HORD002145,PRD0210,1,371.54,371.54
HITM0006735,HORD002145,PRD0160,2,21.4,42.8
HITM0006736,HORD002145,PRD0076,1,232.75,232.75
HITM0006737,HORD002145,PRD0773,1,310.58,310.58
HITM0006738,HORD002146,PRD0880,1,132.59,132.59
HITM0006739,HORD002146,PRD0351,2,2529.0,5058.0
HITM0006740,HORD002147,PRD0773,1,310.58,310.58
HITM0006741,HORD002147,PRD0274,1,416.56,416.56
HITM0006742,HORD002147,PRD0450,1,56.05,56.05
HITM0006743,HORD002147,PRD0964,1,887.89,887.89
HITM0006744,HORD002148,PRD0150,1,302.63,302.63
HITM0006745,HORD002148,PRD0346,1,519.06,519.06
HITM0006746,HORD002148,PRD0776,1,294.42,294.42
HITM0006747,HORD002148,PRD0887,1,569.07,569.07
HITM0006748,HORD002148,PRD0673,2,548.1,1096.2
HITM0006749,HORD002149,PRD0618,3,208.79,626.37
HITM0006750,HORD002149,PRD0498,1,309.85,309.85
HITM0006751,HORD002150,PRD0198,1,737.1,737.1
HITM0006752,HORD002150,PRD0521,1,2461.03,2461.03
HITM0006753,HORD002150,PRD0330,1,51.67,51.67
HITM0006754,HORD002150,PRD0998,1,366.72,366.72
HITM0006755,HORD002150,PRD0772,3,661.34,1984.02
HITM0006756,HORD002151,PRD0660,1,89.27,89.27
HITM0006757,HORD002151,PRD0143,3,490.94,1472.82
HITM0006758,HORD002151,PRD0910,1,28.09,28.09
HITM0006759,HORD002151,PRD0008,1,205.21,205.21
HITM0006760,HORD002152,PRD0449,1,792.41,792.41
HITM0006761,HORD002152,PRD0442,1,1167.29,1167.29
HITM0006762,HORD002153,PRD0906,1,553.58,553.58
HITM0006763,HORD002153,PRD0157,1,1264.96,1264.96
HITM0006764,HORD002153,PRD0818,1,690.8,690.8
HITM0006765,HORD002153,PRD0618,1,208.79,208.79
HITM0006766,HORD002154,PRD0630,1,270.86,270.86
HITM0006767,HORD002154,PRD0838,3,955.16,2865.48
HITM0006768,HORD002154,PRD0612,1,1437.47,1437.47
HITM0006769,HORD002155,PRD0395,1,1111.47,1111.47
HITM0006770,HORD002155,PRD0755,1,229.0,229.0
HITM0006771,HORD002155,PRD0746,1,187.06,187.06
HITM0006772,HORD002155,PRD0977,2,327.77,655.54
HITM0006773,HORD002156,PRD1000,1,45.04,45.04
HITM0006774,HORD002156,PRD0903,1,332.35,332.35
HITM0006775,HORD002156,PRD0695,2,908.69,1817.38
HITM0006776,HORD002157,PRD0538,2,748.35,1496.7
HITM0006777,HORD002157,PRD0136,1,339.97,339.97
HITM0006778,HORD002157,PRD0125,1,108.47,108.47
HITM0006779,HORD002157,PRD0107,1,559.52,559.52
HITM0006780,HORD002158,PRD0927,1,138.39,138.39
HITM0006781,HORD002159,PRD0886,2,389.53,779.06
HITM0006782,HORD002159,PRD0407,2,1986.3,3972.6
HITM0006783,HORD002160,PRD0088,2,141.39,282.78
HITM0006784,HORD002160,PRD0368,1,759.57,759.57
HITM0006785,HORD002160,PRD0103,2,1002.58,2005.16
HITM0006786,HORD002161,PRD0809,1,1365.76,1365.76
HITM0006787,HORD002161,PRD0581,1,2366.29,2366.29
HITM0006788,HORD002161,PRD0147,1,1910.7,1910.7
HITM0006789,HORD002162,PRD0137,1,125.48,125.48
HITM0006790,HORD002163,PRD0111,1,2254.79,2254.79
HITM0006791,HORD002163,PRD0860,1,397.97,397.97
HITM0006792,HORD002163,PRD0520,1,188.8,188.8
HITM0006793,HORD002163,PRD0960,1,321.52,321.52
HITM0006794,HORD002164,PRD0660,1,89.27,89.27
HITM0006795,HORD002164,PRD0895,1,567.08,567.08
HITM0006796,HORD002164,PRD0659,1,848.34,848.34
HITM0006797,HORD002165,PRD0638,1,675.35,675.35
HITM0006798,HORD002165,PRD0364,1,914.03,914.03
HITM0006799,HORD002165,PRD0378,1,271.63,271.63
HITM0006800,HORD002165,PRD0665,1,191.97,191.97
HITM0006801,HORD002166,PRD0949,1,589.87,589.87
HITM0006802,HORD002166,PRD0611,2,1417.98,2835.96
HITM0006803,HORD002166,PRD0508,1,323.95,323.95
HITM0006804,HORD002167,PRD0074,1,3394.49,3394.49
HITM0006805,HORD002167,PRD0025,2,404.64,809.28
HITM0006806,HORD002167,PRD0412,1,1822.18,1822.18
HITM0006807,HORD002168,PRD0577,1,649.4,649.4
HITM0006808,HORD002168,PRD0867,2,822.76,1645.52
HITM0006809,HORD002169,PRD0525,2,135.44,270.88
HITM0006810,HORD002169,PRD0169,1,445.45,445.45
HITM0006811,HORD002170,PRD0872,1,588.52,588.52
HITM0006812,HORD002170,PRD0798,1,418.33,418.33
HITM0006813,HORD002170,PRD0836,1,610.89,610.89
HITM0006814,HORD002171,PRD0715,1,809.62,809.62
HITM0006815,HORD002171,PRD0655,1,424.11,424.11
HITM0006816,HORD002171,PRD0760,2,187.91,375.82
HITM0006817,HORD002172,PRD0479,1,660.2,660.2
HITM0006818,HORD002172,PRD0389,2,910.21,1820.42
HITM0006819,HORD002172,PRD0016,2,346.08,692.16
HITM0006820,HORD002173,PRD0542,1,1733.18,1733.18
HITM0006821,HORD002173,PRD0604,2,2778.09,5556.18
HITM0006822,HORD002173,PRD0108,2,997.65,1995.3
HITM0006823,HORD002173,PRD0310,1,161.31,161.31
HITM0006824,HORD002174,PRD0084,2,1248.72,2497.44
HITM0006825,HORD002175,PRD0179,3,1477.46,4432.38
HITM0006826,HORD002175,PRD0986,1,419.88,419.88
HITM0006827,HORD002175,PRD0300,1,243.64,243.64
HITM0006828,HORD002176,PRD0493,1,1431.18,1431.18
HITM0006829,HORD002176,PRD0240,1,116.74,116.74
HITM0006830,HORD002176,PRD0287,1,2154.08,2154.08
HITM0006831,HORD002176,PRD0013,2,1361.97,2723.94
HITM0006832,HORD002176,PRD0116,1,328.2,328.2
HITM0006833,HORD002177,PRD0946,2,810.85,1621.7
HITM0006834,HORD002178,PRD0476,1,658.84,658.84
HITM0006835,HORD002178,PRD0013,1,1361.97,1361.97
HITM0006836,HORD002178,PRD0925,1,56.69,56.69
HITM0006837,HORD002178,PRD0526,1,44.24,44.24
HITM0006838,HORD002179,PRD0854,1,651.27,651.27
HITM0006839,HORD002179,PRD0673,1,548.1,548.1
HITM0006840,HORD002179,PRD0238,1,1033.13,1033.13
HITM0006841,HORD002179,PRD0191,1,1064.69,1064.69
HITM0006842,HORD002179,PRD0042,1,711.35,711.35
HITM0006843,HORD002180,PRD0877,1,1849.07,1849.07
HITM0006844,HORD002180,PRD0956,1,726.92,726.92
HITM0006845,HORD002180,PRD0302,2,462.63,925.26
HITM0006846,HORD002181,PRD0250,1,329.47,329.47
HITM0006847,HORD002181,PRD0182,1,986.88,986.88
HITM0006848,HORD002181,PRD0889,1,518.76,518.76
HITM0006849,HORD002181,PRD0577,1,649.4,649.4
HITM0006850,HORD002182,PRD0672,2,629.2,1258.4
HITM0006851,HORD002182,PRD0132,1,687.19,687.19
HITM0006852,HORD002182,PRD0177,2,535.99,1071.98
HITM0006853,HORD002182,PRD0953,1,968.69,968.69
HITM0006854,HORD002183,PRD0810,1,393.15,393.15
HITM0006855,HORD002183,PRD0279,1,1189.02,1189.02
HITM0006856,HORD002183,PRD0766,1,420.5,420.5
HITM0006857,HORD002183,PRD0922,1,693.11,693.11
HITM0006858,HORD002184,PRD0845,1,45.19,45.19
HITM0006859,HORD002184,PRD0624,3,2196.66,6589.98
HITM0006860,HORD002184,PRD0096,2,291.41,582.82
HITM0006861,HORD002185,PRD0196,1,373.5,373.5
HITM0006862,HORD002185,PRD0422,1,1820.9,1820.9
HITM0006863,HORD002185,PRD0433,1,1481.25,1481.25
HITM0006864,HORD002185,PRD0922,1,693.11,693.11
HITM0006865,HORD002186,PRD0181,3,1201.83,3605.49
HITM0006866,HORD002186,PRD0093,1,401.55,401.55
HITM0006867,HORD002186,PRD0823,1,739.71,739.71
HITM0006868,HORD002186,PRD0488,2,780.13,1560.26
HITM0006869,HORD002187,PRD0774,1,1734.69,1734.69
HITM0006870,HORD002187,PRD0485,1,939.87,939.87
HITM0006871,HORD002187,PRD0243,1,854.67,854.67
HITM0006872,HORD002188,PRD0214,2,1445.79,2891.58
HITM0006873,HORD002188,PRD0147,2,1910.7,3821.4
HITM0006874,HORD002188,PRD0637,2,2457.32,4914.64
HITM0006875,HORD002188,PRD0374,1,759.14,759.14
HITM0006876,HORD002188,PRD0287,1,2154.08,2154.08
HITM0006877,HORD002189,PRD0617,1,2097.21,2097.21
HITM0006878,HORD002189,PRD0369,2,446.88,893.76
HITM0006879,HORD002189,PRD0281,1,3193.12,3193.12
HITM0006880,HORD002189,PRD0448,1,1005.39,1005.39
HITM0006881,HORD002190,PRD0883,1,1201.31,1201.31
HITM0006882,HORD002190,PRD0139,1,1069.24,1069.24
HITM0006883,HORD002190,PRD0948,1,454.84,454.84
HITM0006884,HORD002190,PRD0546,1,361.61,361.61
HITM0006885,HORD002191,PRD0780,2,308.34,616.68
HITM0006886,HORD002191,PRD0005,2,793.64,1587.28
HITM0006887,HORD002191,PRD0172,1,616.06,616.06
HITM0006888,HORD002192,PRD0658,1,665.45,665.45
HITM0006889,HORD002192,PRD0097,1,458.08,458.08
HITM0006890,HORD002192,PRD0220,1,187.94,187.94
HITM0006891,HORD002192,PRD0116,1,328.2,328.2
HITM0006892,HORD002193,PRD0434,1,1669.95,1669.95
HITM0006893,HORD002193,PRD0396,1,485.87,485.87
HITM0006894,HORD002193,PRD0297,1,902.79,902.79
HITM0006895,HORD002193,PRD0201,1,1626.1,1626.1
HITM0006896,HORD002194,PRD0772,2,661.34,1322.68
HITM0006897,HORD002194,PRD0613,1,1377.73,1377.73
HITM0006898,HORD002195,PRD0549,1,850.69,850.69
HITM0006899,HORD002195,PRD0586,2,751.47,1502.94
HITM0006900,HORD002195,PRD0481,3,1805.28,5415.84
HITM0006901,HORD002196,PRD0453,1,904.43,904.43
HITM0006902,HORD002196,PRD0169,1,445.45,445.45
HITM0006903,HORD002196,PRD0759,1,655.9,655.9
HITM0006904,HORD002196,PRD0604,1,2778.09,2778.09
HITM0006905,HORD002196,PRD0267,1,2030.91,2030.91
HITM0006906,HORD002197,PRD0050,3,289.02,867.06
HITM0006907,HORD002197,PRD0349,1,469.34,469.34
HITM0006908,HORD002197,PRD0818,1,690.8,690.8
HITM0006909,HORD002198,PRD0307,2,2338.69,4677.38
HITM0006910,HORD002198,PRD0630,2,270.86,541.72
HITM0006911,HORD002199,PRD0926,1,455.41,455.41
HITM0006912,HORD002199,PRD0366,2,428.57,857.14
HITM0006913,HORD002199,PRD0694,2,1978.51,3957.02
HITM0006914,HORD002199,PRD0878,1,689.64,689.64
HITM0006915,HORD002199,PRD0155,1,673.32,673.32
HITM0006916,HORD002200,PRD0365,1,380.49,380.49
HITM0006917,HORD002200,PRD0894,1,3415.6,3415.6
HITM0006918,HORD002200,PRD0880,1,132.59,132.59
HITM0006919,HORD002200,PRD0006,2,35.37,70.74
HITM0006920,HORD002200,PRD0908,1,136.87,136.87
HITM0006921,HORD002201,PRD0596,1,497.18,497.18
HITM0006922,HORD002201,PRD0764,1,472.57,472.57
HITM0006923,HORD002201,PRD0725,1,282.7,282.7
HITM0006924,HORD002201,PRD0573,2,1394.74,2789.48
HITM0006925,HORD002201,PRD0093,1,401.55,401.55
HITM0006926,HORD002202,PRD0637,1,2457.32,2457.32
HITM0006927,HORD002202,PRD0047,1,663.9,663.9
HITM0006928,HORD002202,PRD0346,1,519.06,519.06
HITM0006929,HORD002202,PRD0566,1,306.33,306.33
HITM0006930,HORD002203,PRD0050,1,289.02,289.02
HITM0006931,HORD002203,PRD0006,2,35.37,70.74
HITM0006932,HORD002204,PRD0072,1,982.29,982.29
HITM0006933,HORD002204,PRD0993,1,750.11,750.11
HITM0006934,HORD002204,PRD0139,1,1069.24,1069.24
HITM0006935,HORD002205,PRD0105,1,385.04,385.04
HITM0006936,HORD002205,PRD0960,1,321.52,321.52
HITM0006937,HORD002205,PRD0908,1,136.87,136.87
HITM0006938,HORD002205,PRD0174,2,733.71,1467.42
HITM0006939,HORD002206,PRD0290,1,53.02,53.02
HITM0006940,HORD002206,PRD0980,1,398.63,398.63
HITM0006941,HORD002206,PRD0920,1,123.07,123.07
HITM0006942,HORD002206,PRD0340,1,42.57,42.57
HITM0006943,HORD002207,PRD0686,1,208.32,208.32
HITM0006944,HORD002207,PRD0123,2,1257.07,2514.14
HITM0006945,HORD002208,PRD0796,1,46.19,46.19
HITM0006946,HORD002208,PRD0346,1,519.06,519.06
HITM0006947,HORD002209,PRD0088,1,141.39,141.39
HITM0006948,HORD002209,PRD0099,2,892.92,1785.84
HITM0006949,HORD002210,PRD0749,2,1242.7,2485.4
HITM0006950,HORD002210,PRD0220,1,187.94,187.94
HITM0006951,HORD002210,PRD0766,1,420.5,420.5
HITM0006952,HORD002211,PRD0366,1,428.57,428.57
HITM0006953,HORD002211,PRD0266,1,186.6,186.6
HITM0006954,HORD002211,PRD0009,2,354.96,709.92
HITM0006955,HORD002211,PRD0450,1,56.05,56.05
HITM0006956,HORD002212,PRD0551,1,2253.02,2253.02
HITM0006957,HORD002212,PRD0995,1,258.22,258.22
HITM0006958,HORD002212,PRD0107,1,559.52,559.52
HITM0006959,HORD002213,PRD0165,1,203.41,203.41
HITM0006960,HORD002214,PRD0548,1,448.84,448.84
HITM0006961,HORD002215,PRD0982,1,1474.96,1474.96
HITM0006962,HORD002215,PRD0375,1,404.28,404.28
HITM0006963,HORD002215,PRD0793,1,760.3,760.3
HITM0006964,HORD002215,PRD0474,2,480.29,960.58
HITM0006965,HORD002215,PRD0565,1,515.91,515.91
HITM0006966,HORD002216,PRD0218,2,409.55,819.1
HITM0006967,HORD002216,PRD0108,3,997.65,2992.95
HITM0006968,HORD002216,PRD0252,2,879.59,1759.18
HITM0006969,HORD002216,PRD0503,1,896.74,896.74
HITM0006970,HORD002216,PRD0476,1,658.84,658.84
HITM0006971,HORD002217,PRD0906,1,553.58,553.58
HITM0006972,HORD002217,PRD0977,1,327.77,327.77
HITM0006973,HORD002218,PRD0324,1,2874.92,2874.92
HITM0006974,HORD002218,PRD0322,1,1216.91,1216.91
HITM0006975,HORD002219,PRD0716,1,120.76,120.76
HITM0006976,HORD002219,PRD0924,3,508.67,1526.01
HITM0006977,HORD002220,PRD0876,1,146.18,146.18
HITM0006978,HORD002220,PRD0613,1,1377.73,1377.73
HITM0006979,HORD002220,PRD0595,1,429.07,429.07
HITM0006980,HORD002221,PRD0125,2,108.47,216.94
HITM0006981,HORD002221,PRD0250,1,329.47,329.47
HITM0006982,HORD002222,PRD0749,1,1242.7,1242.7
HITM0006983,HORD002222,PRD0909,2,346.13,692.26
HITM0006984,HORD002222,PRD0557,1,2192.99,2192.99
HITM0006985,HORD002223,PRD0220,1,187.94,187.94
HITM0006986,HORD002223,PRD0948,1,454.84,454.84
HITM0006987,HORD002223,PRD0934,1,524.96,524.96
HITM0006988,HORD002224,PRD0008,1,205.21,205.21
HITM0006989,HORD002224,PRD0426,1,726.65,726.65
HITM0006990,HORD002225,PRD0368,1,759.57,759.57
HITM0006991,HORD002225,PRD0499,1,779.63,779.63
HITM0006992,HORD002225,PRD0779,1,234.12,234.12
HITM0006993,HORD002225,PRD0928,2,834.91,1669.82
HITM0006994,HORD002226,PRD0041,1,3019.84,3019.84
HITM0006995,HORD002226,PRD0370,1,233.44,233.44
HITM0006996,HORD002226,PRD0719,1,876.46,876.46
HITM0006997,HORD002227,PRD0282,3,1092.79,3278.37
HITM0006998,HORD002227,PRD0869,1,131.2,131.2
HITM0006999,HORD002228,PRD0015,1,624.09,624.09
HITM0007000,HORD002228,PRD0433,1,1481.25,1481.25
HITM0007001,HORD002228,PRD0713,1,1129.25,1129.25
HITM0007002,HORD002228,PRD0363,1,489.25,489.25
HITM0007003,HORD002229,PRD0476,1,658.84,658.84
HITM0007004,HORD002230,PRD0555,1,955.38,955.38
HITM0007005,HORD002230,PRD0570,1,179.75,179.75
HITM0007006,HORD002231,PRD0551,1,2253.02,2253.02
HITM0007007,HORD002231,PRD0599,1,1129.79,1129.79
HITM0007008,HORD002231,PRD0481,1,1805.28,1805.28
HITM0007009,HORD002231,PRD0741,3,1637.14,4911.42
HITM0007010,HORD002232,PRD0926,1,455.41,455.41
HITM0007011,HORD002232,PRD0919,2,192.13,384.26
HITM0007012,HORD002232,PRD0938,3,103.84,311.52
HITM0007013,HORD002233,PRD0546,2,361.61,723.22
HITM0007014,HORD002234,PRD0753,2,372.43,744.86
HITM0007015,HORD002234,PRD0395,1,1111.47,1111.47
HITM0007016,HORD002234,PRD0648,1,389.72,389.72
HITM0007017,HORD002235,PRD0035,3,1129.26,3387.78
HITM0007018,HORD002235,PRD0332,1,449.5,449.5
HITM0007019,HORD002235,PRD0261,1,3026.48,3026.48
HITM0007020,HORD002235,PRD0786,1,326.86,326.86
HITM0007021,HORD002236,PRD0948,2,454.84,909.68
HITM0007022,HORD002236,PRD0178,1,176.94,176.94
HITM0007023,HORD002237,PRD0289,1,1205.3,1205.3
HITM0007024,HORD002237,PRD0345,1,752.34,752.34
HITM0007025,HORD002237,PRD0509,1,400.59,400.59
HITM0007026,HORD002237,PRD0629,1,402.79,402.79
HITM0007027,HORD002238,PRD0647,1,754.04,754.04
HITM0007028,HORD002238,PRD0447,1,961.68,961.68
HITM0007029,HORD002238,PRD0566,1,306.33,306.33
HITM0007030,HORD002238,PRD0280,1,84.08,84.08
HITM0007031,HORD002239,PRD0035,1,1129.26,1129.26
HITM0007032,HORD002239,PRD0299,1,150.48,150.48
HITM0007033,HORD002239,PRD0501,1,2577.38,2577.38
HITM0007034,HORD002240,PRD0578,1,383.34,383.34
HITM0007035,HORD002240,PRD0198,2,737.1,1474.2
HITM0007036,HORD002241,PRD0829,1,328.42,328.42
HITM0007037,HORD002241,PRD0201,1,1626.1,1626.1
HITM0007038,HORD002241,PRD0637,1,2457.32,2457.32
HITM0007039,HORD002241,PRD0803,2,671.68,1343.36
HITM0007040,HORD002241,PRD0337,2,408.39,816.78
HITM0007041,HORD002242,PRD0807,2,123.14,246.28
HITM0007042,HORD002242,PRD0878,2,689.64,1379.28
HITM0007043,HORD002242,PRD0458,3,825.04,2475.12
HITM0007044,HORD002242,PRD0907,1,2551.71,2551.71
HITM0007045,HORD002243,PRD0221,2,2212.0,4424.0
HITM0007046,HORD002243,PRD0837,1,470.72,470.72
HITM0007047,HORD002243,PRD0680,1,103.14,103.14
HITM0007048,HORD002243,PRD0964,1,887.89,887.89
HITM0007049,HORD002243,PRD0718,1,543.69,543.69
HITM0007050,HORD002244,PRD0201,1,1626.1,1626.1
HITM0007051,HORD002244,PRD0421,1,2974.43,2974.43
HITM0007052,HORD002245,PRD0450,1,56.05,56.05
HITM0007053,HORD002245,PRD0605,2,964.1,1928.2
HITM0007054,HORD002245,PRD0008,1,205.21,205.21
HITM0007055,HORD002246,PRD0169,1,445.45,445.45
HITM0007056,HORD002246,PRD0178,1,176.94,176.94
HITM0007057,HORD002246,PRD0964,1,887.89,887.89
HITM0007058,HORD002247,PRD0065,1,446.02,446.02
HITM0007059,HORD002247,PRD0782,1,492.79,492.79
HITM0007060,HORD002247,PRD0256,1,432.88,432.88
HITM0007061,HORD002248,PRD0978,1,655.83,655.83
HITM0007062,HORD002248,PRD0298,1,580.86,580.86
HITM0007063,HORD002248,PRD0132,1,687.19,687.19
HITM0007064,HORD002248,PRD0937,1,435.56,435.56
HITM0007065,HORD002249,PRD0513,2,453.22,906.44
HITM0007066,HORD002249,PRD0198,2,737.1,1474.2
HITM0007067,HORD002249,PRD0131,1,2191.15,2191.15
HITM0007068,HORD002250,PRD0908,1,136.87,136.87
HITM0007069,HORD002250,PRD0090,1,136.64,136.64
HITM0007070,HORD002250,PRD0463,1,564.14,564.14
HITM0007071,HORD002250,PRD0960,1,321.52,321.52
HITM0007072,HORD002250,PRD0552,1,470.47,470.47
HITM0007073,HORD002251,PRD0286,1,666.41,666.41
HITM0007074,HORD002251,PRD0996,1,440.1,440.1
HITM0007075,HORD002251,PRD0366,3,428.57,1285.71
HITM0007076,HORD002252,PRD0570,1,179.75,179.75
HITM0007077,HORD002252,PRD0830,1,146.02,146.02
HITM0007078,HORD002252,PRD0050,1,289.02,289.02
HITM0007079,HORD002253,PRD0886,2,389.53,779.06
HITM0007080,HORD002253,PRD0288,1,151.78,151.78
HITM0007081,HORD002253,PRD0898,2,197.48,394.96
HITM0007082,HORD002254,PRD0909,1,346.13,346.13
HITM0007083,HORD002254,PRD0243,1,854.67,854.67
HITM0007084,HORD002254,PRD0462,2,1180.47,2360.94
HITM0007085,HORD002255,PRD0585,1,101.78,101.78
HITM0007086,HORD002255,PRD0625,1,122.46,122.46
HITM0007087,HORD002256,PRD0548,1,448.84,448.84
HITM0007088,HORD002256,PRD0616,1,819.39,819.39
HITM0007089,HORD002256,PRD0801,1,1592.9,1592.9
HITM0007090,HORD002256,PRD0230,1,34.01,34.01
HITM0007091,HORD002257,PRD0810,1,393.15,393.15
HITM0007092,HORD002257,PRD0991,1,2498.97,2498.97
HITM0007093,HORD002257,PRD0169,1,445.45,445.45
HITM0007094,HORD002257,PRD0643,1,530.41,530.41
HITM0007095,HORD002258,PRD0086,1,92.8,92.8
HITM0007096,HORD002258,PRD0157,1,1264.96,1264.96
HITM0007097,HORD002258,PRD0195,1,951.68,951.68
HITM0007098,HORD002259,PRD0485,1,939.87,939.87
HITM0007099,HORD002259,PRD0964,2,887.89,1775.78
HITM0007100,HORD002259,PRD0160,1,21.4,21.4
HITM0007101,HORD002259,PRD0344,1,2946.2,2946.2
HITM0007102,HORD002260,PRD0094,1,1868.0,1868.0
HITM0007103,HORD002260,PRD0484,1,3736.5,3736.5
HITM0007104,HORD002260,PRD0217,1,1737.26,1737.26
HITM0007105,HORD002260,PRD0050,1,289.02,289.02
HITM0007106,HORD002261,PRD0552,1,470.47,470.47
HITM0007107,HORD002261,PRD0089,2,561.13,1122.26
HITM0007108,HORD002262,PRD0918,1,911.04,911.04
HITM0007109,HORD002262,PRD0929,1,131.55,131.55
HITM0007110,HORD002262,PRD0440,2,112.71,225.42
HITM0007111,HORD002263,PRD0029,3,418.31,1254.93
HITM0007112,HORD002263,PRD0990,2,373.88,747.76
HITM0007113,HORD002263,PRD0671,2,926.06,1852.12
HITM0007114,HORD002263,PRD0299,1,150.48,150.48
HITM0007115,HORD002263,PRD0512,1,1262.67,1262.67
HITM0007116,HORD002264,PRD0772,1,661.34,661.34
HITM0007117,HORD002264,PRD0409,1,165.4,165.4
HITM0007118,HORD002265,PRD0876,1,146.18,146.18
HITM0007119,HORD002265,PRD0073,1,1497.77,1497.77
HITM0007120,HORD002265,PRD0938,1,103.84,103.84
HITM0007121,HORD002265,PRD0368,1,759.57,759.57
HITM0007122,HORD002265,PRD0731,1,1036.98,1036.98
HITM0007123,HORD002266,PRD0189,1,634.68,634.68
HITM0007124,HORD002267,PRD0927,1,138.39,138.39
HITM0007125,HORD002267,PRD0958,1,733.5,733.5
HITM0007126,HORD002267,PRD0145,1,624.72,624.72
HITM0007127,HORD002267,PRD0690,3,296.31,888.93
HITM0007128,HORD002268,PRD0028,1,160.23,160.23
HITM0007129,HORD002268,PRD0287,1,2154.08,2154.08
HITM0007130,HORD002268,PRD0277,1,1516.37,1516.37
HITM0007131,HORD002269,PRD0196,1,373.5,373.5
HITM0007132,HORD002269,PRD0558,1,1004.64,1004.64
HITM0007133,HORD002269,PRD0477,1,654.36,654.36
HITM0007134,HORD002269,PRD0757,2,915.35,1830.7
HITM0007135,HORD002270,PRD0872,1,588.52,588.52
HITM0007136,HORD002270,PRD0732,1,1068.78,1068.78
HITM0007137,HORD002270,PRD0790,1,55.39,55.39
HITM0007138,HORD002271,PRD0147,1,1910.7,1910.7
HITM0007139,HORD002271,PRD0611,3,1417.98,4253.94
HITM0007140,HORD002271,PRD0869,1,131.2,131.2
HITM0007141,HORD002271,PRD0066,2,545.23,1090.46
HITM0007142,HORD002272,PRD0406,3,184.6,553.8
HITM0007143,HORD002272,PRD0949,1,589.87,589.87
HITM0007144,HORD002272,PRD0238,1,1033.13,1033.13
HITM0007145,HORD002272,PRD0298,2,580.86,1161.72
HITM0007146,HORD002273,PRD0570,1,179.75,179.75
HITM0007147,HORD002273,PRD0874,1,3409.41,3409.41
HITM0007148,HORD002273,PRD0385,1,1062.27,1062.27
HITM0007149,HORD002274,PRD0194,3,3007.67,9023.01
HITM0007150,HORD002274,PRD0533,1,1118.9,1118.9
HITM0007151,HORD002274,PRD0264,1,2624.21,2624.21
HITM0007152,HORD002275,PRD0916,1,784.31,784.31
HITM0007153,HORD002275,PRD0649,1,985.02,985.02
HITM0007154,HORD002275,PRD0563,1,651.72,651.72
HITM0007155,HORD002276,PRD0029,1,418.31,418.31
HITM0007156,HORD002276,PRD0146,1,212.69,212.69
HITM0007157,HORD002276,PRD0107,1,559.52,559.52
HITM0007158,HORD002276,PRD0125,3,108.47,325.41
HITM0007159,HORD002277,PRD0716,1,120.76,120.76
HITM0007160,HORD002277,PRD0900,1,369.61,369.61
HITM0007161,HORD002277,PRD0690,1,296.31,296.31
HITM0007162,HORD002277,PRD0638,2,675.35,1350.7
HITM0007163,HORD002277,PRD0436,1,112.2,112.2
HITM0007164,HORD002278,PRD0005,1,793.64,793.64
HITM0007165,HORD002278,PRD0118,1,156.33,156.33
HITM0007166,HORD002278,PRD0158,3,224.45,673.35
HITM0007167,HORD002278,PRD0905,1,470.11,470.11
HITM0007168,HORD002279,PRD0470,1,133.45,133.45
HITM0007169,HORD002279,PRD0255,1,426.01,426.01
HITM0007170,HORD002279,PRD0494,1,2689.23,2689.23
HITM0007171,HORD002280,PRD0500,1,162.81,162.81
HITM0007172,HORD002280,PRD0820,1,31.29,31.29
HITM0007173,HORD002280,PRD0858,1,363.41,363.41
HITM0007174,HORD002280,PRD0757,1,915.35,915.35
HITM0007175,HORD002281,PRD0371,1,2576.15,2576.15
HITM0007176,HORD002281,PRD0047,1,663.9,663.9
HITM0007177,HORD002281,PRD0030,3,239.93,719.79
HITM0007178,HORD002281,PRD0382,1,865.54,865.54
HITM0007179,HORD002282,PRD0113,1,756.1,756.1
HITM0007180,HORD002282,PRD0563,2,651.72,1303.44
HITM0007181,HORD002282,PRD0128,1,394.68,394.68
HITM0007182,HORD002282,PRD0562,1,1881.67,1881.67
HITM0007183,HORD002283,PRD0321,2,1488.38,2976.76
HITM0007184,HORD002283,PRD0557,1,2192.99,2192.99
HITM0007185,HORD002283,PRD0080,1,122.76,122.76
HITM0007186,HORD002283,PRD0343,1,1288.78,1288.78
HITM0007187,HORD002284,PRD0212,1,1587.64,1587.64
HITM0007188,HORD002284,PRD0200,1,231.67,231.67
HITM0007189,HORD002284,PRD0585,1,101.78,101.78
HITM0007190,HORD002284,PRD0886,1,389.53,389.53
HITM0007191,HORD002285,PRD0152,3,1406.47,4219.41
HITM0007192,HORD002285,PRD0938,1,103.84,103.84
HITM0007193,HORD002286,PRD0330,1,51.67,51.67
HITM0007194,HORD002286,PRD0326,1,833.05,833.05
HITM0007195,HORD002286,PRD0480,1,168.51,168.51
HITM0007196,HORD002286,PRD0356,1,246.85,246.85
HITM0007197,HORD002287,PRD0035,1,1129.26,1129.26
HITM0007198,HORD002287,PRD0400,1,411.31,411.31
HITM0007199,HORD002287,PRD0772,2,661.34,1322.68
HITM0007200,HORD002287,PRD0211,1,2486.18,2486.18
HITM0007201,HORD002288,PRD0791,1,2467.42,2467.42
HITM0007202,HORD002288,PRD0681,2,1969.92,3939.84
HITM0007203,HORD002288,PRD0938,3,103.84,311.52
HITM0007204,HORD002288,PRD0797,1,936.62,936.62
HITM0007205,HORD002289,PRD0027,2,116.57,233.14
HITM0007206,HORD002289,PRD0997,1,1651.08,1651.08
HITM0007207,HORD002289,PRD0476,2,658.84,1317.68
HITM0007208,HORD002290,PRD0296,1,122.37,122.37
HITM0007209,HORD002291,PRD0710,1,161.67,161.67
HITM0007210,HORD002292,PRD0329,1,100.62,100.62
HITM0007211,HORD002292,PRD0036,1,226.94,226.94
HITM0007212,HORD002292,PRD0455,1,243.16,243.16
HITM0007213,HORD002293,PRD0313,1,1045.09,1045.09
HITM0007214,HORD002293,PRD0947,1,934.61,934.61
HITM0007215,HORD002293,PRD0779,1,234.12,234.12
HITM0007216,HORD002294,PRD0036,1,226.94,226.94
HITM0007217,HORD002294,PRD0599,1,1129.79,1129.79
HITM0007218,HORD002294,PRD0889,1,518.76,518.76
HITM0007219,HORD002294,PRD0099,2,892.92,1785.84
HITM0007220,HORD002294,PRD0221,1,2212.0,2212.0
HITM0007221,HORD002295,PRD0646,1,609.53,609.53
HITM0007222,HORD002295,PRD0620,2,339.14,678.28
HITM0007223,HORD002295,PRD0808,1,69.84,69.84
HITM0007224,HORD002296,PRD0202,1,1558.53,1558.53
HITM0007225,HORD002296,PRD0294,1,1563.92,1563.92
HITM0007226,HORD002296,PRD0091,1,1158.82,1158.82
HITM0007227,HORD002296,PRD0591,1,2930.44,2930.44
HITM0007228,HORD002297,PRD0006,1,35.37,35.37
HITM0007229,HORD002297,PRD0280,1,84.08,84.08
HITM0007230,HORD002298,PRD0928,1,834.91,834.91
HITM0007231,HORD002298,PRD0908,1,136.87,136.87
HITM0007232,HORD002298,PRD0892,2,375.64,751.28
HITM0007233,HORD002298,PRD0827,3,1653.52,4960.56
HITM0007234,HORD002298,PRD0736,1,171.3,171.3
HITM0007235,HORD002299,PRD0166,1,486.74,486.74
HITM0007236,HORD002299,PRD0086,1,92.8,92.8
HITM0007237,HORD002300,PRD0377,1,1501.75,1501.75
HITM0007238,HORD002300,PRD0135,2,715.95,1431.9
HITM0007239,HORD002300,PRD0022,1,778.88,778.88
HITM0007240,HORD002301,PRD0994,1,2732.71,2732.71
HITM0007241,HORD002302,PRD0120,1,266.59,266.59
HITM0007242,HORD002302,PRD0853,1,1167.89,1167.89
HITM0007243,HORD002302,PRD0885,1,689.39,689.39
HITM0007244,HORD002303,PRD0246,1,758.55,758.55
HITM0007245,HORD002303,PRD0053,1,1429.67,1429.67
HITM0007246,HORD002303,PRD0289,2,1205.3,2410.6
HITM0007247,HORD002304,PRD0023,1,268.14,268.14
HITM0007248,HORD002304,PRD0173,1,270.07,270.07
HITM0007249,HORD002304,PRD0222,1,1185.98,1185.98
HITM0007250,HORD002304,PRD0465,1,778.89,778.89
HITM0007251,HORD002305,PRD0710,2,161.67,323.34
HITM0007252,HORD002305,PRD0088,1,141.39,141.39
HITM0007253,HORD002306,PRD0507,1,135.21,135.21
HITM0007254,HORD002307,PRD0408,1,384.62,384.62
HITM0007255,HORD002307,PRD0036,1,226.94,226.94
HITM0007256,HORD002307,PRD0497,1,1779.73,1779.73
HITM0007257,HORD002308,PRD0640,2,23.59,47.18
HITM0007258,HORD002308,PRD0820,1,31.29,31.29
HITM0007259,HORD002308,PRD0244,1,807.13,807.13
HITM0007260,HORD002309,PRD0618,1,208.79,208.79
HITM0007261,HORD002309,PRD0744,1,3085.44,3085.44
HITM0007262,HORD002309,PRD0424,2,4001.95,8003.9
HITM0007263,HORD002310,PRD0575,1,996.56,996.56
HITM0007264,HORD002310,PRD0982,1,1474.96,1474.96
HITM0007265,HORD002310,PRD0878,2,689.64,1379.28
HITM0007266,HORD002310,PRD0412,2,1822.18,3644.36
HITM0007267,HORD002310,PRD0970,1,107.81,107.81
HITM0007268,HORD002311,PRD0560,1,258.29,258.29
HITM0007269,HORD002311,PRD0793,1,760.3,760.3
HITM0007270,HORD002312,PRD0985,1,77.36,77.36
HITM0007271,HORD002313,PRD0268,1,226.89,226.89
HITM0007272,HORD002313,PRD0808,1,69.84,69.84
HITM0007273,HORD002314,PRD0728,1,122.0,122.0
HITM0007274,HORD002314,PRD0377,2,1501.75,3003.5
HITM0007275,HORD002314,PRD0031,2,1504.32,3008.64
HITM0007276,HORD002315,PRD0850,1,37.87,37.87
HITM0007277,HORD002315,PRD0209,1,327.08,327.08
HITM0007278,HORD002315,PRD0081,2,1855.65,3711.3
HITM0007279,HORD002316,PRD0910,1,28.09,28.09
HITM0007280,HORD002316,PRD0236,1,313.33,313.33
HITM0007281,HORD002316,PRD0556,1,546.84,546.84
HITM0007282,HORD002316,PRD0358,3,1045.44,3136.32
HITM0007283,HORD002316,PRD0286,1,666.41,666.41
HITM0007284,HORD002317,PRD0473,1,370.27,370.27
HITM0007285,HORD002317,PRD0675,1,625.06,625.06
HITM0007286,HORD002317,PRD0159,1,897.22,897.22
HITM0007287,HORD002318,PRD0566,1,306.33,306.33
HITM0007288,HORD002318,PRD0755,3,229.0,687.0
HITM0007289,HORD002318,PRD0809,2,1365.76,2731.52
HITM0007290,HORD002319,PRD0566,1,306.33,306.33
HITM0007291,HORD002319,PRD0412,2,1822.18,3644.36
HITM0007292,HORD002319,PRD0807,2,123.14,246.28
HITM0007293,HORD002319,PRD0951,1,2559.57,2559.57
HITM0007294,HORD002320,PRD0096,1,291.41,291.41
HITM0007295,HORD002320,PRD0165,1,203.41,203.41
HITM0007296,HORD002320,PRD0777,2,2046.64,4093.28
HITM0007297,HORD002321,PRD0048,1,490.15,490.15
HITM0007298,HORD002321,PRD0736,1,171.3,171.3
HITM0007299,HORD002321,PRD0837,1,470.72,470.72
HITM0007300,HORD002321,PRD0535,1,878.27,878.27
HITM0007301,HORD002321,PRD0670,1,137.8,137.8
HITM0007302,HORD002322,PRD0535,1,878.27,878.27
HITM0007303,HORD002322,PRD0877,1,1849.07,1849.07
HITM0007304,HORD002322,PRD0862,1,612.88,612.88
HITM0007305,HORD002323,PRD0204,1,1670.01,1670.01
HITM0007306,HORD002323,PRD0027,1,116.57,116.57
HITM0007307,HORD002323,PRD0052,1,1497.13,1497.13
HITM0007308,HORD002324,PRD0020,1,148.97,148.97
HITM0007309,HORD002324,PRD0642,1,1152.43,1152.43
HITM0007310,HORD002324,PRD0918,1,911.04,911.04
HITM0007311,HORD002324,PRD0096,1,291.41,291.41
HITM0007312,HORD002324,PRD0715,1,809.62,809.62
HITM0007313,HORD002325,PRD0906,2,553.58,1107.16
HITM0007314,HORD002325,PRD0688,1,611.89,611.89
HITM0007315,HORD002325,PRD0844,1,3853.97,3853.97
HITM0007316,HORD002325,PRD0469,1,274.61,274.61
HITM0007317,HORD002326,PRD0492,1,541.59,541.59
HITM0007318,HORD002326,PRD0201,1,1626.1,1626.1
HITM0007319,HORD002326,PRD0098,1,1046.87,1046.87
HITM0007320,HORD002327,PRD0966,1,706.39,706.39
HITM0007321,HORD002327,PRD0609,1,83.83,83.83
HITM0007322,HORD002328,PRD0830,2,146.02,292.04
HITM0007323,HORD002328,PRD0300,1,243.64,243.64
HITM0007324,HORD002328,PRD0415,1,191.7,191.7
HITM0007325,HORD002329,PRD0319,1,1438.71,1438.71
HITM0007326,HORD002329,PRD0522,1,1270.84,1270.84
HITM0007327,HORD002329,PRD0923,1,1561.37,1561.37
HITM0007328,HORD002330,PRD0976,1,714.76,714.76
HITM0007329,HORD002330,PRD0235,2,248.42,496.84
HITM0007330,HORD002331,PRD0090,1,136.64,136.64
HITM0007331,HORD002331,PRD0009,1,354.96,354.96
HITM0007332,HORD002331,PRD0512,1,1262.67,1262.67
HITM0007333,HORD002331,PRD0008,1,205.21,205.21
HITM0007334,HORD002332,PRD0979,1,1067.2,1067.2
HITM0007335,HORD002333,PRD0149,1,1414.32,1414.32
HITM0007336,HORD002333,PRD0176,1,662.86,662.86
HITM0007337,HORD002333,PRD0785,2,739.95,1479.9
HITM0007338,HORD002334,PRD0175,1,340.25,340.25
HITM0007339,HORD002334,PRD0080,2,122.76,245.52
HITM0007340,HORD002334,PRD0281,1,3193.12,3193.12
HITM0007341,HORD002334,PRD0192,1,687.57,687.57
HITM0007342,HORD002334,PRD0025,1,404.64,404.64
HITM0007343,HORD002335,PRD0876,1,146.18,146.18
HITM0007344,HORD002335,PRD0907,1,2551.71,2551.71
HITM0007345,HORD002335,PRD0473,1,370.27,370.27
HITM0007346,HORD002336,PRD0805,2,1065.34,2130.68
HITM0007347,HORD002336,PRD0551,1,2253.02,2253.02
HITM0007348,HORD002336,PRD0918,1,911.04,911.04
HITM0007349,HORD002336,PRD0750,1,262.52,262.52
HITM0007350,HORD002336,PRD0596,1,497.18,497.18
HITM0007351,HORD002337,PRD0850,1,37.87,37.87
HITM0007352,HORD002337,PRD0796,1,46.19,46.19
HITM0007353,HORD002338,PRD0626,1,139.26,139.26
HITM0007354,HORD002338,PRD0349,1,469.34,469.34
HITM0007355,HORD002338,PRD0507,1,135.21,135.21
HITM0007356,HORD002338,PRD0993,1,750.11,750.11
HITM0007357,HORD002339,PRD0284,1,1446.14,1446.14
HITM0007358,HORD002339,PRD0816,1,377.97,377.97
HITM0007359,HORD002340,PRD0909,1,346.13,346.13
HITM0007360,HORD002340,PRD0374,1,759.14,759.14
HITM0007361,HORD002340,PRD0855,1,204.55,204.55
HITM0007362,HORD002340,PRD0392,1,1492.32,1492.32
HITM0007363,HORD002341,PRD0262,1,893.46,893.46
HITM0007364,HORD002341,PRD0347,1,1531.55,1531.55
HITM0007365,HORD002341,PRD0596,1,497.18,497.18
HITM0007366,HORD002342,PRD0281,2,3193.12,6386.24
HITM0007367,HORD002342,PRD0600,1,222.54,222.54
HITM0007368,HORD002342,PRD0786,1,326.86,326.86
HITM0007369,HORD002342,PRD0237,1,983.57,983.57
HITM0007370,HORD002343,PRD0660,1,89.27,89.27
HITM0007371,HORD002343,PRD0372,1,330.93,330.93
HITM0007372,HORD002343,PRD0208,1,940.02,940.02
HITM0007373,HORD002344,PRD0318,1,971.41,971.41
HITM0007374,HORD002344,PRD0993,1,750.11,750.11
HITM0007375,HORD002344,PRD0026,2,122.12,244.24
HITM0007376,HORD002344,PRD0753,1,372.43,372.43
HITM0007377,HORD002344,PRD0543,1,1583.54,1583.54
HITM0007378,HORD002345,PRD0393,2,793.28,1586.56
HITM0007379,HORD002345,PRD0518,1,127.55,127.55
HITM0007380,HORD002345,PRD0348,2,857.27,1714.54
HITM0007381,HORD002345,PRD0649,1,985.02,985.02
HITM0007382,HORD002346,PRD0578,1,383.34,383.34
HITM0007383,HORD002346,PRD0620,1,339.14,339.14
HITM0007384,HORD002346,PRD0281,3,3193.12,9579.36
HITM0007385,HORD002346,PRD0775,2,668.73,1337.46
HITM0007386,HORD002347,PRD0825,1,841.2,841.2
HITM0007387,HORD002347,PRD0915,1,551.31,551.31
HITM0007388,HORD002347,PRD0979,1,1067.2,1067.2
HITM0007389,HORD002348,PRD0255,1,426.01,426.01
HITM0007390,HORD002348,PRD0667,1,2533.49,2533.49
HITM0007391,HORD002348,PRD0370,2,233.44,466.88
HITM0007392,HORD002349,PRD0060,2,207.18,414.36
HITM0007393,HORD002349,PRD0008,1,205.21,205.21
HITM0007394,HORD002349,PRD0627,1,857.8,857.8
HITM0007395,HORD002349,PRD0370,1,233.44,233.44
HITM0007396,HORD002349,PRD0601,1,2366.92,2366.92
HITM0007397,HORD002350,PRD0763,2,950.45,1900.9
HITM0007398,HORD002350,PRD0323,1,1563.09,1563.09
HITM0007399,HORD002350,PRD0509,1,400.59,400.59
HITM0007400,HORD002350,PRD0379,1,888.83,888.83
HITM0007401,HORD002351,PRD0610,2,167.07,334.14
HITM0007402,HORD002351,PRD0798,2,418.33,836.66
HITM0007403,HORD002352,PRD0210,1,371.54,371.54
HITM0007404,HORD002352,PRD0695,1,908.69,908.69
HITM0007405,HORD002352,PRD0286,1,666.41,666.41
HITM0007406,HORD002352,PRD0116,1,328.2,328.2
HITM0007407,HORD002352,PRD0206,1,190.8,190.8
HITM0007408,HORD002353,PRD0121,1,3030.38,3030.38
HITM0007409,HORD002353,PRD0356,2,246.85,493.7
HITM0007410,HORD002353,PRD0229,1,1192.23,1192.23
HITM0007411,HORD002353,PRD0458,1,825.04,825.04
HITM0007412,HORD002354,PRD0117,1,1668.5,1668.5
HITM0007413,HORD002354,PRD0248,2,207.33,414.66
HITM0007414,HORD002354,PRD0127,1,1131.95,1131.95
HITM0007415,HORD002354,PRD0497,1,1779.73,1779.73
HITM0007416,HORD002355,PRD0488,2,780.13,1560.26
HITM0007417,HORD002355,PRD0937,1,435.56,435.56
HITM0007418,HORD002355,PRD0723,1,867.11,867.11
HITM0007419,HORD002355,PRD0145,1,624.72,624.72
HITM0007420,HORD002356,PRD0997,2,1651.08,3302.16
HITM0007421,HORD002356,PRD0806,1,499.24,499.24
HITM0007422,HORD002356,PRD0748,1,789.67,789.67
HITM0007423,HORD002356,PRD0406,1,184.6,184.6
HITM0007424,HORD002357,PRD0309,1,621.05,621.05
HITM0007425,HORD002357,PRD0612,2,1437.47,2874.94
HITM0007426,HORD002357,PRD0794,2,4029.39,8058.78
HITM0007427,HORD002357,PRD0080,2,122.76,245.52
HITM0007428,HORD002358,PRD0761,1,2430.17,2430.17
HITM0007429,HORD002358,PRD0654,1,1208.24,1208.24
HITM0007430,HORD002358,PRD0575,1,996.56,996.56
HITM0007431,HORD002359,PRD0045,1,306.29,306.29
HITM0007432,HORD002359,PRD0669,1,387.51,387.51
HITM0007433,HORD002359,PRD0908,1,136.87,136.87
HITM0007434,HORD002360,PRD0198,1,737.1,737.1
HITM0007435,HORD002360,PRD0855,1,204.55,204.55
HITM0007436,HORD002361,PRD0166,1,486.74,486.74
HITM0007437,HORD002361,PRD0624,1,2196.66,2196.66
HITM0007438,HORD002362,PRD0487,1,968.55,968.55
HITM0007439,HORD002362,PRD0498,1,309.85,309.85
HITM0007440,HORD002362,PRD0765,1,724.29,724.29
HITM0007441,HORD002362,PRD0372,2,330.93,661.86
HITM0007442,HORD002362,PRD0799,1,114.07,114.07
HITM0007443,HORD002363,PRD0475,3,357.18,1071.54
HITM0007444,HORD002363,PRD0865,1,1074.97,1074.97
HITM0007445,HORD002364,PRD0660,1,89.27,89.27
HITM0007446,HORD002364,PRD0870,1,360.59,360.59
HITM0007447,HORD002364,PRD0929,1,131.55,131.55
HITM0007448,HORD002364,PRD0186,1,778.69,778.69
HITM0007449,HORD002365,PRD0031,2,1504.32,3008.64
HITM0007450,HORD002365,PRD0438,1,104.09,104.09
HITM0007451,HORD002365,PRD0110,1,197.81,197.81
HITM0007452,HORD002365,PRD0830,1,146.02,146.02
HITM0007453,HORD002366,PRD0487,1,968.55,968.55
HITM0007454,HORD002366,PRD0893,1,1495.82,1495.82
HITM0007455,HORD002366,PRD0592,2,448.87,897.74
HITM0007456,HORD002367,PRD0858,1,363.41,363.41
HITM0007457,HORD002367,PRD0444,2,3715.62,7431.24
HITM0007458,HORD002367,PRD0024,1,935.75,935.75
HITM0007459,HORD002367,PRD0478,1,917.54,917.54
HITM0007460,HORD002367,PRD0970,1,107.81,107.81
HITM0007461,HORD002368,PRD0309,1,621.05,621.05
HITM0007462,HORD002368,PRD0836,2,610.89,1221.78
HITM0007463,HORD002369,PRD0093,1,401.55,401.55
HITM0007464,HORD002369,PRD0663,1,1329.29,1329.29
HITM0007465,HORD002369,PRD0436,1,112.2,112.2
HITM0007466,HORD002370,PRD0336,1,110.53,110.53
HITM0007467,HORD002370,PRD0779,1,234.12,234.12
HITM0007468,HORD002370,PRD0420,1,277.28,277.28
HITM0007469,HORD002371,PRD0821,1,979.52,979.52
HITM0007470,HORD002371,PRD0880,1,132.59,132.59
HITM0007471,HORD002371,PRD0189,1,634.68,634.68
HITM0007472,HORD002371,PRD0190,1,34.34,34.34
HITM0007473,HORD002372,PRD0682,1,1273.55,1273.55
HITM0007474,HORD002372,PRD0770,1,410.85,410.85
HITM0007475,HORD002372,PRD0024,1,935.75,935.75
HITM0007476,HORD002372,PRD0262,1,893.46,893.46
HITM0007477,HORD002372,PRD0477,2,654.36,1308.72
HITM0007478,HORD002373,PRD0502,1,553.17,553.17
HITM0007479,HORD002373,PRD0314,1,4090.98,4090.98
HITM0007480,HORD002373,PRD0575,1,996.56,996.56
HITM0007481,HORD002374,PRD0855,1,204.55,204.55
HITM0007482,HORD002374,PRD0290,1,53.02,53.02
HITM0007483,HORD002374,PRD0748,1,789.67,789.67
HITM0007484,HORD002375,PRD0310,1,161.31,161.31
HITM0007485,HORD002375,PRD0155,2,673.32,1346.64
HITM0007486,HORD002375,PRD0352,1,393.98,393.98
HITM0007487,HORD002376,PRD0072,2,982.29,1964.58
HITM0007488,HORD002376,PRD0285,1,437.61,437.61
HITM0007489,HORD002376,PRD0214,1,1445.79,1445.79
HITM0007490,HORD002377,PRD0394,2,1316.11,2632.22
HITM0007491,HORD002377,PRD0360,1,326.09,326.09
HITM0007492,HORD002377,PRD0571,1,2499.58,2499.58
HITM0007493,HORD002377,PRD0984,2,2245.63,4491.26
HITM0007494,HORD002377,PRD0629,1,402.79,402.79
HITM0007495,HORD002378,PRD0475,2,357.18,714.36
HITM0007496,HORD002378,PRD0049,1,598.46,598.46
HITM0007497,HORD002378,PRD0548,1,448.84,448.84
HITM0007498,HORD002379,PRD0538,1,748.35,748.35
HITM0007499,HORD002379,PRD0844,1,3853.97,3853.97
HITM0007500,HORD002379,PRD0177,1,535.99,535.99
HITM0007501,HORD002380,PRD0937,1,435.56,435.56
HITM0007502,HORD002380,PRD0220,2,187.94,375.88
HITM0007503,HORD002380,PRD0970,1,107.81,107.81
HITM0007504,HORD002380,PRD0908,2,136.87,273.74
HITM0007505,HORD002380,PRD0919,1,192.13,192.13
HITM0007506,HORD002381,PRD0808,1,69.84,69.84
HITM0007507,HORD002381,PRD0003,1,342.16,342.16
HITM0007508,HORD002382,PRD0806,1,499.24,499.24
HITM0007509,HORD002382,PRD0109,1,353.29,353.29
HITM0007510,HORD002383,PRD0630,1,270.86,270.86
HITM0007511,HORD002383,PRD0152,1,1406.47,1406.47
HITM0007512,HORD002383,PRD0783,2,1427.48,2854.96
HITM0007513,HORD002383,PRD0713,1,1129.25,1129.25
HITM0007514,HORD002383,PRD0027,1,116.57,116.57
HITM0007515,HORD002384,PRD0536,1,53.59,53.59
HITM0007516,HORD002384,PRD0931,1,1394.59,1394.59
HITM0007517,HORD002384,PRD0764,2,472.57,945.14
HITM0007518,HORD002385,PRD0272,1,839.78,839.78
HITM0007519,HORD002385,PRD0764,1,472.57,472.57
HITM0007520,HORD002385,PRD0178,2,176.94,353.88
HITM0007521,HORD002385,PRD0288,2,151.78,303.56
HITM0007522,HORD002386,PRD0970,1,107.81,107.81
HITM0007523,HORD002386,PRD0483,1,863.5,863.5
HITM0007524,HORD002386,PRD0212,1,1587.64,1587.64
HITM0007525,HORD002387,PRD0785,1,739.95,739.95
HITM0007526,HORD002387,PRD0910,1,28.09,28.09
HITM0007527,HORD002387,PRD0216,1,241.98,241.98
HITM0007528,HORD002387,PRD0052,1,1497.13,1497.13
HITM0007529,HORD002388,PRD0317,2,2197.9,4395.8
HITM0007530,HORD002388,PRD0683,1,571.77,571.77
HITM0007531,HORD002389,PRD0716,1,120.76,120.76
HITM0007532,HORD002389,PRD0686,1,208.32,208.32
HITM0007533,HORD002389,PRD0373,3,1452.1,4356.3
HITM0007534,HORD002389,PRD0965,1,1000.42,1000.42
HITM0007535,HORD002389,PRD0502,2,553.17,1106.34
HITM0007536,HORD002390,PRD0270,1,218.48,218.48
HITM0007537,HORD002390,PRD0014,1,2897.37,2897.37
HITM0007538,HORD002390,PRD0219,1,888.21,888.21
HITM0007539,HORD002391,PRD0959,1,182.03,182.03
HITM0007540,HORD002391,PRD0545,1,1132.56,1132.56
HITM0007541,HORD002391,PRD0997,2,1651.08,3302.16
HITM0007542,HORD002391,PRD0238,1,1033.13,1033.13
HITM0007543,HORD002391,PRD0908,1,136.87,136.87
HITM0007544,HORD002392,PRD0096,1,291.41,291.41
HITM0007545,HORD002392,PRD0293,1,644.4,644.4
HITM0007546,HORD002392,PRD0397,2,1704.15,3408.3
HITM0007547,HORD002392,PRD0599,1,1129.79,1129.79
HITM0007548,HORD002392,PRD0929,1,131.55,131.55
HITM0007549,HORD002393,PRD0736,1,171.3,171.3
HITM0007550,HORD002393,PRD0559,1,109.7,109.7
HITM0007551,HORD002393,PRD0409,1,165.4,165.4
HITM0007552,HORD002394,PRD0047,1,663.9,663.9
HITM0007553,HORD002394,PRD0023,2,268.14,536.28
HITM0007554,HORD002395,PRD0426,1,726.65,726.65
HITM0007555,HORD002395,PRD0396,1,485.87,485.87
HITM0007556,HORD002395,PRD0507,1,135.21,135.21
HITM0007557,HORD002396,PRD0622,1,1298.2,1298.2
HITM0007558,HORD002396,PRD0052,2,1497.13,2994.26
HITM0007559,HORD002396,PRD0911,2,1191.91,2383.82
HITM0007560,HORD002396,PRD0773,1,310.58,310.58
HITM0007561,HORD002397,PRD0236,2,313.33,626.66
HITM0007562,HORD002398,PRD0475,1,357.18,357.18
HITM0007563,HORD002398,PRD0870,3,360.59,1081.77
HITM0007564,HORD002398,PRD0173,1,270.07,270.07
HITM0007565,HORD002398,PRD0640,1,23.59,23.59
HITM0007566,HORD002398,PRD0019,1,353.47,353.47
HITM0007567,HORD002399,PRD0225,1,1003.93,1003.93
HITM0007568,HORD002399,PRD0312,1,1834.14,1834.14
HITM0007569,HORD002400,PRD0280,2,84.08,168.16
HITM0007570,HORD002400,PRD0941,1,2159.7,2159.7
HITM0007571,HORD002400,PRD0812,1,1404.46,1404.46
HITM0007572,HORD002401,PRD0178,1,176.94,176.94
HITM0007573,HORD002401,PRD0116,1,328.2,328.2
HITM0007574,HORD002402,PRD0028,1,160.23,160.23
HITM0007575,HORD002402,PRD0504,1,2203.43,2203.43
HITM0007576,HORD002403,PRD0486,2,180.26,360.52
HITM0007577,HORD002403,PRD0606,1,49.01,49.01
HITM0007578,HORD002403,PRD0488,1,780.13,780.13
HITM0007579,HORD002404,PRD0861,1,3121.0,3121.0
HITM0007580,HORD002404,PRD0463,2,564.14,1128.28
HITM0007581,HORD002404,PRD0406,1,184.6,184.6
HITM0007582,HORD002404,PRD0624,1,2196.66,2196.66
HITM0007583,HORD002405,PRD0230,1,34.01,34.01
HITM0007584,HORD002405,PRD0159,2,897.22,1794.44
HITM0007585,HORD002405,PRD0152,1,1406.47,1406.47
HITM0007586,HORD002405,PRD0841,1,1110.67,1110.67
HITM0007587,HORD002406,PRD0098,1,1046.87,1046.87
HITM0007588,HORD002406,PRD0586,2,751.47,1502.94
HITM0007589,HORD002407,PRD0968,2,861.46,1722.92
HITM0007590,HORD002407,PRD0170,1,275.39,275.39
HITM0007591,HORD002407,PRD0815,1,962.19,962.19
HITM0007592,HORD002407,PRD0691,1,2519.24,2519.24
HITM0007593,HORD002408,PRD0695,1,908.69,908.69
HITM0007594,HORD002408,PRD0186,3,778.69,2336.07
HITM0007595,HORD002408,PRD0918,1,911.04,911.04
HITM0007596,HORD002408,PRD0803,2,671.68,1343.36
HITM0007597,HORD002409,PRD0400,3,411.31,1233.93
HITM0007598,HORD002409,PRD0974,2,1232.06,2464.12
HITM0007599,HORD002409,PRD0025,1,404.64,404.64
HITM0007600,HORD002410,PRD0067,1,2053.61,2053.61
HITM0007601,HORD002410,PRD0555,1,955.38,955.38
HITM0007602,HORD002410,PRD0339,1,1448.64,1448.64
HITM0007603,HORD002411,PRD0763,1,950.45,950.45
HITM0007604,HORD002412,PRD0337,1,408.39,408.39
HITM0007605,HORD002412,PRD0927,1,138.39,138.39
HITM0007606,HORD002412,PRD0845,1,45.19,45.19
HITM0007607,HORD002413,PRD0174,1,733.71,733.71
HITM0007608,HORD002413,PRD0688,2,611.89,1223.78
HITM0007609,HORD002413,PRD0051,1,1390.84,1390.84
HITM0007610,HORD002413,PRD0647,1,754.04,754.04
HITM0007611,HORD002414,PRD0709,1,1109.44,1109.44
HITM0007612,HORD002414,PRD0525,1,135.44,135.44
HITM0007613,HORD002414,PRD0620,2,339.14,678.28
HITM0007614,HORD002414,PRD0701,1,2281.85,2281.85
HITM0007615,HORD002415,PRD0896,1,507.02,507.02
HITM0007616,HORD002415,PRD0444,2,3715.62,7431.24
HITM0007617,HORD002416,PRD0926,2,455.41,910.82
HITM0007618,HORD002416,PRD0248,2,207.33,414.66
HITM0007619,HORD002417,PRD0703,1,716.42,716.42
HITM0007620,HORD002417,PRD0502,1,553.17,553.17
HITM0007621,HORD002417,PRD0485,3,939.87,2819.61
HITM0007622,HORD002417,PRD0804,1,3159.06,3159.06
HITM0007623,HORD002417,PRD0135,1,715.95,715.95
HITM0007624,HORD002418,PRD0578,2,383.34,766.68
HITM0007625,HORD002418,PRD0043,1,1005.0,1005.0
HITM0007626,HORD002418,PRD0575,1,996.56,996.56
HITM0007627,HORD002418,PRD0309,2,621.05,1242.1
HITM0007628,HORD002419,PRD0074,1,3394.49,3394.49
HITM0007629,HORD002420,PRD0477,1,654.36,654.36
HITM0007630,HORD002420,PRD0352,1,393.98,393.98
HITM0007631,HORD002421,PRD0684,3,3458.02,10374.06
HITM0007632,HORD002421,PRD0552,1,470.47,470.47
HITM0007633,HORD002421,PRD0399,1,1231.55,1231.55
HITM0007634,HORD002422,PRD0677,1,1000.46,1000.46
HITM0007635,HORD002422,PRD0838,1,955.16,955.16
HITM0007636,HORD002422,PRD0143,1,490.94,490.94
HITM0007637,HORD002422,PRD0320,1,227.72,227.72
HITM0007638,HORD002423,PRD0619,1,238.4,238.4
HITM0007639,HORD002423,PRD0946,1,810.85,810.85
HITM0007640,HORD002423,PRD0710,2,161.67,323.34
HITM0007641,HORD002423,PRD0177,1,535.99,535.99
HITM0007642,HORD002424,PRD0893,1,1495.82,1495.82
HITM0007643,HORD002424,PRD0783,1,1427.48,1427.48
HITM0007644,HORD002424,PRD0215,1,616.18,616.18
HITM0007645,HORD002425,PRD0434,3,1669.95,5009.85
HITM0007646,HORD002425,PRD0807,1,123.14,123.14
HITM0007647,HORD002425,PRD0656,1,300.51,300.51
HITM0007648,HORD002425,PRD0242,2,1531.86,3063.72
HITM0007649,HORD002426,PRD0703,1,716.42,716.42
HITM0007650,HORD002426,PRD0913,2,878.51,1757.02
HITM0007651,HORD002427,PRD0405,1,1063.36,1063.36
HITM0007652,HORD002427,PRD0937,1,435.56,435.56
HITM0007653,HORD002427,PRD0568,1,299.47,299.47
HITM0007654,HORD002427,PRD0608,1,313.58,313.58
HITM0007655,HORD002427,PRD0049,2,598.46,1196.92
HITM0007656,HORD002428,PRD0846,3,417.95,1253.85
HITM0007657,HORD002429,PRD0128,2,394.68,789.36
HITM0007658,HORD002429,PRD0933,1,1243.12,1243.12
HITM0007659,HORD002429,PRD0816,1,377.97,377.97
HITM0007660,HORD002429,PRD0328,1,650.32,650.32
HITM0007661,HORD002430,PRD0910,1,28.09,28.09
HITM0007662,HORD002430,PRD0845,2,45.19,90.38
HITM0007663,HORD002430,PRD0277,1,1516.37,1516.37
HITM0007664,HORD002430,PRD0625,1,122.46,122.46
HITM0007665,HORD002431,PRD0569,1,1425.79,1425.79
HITM0007666,HORD002431,PRD0097,3,458.08,1374.24
HITM0007667,HORD002431,PRD0006,1,35.37,35.37
HITM0007668,HORD002432,PRD0977,1,327.77,327.77
HITM0007669,HORD002432,PRD0177,2,535.99,1071.98
HITM0007670,HORD002433,PRD0099,1,892.92,892.92
HITM0007671,HORD002433,PRD0180,1,356.72,356.72
HITM0007672,HORD002433,PRD0137,1,125.48,125.48
HITM0007673,HORD002434,PRD0496,1,519.08,519.08
HITM0007674,HORD002434,PRD0026,1,122.12,122.12
HITM0007675,HORD002434,PRD0648,1,389.72,389.72
HITM0007676,HORD002434,PRD0131,1,2191.15,2191.15
HITM0007677,HORD002435,PRD0121,1,3030.38,3030.38
HITM0007678,HORD002435,PRD0262,1,893.46,893.46
HITM0007679,HORD002435,PRD0510,1,112.56,112.56
HITM0007680,HORD002435,PRD0952,1,1636.67,1636.67
HITM0007681,HORD002436,PRD0069,1,398.01,398.01
HITM0007682,HORD002436,PRD0040,1,201.64,201.64
HITM0007683,HORD002436,PRD0689,2,277.28,554.56
HITM0007684,HORD002437,PRD0969,1,99.89,99.89
HITM0007685,HORD002437,PRD0019,1,353.47,353.47
HITM0007686,HORD002437,PRD0427,1,2246.52,2246.52
HITM0007687,HORD002438,PRD0340,1,42.57,42.57
HITM0007688,HORD002438,PRD0011,1,2618.24,2618.24
HITM0007689,HORD002438,PRD0929,1,131.55,131.55
HITM0007690,HORD002438,PRD0100,1,328.27,328.27
HITM0007691,HORD002439,PRD0178,1,176.94,176.94
HITM0007692,HORD002439,PRD0872,1,588.52,588.52
HITM0007693,HORD002439,PRD0098,2,1046.87,2093.74
HITM0007694,HORD002440,PRD0010,1,39.45,39.45
HITM0007695,HORD002440,PRD0206,1,190.8,190.8
HITM0007696,HORD002440,PRD0790,1,55.39,55.39
HITM0007697,HORD002441,PRD0520,2,188.8,377.6
HITM0007698,HORD002441,PRD0296,1,122.37,122.37
HITM0007699,HORD002441,PRD0114,1,2620.24,2620.24
HITM0007700,HORD002441,PRD0753,1,372.43,372.43
HITM0007701,HORD002442,PRD0545,2,1132.56,2265.12
HITM0007702,HORD002442,PRD0808,1,69.84,69.84
HITM0007703,HORD002442,PRD0670,1,137.8,137.8
HITM0007704,HORD002442,PRD0238,1,1033.13,1033.13
HITM0007705,HORD002443,PRD0492,1,541.59,541.59
HITM0007706,HORD002443,PRD0826,1,89.12,89.12
HITM0007707,HORD002443,PRD0729,1,1304.27,1304.27
HITM0007708,HORD002444,PRD0785,1,739.95,739.95
HITM0007709,HORD002445,PRD0838,2,955.16,1910.32
HITM0007710,HORD002445,PRD0815,1,962.19,962.19
HITM0007711,HORD002445,PRD0821,1,979.52,979.52
HITM0007712,HORD002445,PRD0297,1,902.79,902.79
HITM0007713,HORD002445,PRD0840,1,102.1,102.1
HITM0007714,HORD002446,PRD0593,2,416.84,833.68
HITM0007715,HORD002446,PRD0299,1,150.48,150.48
HITM0007716,HORD002446,PRD0105,2,385.04,770.08
HITM0007717,HORD002446,PRD0767,1,380.35,380.35
HITM0007718,HORD002446,PRD0769,1,798.58,798.58
HITM0007719,HORD002447,PRD0125,2,108.47,216.94
HITM0007720,HORD002447,PRD0393,1,793.28,793.28
HITM0007721,HORD002448,PRD0860,2,397.97,795.94
HITM0007722,HORD002448,PRD0870,1,360.59,360.59
HITM0007723,HORD002449,PRD0466,1,460.08,460.08
HITM0007724,HORD002449,PRD0090,1,136.64,136.64
HITM0007725,HORD002449,PRD0830,1,146.02,146.02
HITM0007726,HORD002449,PRD0534,1,458.42,458.42
HITM0007727,HORD002449,PRD0699,1,1102.07,1102.07
HITM0007728,HORD002450,PRD0293,2,644.4,1288.8
HITM0007729,HORD002450,PRD0420,1,277.28,277.28
HITM0007730,HORD002450,PRD0048,2,490.15,980.3
HITM0007731,HORD002451,PRD0018,2,921.55,1843.1
HITM0007732,HORD002451,PRD0360,1,326.09,326.09
HITM0007733,HORD002451,PRD0203,2,489.43,978.86
HITM0007734,HORD002451,PRD0732,1,1068.78,1068.78
HITM0007735,HORD002452,PRD0652,3,1711.11,5133.33
HITM0007736,HORD002452,PRD0292,1,643.6,643.6
HITM0007737,HORD002452,PRD0687,1,1174.99,1174.99
HITM0007738,HORD002453,PRD0878,1,689.64,689.64
HITM0007739,HORD002453,PRD0225,1,1003.93,1003.93
HITM0007740,HORD002453,PRD0725,1,282.7,282.7
HITM0007741,HORD002454,PRD0795,1,574.53,574.53
HITM0007742,HORD002454,PRD0044,1,649.62,649.62
HITM0007743,HORD002455,PRD0213,3,1247.62,3742.86
HITM0007744,HORD002456,PRD0575,1,996.56,996.56
HITM0007745,HORD002456,PRD0701,1,2281.85,2281.85
HITM0007746,HORD002457,PRD0649,1,985.02,985.02
HITM0007747,HORD002457,PRD0080,1,122.76,122.76
HITM0007748,HORD002457,PRD0294,2,1563.92,3127.84
HITM0007749,HORD002458,PRD0280,1,84.08,84.08
HITM0007750,HORD002458,PRD0017,1,1435.41,1435.41
HITM0007751,HORD002458,PRD0073,1,1497.77,1497.77
HITM0007752,HORD002458,PRD0569,2,1425.79,2851.58
HITM0007753,HORD002458,PRD0696,1,119.65,119.65
HITM0007754,HORD002459,PRD0665,1,191.97,191.97
HITM0007755,HORD002459,PRD0069,2,398.01,796.02
HITM0007756,HORD002459,PRD0819,1,269.55,269.55
HITM0007757,HORD002459,PRD0965,1,1000.42,1000.42
HITM0007758,HORD002460,PRD0677,1,1000.46,1000.46
HITM0007759,HORD002460,PRD0143,2,490.94,981.88
HITM0007760,HORD002460,PRD0330,1,51.67,51.67
HITM0007761,HORD002461,PRD0096,1,291.41,291.41
HITM0007762,HORD002461,PRD0935,1,617.88,617.88
HITM0007763,HORD002461,PRD0788,3,1009.9,3029.7
HITM0007764,HORD002461,PRD0837,1,470.72,470.72
HITM0007765,HORD002462,PRD0022,1,778.88,778.88
HITM0007766,HORD002462,PRD0505,1,1028.22,1028.22
HITM0007767,HORD002462,PRD0253,1,1322.89,1322.89
HITM0007768,HORD002462,PRD0625,1,122.46,122.46
HITM0007769,HORD002463,PRD0190,1,34.34,34.34
HITM0007770,HORD002463,PRD0625,1,122.46,122.46
HITM0007771,HORD002464,PRD0693,2,1390.63,2781.26
HITM0007772,HORD002464,PRD0716,1,120.76,120.76
HITM0007773,HORD002464,PRD0336,1,110.53,110.53
HITM0007774,HORD002464,PRD0730,2,388.14,776.28
HITM0007775,HORD002464,PRD0823,1,739.71,739.71
HITM0007776,HORD002465,PRD0480,1,168.51,168.51
HITM0007777,HORD002465,PRD0837,1,470.72,470.72
HITM0007778,HORD002465,PRD0362,1,1598.01,1598.01
HITM0007779,HORD002465,PRD0733,1,1110.2,1110.2
HITM0007780,HORD002466,PRD0113,2,756.1,1512.2
HITM0007781,HORD002466,PRD0727,2,2045.32,4090.64
HITM0007782,HORD002466,PRD0505,1,1028.22,1028.22
HITM0007783,HORD002467,PRD0280,1,84.08,84.08
HITM0007784,HORD002467,PRD0502,1,553.17,553.17
HITM0007785,HORD002467,PRD0902,2,565.32,1130.64
HITM0007786,HORD002468,PRD0174,1,733.71,733.71
HITM0007787,HORD002469,PRD0350,2,133.96,267.92
HITM0007788,HORD002469,PRD0618,1,208.79,208.79
HITM0007789,HORD002470,PRD0351,1,2529.0,2529.0
HITM0007790,HORD002471,PRD0989,1,535.6,535.6
HITM0007791,HORD002471,PRD0703,1,716.42,716.42
HITM0007792,HORD002471,PRD0875,1,73.21,73.21
HITM0007793,HORD002471,PRD0315,1,58.99,58.99
HITM0007794,HORD002472,PRD0396,1,485.87,485.87
HITM0007795,HORD002472,PRD0810,1,393.15,393.15
HITM0007796,HORD002472,PRD0362,1,1598.01,1598.01
HITM0007797,HORD002473,PRD0673,2,548.1,1096.2
HITM0007798,HORD002473,PRD0372,1,330.93,330.93
HITM0007799,HORD002473,PRD0155,1,673.32,673.32
HITM0007800,HORD002474,PRD0169,2,445.45,890.9
HITM0007801,HORD002474,PRD0736,1,171.3,171.3
HITM0007802,HORD002474,PRD0490,1,63.94,63.94
HITM0007803,HORD002475,PRD0406,1,184.6,184.6
HITM0007804,HORD002475,PRD0499,1,779.63,779.63
HITM0007805,HORD002475,PRD0280,1,84.08,84.08
HITM0007806,HORD002476,PRD0230,1,34.01,34.01
HITM0007807,HORD002476,PRD0030,1,239.93,239.93
HITM0007808,HORD002476,PRD0390,1,153.47,153.47
HITM0007809,HORD002477,PRD0181,1,1201.83,1201.83
HITM0007810,HORD002477,PRD0465,2,778.89,1557.78
HITM0007811,HORD002477,PRD0145,1,624.72,624.72
HITM0007812,HORD002478,PRD0850,2,37.87,75.74
HITM0007813,HORD002478,PRD0563,1,651.72,651.72
HITM0007814,HORD002479,PRD0077,1,604.37,604.37
HITM0007815,HORD002479,PRD0913,1,878.51,878.51
HITM0007816,HORD002479,PRD0618,1,208.79,208.79
HITM0007817,HORD002480,PRD0536,1,53.59,53.59
HITM0007818,HORD002480,PRD0519,1,268.64,268.64
HITM0007819,HORD002480,PRD0916,1,784.31,784.31
HITM0007820,HORD002481,PRD0294,1,1563.92,1563.92
HITM0007821,HORD002481,PRD0882,2,989.33,1978.66
HITM0007822,HORD002482,PRD0374,1,759.14,759.14
HITM0007823,HORD002482,PRD0474,2,480.29,960.58
HITM0007824,HORD002482,PRD0457,1,1285.45,1285.45
HITM0007825,HORD002483,PRD0646,1,609.53,609.53
HITM0007826,HORD002483,PRD0640,1,23.59,23.59
HITM0007827,HORD002484,PRD0496,2,519.08,1038.16
HITM0007828,HORD002484,PRD0088,2,141.39,282.78
HITM0007829,HORD002484,PRD0397,1,1704.15,1704.15
HITM0007830,HORD002484,PRD0840,1,102.1,102.1
HITM0007831,HORD002484,PRD0531,1,2992.62,2992.62
HITM0007832,HORD002485,PRD0606,1,49.01,49.01
HITM0007833,HORD002485,PRD0537,1,717.48,717.48
HITM0007834,HORD002485,PRD0831,2,1878.68,3757.36
HITM0007835,HORD002486,PRD0500,1,162.81,162.81
HITM0007836,HORD002486,PRD0391,2,1836.29,3672.58
HITM0007837,HORD002486,PRD0679,1,1399.86,1399.86
HITM0007838,HORD002487,PRD0884,1,2408.23,2408.23
HITM0007839,HORD002487,PRD0928,1,834.91,834.91
HITM0007840,HORD002487,PRD0045,1,306.29,306.29
HITM0007841,HORD002488,PRD0858,1,363.41,363.41
HITM0007842,HORD002488,PRD0562,1,1881.67,1881.67
HITM0007843,HORD002488,PRD0761,1,2430.17,2430.17
HITM0007844,HORD002488,PRD0500,1,162.81,162.81
HITM0007845,HORD002488,PRD0198,1,737.1,737.1
HITM0007846,HORD002489,PRD0568,1,299.47,299.47
HITM0007847,HORD002489,PRD0113,1,756.1,756.1
HITM0007848,HORD002489,PRD0799,1,114.07,114.07
HITM0007849,HORD002489,PRD0465,1,778.89,778.89
HITM0007850,HORD002490,PRD0177,1,535.99,535.99
HITM0007851,HORD002491,PRD0692,2,1665.58,3331.16
HITM0007852,HORD002491,PRD0092,1,651.72,651.72
HITM0007853,HORD002491,PRD0010,1,39.45,39.45
HITM0007854,HORD002492,PRD0640,1,23.59,23.59
HITM0007855,HORD002492,PRD0720,1,416.7,416.7
HITM0007856,HORD002492,PRD0043,1,1005.0,1005.0
HITM0007857,HORD002492,PRD0948,1,454.84,454.84
HITM0007858,HORD002492,PRD0786,1,326.86,326.86
HITM0007859,HORD002493,PRD0870,1,360.59,360.59
HITM0007860,HORD002493,PRD0028,1,160.23,160.23
HITM0007861,HORD002493,PRD0061,1,2127.06,2127.06
HITM0007862,HORD002493,PRD0473,1,370.27,370.27
HITM0007863,HORD002494,PRD0728,1,122.0,122.0
HITM0007864,HORD002494,PRD0037,1,873.28,873.28
HITM0007865,HORD002494,PRD0956,1,726.92,726.92
HITM0007866,HORD002494,PRD0191,1,1064.69,1064.69
HITM0007867,HORD002495,PRD0110,1,197.81,197.81
HITM0007868,HORD002495,PRD0651,1,1981.28,1981.28
HITM0007869,HORD002495,PRD0918,1,911.04,911.04
HITM0007870,HORD002496,PRD0227,3,922.85,2768.55
HITM0007871,HORD002496,PRD0696,1,119.65,119.65
HITM0007872,HORD002496,PRD0398,1,341.64,341.64
HITM0007873,HORD002496,PRD0906,1,553.58,553.58
HITM0007874,HORD002497,PRD0006,2,35.37,70.74
HITM0007875,HORD002497,PRD0739,1,784.83,784.83
HITM0007876,HORD002497,PRD0768,1,73.54,73.54
HITM0007877,HORD002498,PRD0309,1,621.05,621.05
HITM0007878,HORD002498,PRD0250,2,329.47,658.94
HITM0007879,HORD002499,PRD0795,1,574.53,574.53
HITM0007880,HORD002499,PRD0637,1,2457.32,2457.32
HITM0007881,HORD002499,PRD0845,1,45.19,45.19
HITM0007882,HORD002500,PRD0078,2,451.23,902.46
HITM0007883,HORD002500,PRD0611,1,1417.98,1417.98
HITM0007884,HORD002500,PRD0475,3,357.18,1071.54
HITM0007885,HORD002500,PRD0879,1,1459.82,1459.82
HITM0007886,HORD002501,PRD0128,1,394.68,394.68
HITM0007887,HORD002501,PRD0256,1,432.88,432.88
HITM0007888,HORD002502,PRD0240,1,116.74,116.74
HITM0007889,HORD002502,PRD0273,1,409.71,409.71
HITM0007890,HORD002502,PRD0158,1,224.45,224.45
HITM0007891,HORD002503,PRD0655,2,424.11,848.22
HITM0007892,HORD002503,PRD0983,1,863.49,863.49
HITM0007893,HORD002504,PRD0384,1,1325.18,1325.18
HITM0007894,HORD002504,PRD0873,1,1172.09,1172.09
HITM0007895,HORD002504,PRD0159,1,897.22,897.22
HITM0007896,HORD002504,PRD0670,1,137.8,137.8
HITM0007897,HORD002505,PRD0973,2,573.55,1147.1
HITM0007898,HORD002505,PRD0740,1,150.48,150.48
HITM0007899,HORD002505,PRD0637,2,2457.32,4914.64
HITM0007900,HORD002506,PRD0246,2,758.55,1517.1
HITM0007901,HORD002506,PRD0456,3,117.59,352.77
HITM0007902,HORD002507,PRD0741,3,1637.14,4911.42
HITM0007903,HORD002507,PRD0930,1,298.86,298.86
HITM0007904,HORD002507,PRD0959,1,182.03,182.03
HITM0007905,HORD002507,PRD0260,1,86.88,86.88
HITM0007906,HORD002508,PRD0187,2,1511.07,3022.14
HITM0007907,HORD002508,PRD0204,1,1670.01,1670.01
HITM0007908,HORD002508,PRD0032,3,742.08,2226.24
HITM0007909,HORD002508,PRD0836,1,610.89,610.89
HITM0007910,HORD002509,PRD0287,2,2154.08,4308.16
HITM0007911,HORD002509,PRD0587,1,1244.16,1244.16
HITM0007912,HORD002510,PRD0228,1,946.39,946.39
HITM0007913,HORD002510,PRD0903,2,332.35,664.7
HITM0007914,HORD002511,PRD0769,1,798.58,798.58
HITM0007915,HORD002511,PRD0015,1,624.09,624.09
HITM0007916,HORD002511,PRD0569,1,1425.79,1425.79
HITM0007917,HORD002512,PRD0934,1,524.96,524.96
HITM0007918,HORD002512,PRD0796,1,46.19,46.19
HITM0007919,HORD002512,PRD0276,1,530.49,530.49
HITM0007920,HORD002512,PRD0336,2,110.53,221.06
HITM0007921,HORD002513,PRD0450,1,56.05,56.05
HITM0007922,HORD002513,PRD0493,2,1431.18,2862.36
HITM0007923,HORD002513,PRD0466,1,460.08,460.08
HITM0007924,HORD002513,PRD0469,1,274.61,274.61
HITM0007925,HORD002514,PRD0970,1,107.81,107.81
HITM0007926,HORD002514,PRD0776,1,294.42,294.42
HITM0007927,HORD002515,PRD0905,1,470.11,470.11
HITM0007928,HORD002515,PRD0296,1,122.37,122.37
HITM0007929,HORD002515,PRD0268,1,226.89,226.89
HITM0007930,HORD002516,PRD0044,1,649.62,649.62
HITM0007931,HORD002516,PRD0050,1,289.02,289.02
HITM0007932,HORD002516,PRD0506,1,187.88,187.88
HITM0007933,HORD002517,PRD0678,1,904.89,904.89
HITM0007934,HORD002517,PRD0910,1,28.09,28.09
HITM0007935,HORD002518,PRD0559,1,109.7,109.7
HITM0007936,HORD002518,PRD0379,1,888.83,888.83
HITM0007937,HORD002518,PRD0370,1,233.44,233.44
HITM0007938,HORD002518,PRD0845,1,45.19,45.19
HITM0007939,HORD002519,PRD0858,2,363.41,726.82
HITM0007940,HORD002519,PRD0409,1,165.4,165.4
HITM0007941,HORD002520,PRD0160,2,21.4,42.8
HITM0007942,HORD002520,PRD0845,1,45.19,45.19
HITM0007943,HORD002520,PRD0316,1,401.13,401.13
HITM0007944,HORD002520,PRD0433,1,1481.25,1481.25
HITM0007945,HORD002521,PRD0362,1,1598.01,1598.01
HITM0007946,HORD002521,PRD0252,1,879.59,879.59
HITM0007947,HORD002522,PRD0226,1,286.78,286.78
HITM0007948,HORD002523,PRD0229,3,1192.23,3576.69
HITM0007949,HORD002523,PRD0766,1,420.5,420.5
HITM0007950,HORD002523,PRD0346,1,519.06,519.06
HITM0007951,HORD002523,PRD0955,3,502.79,1508.37
HITM0007952,HORD002524,PRD0038,2,702.97,1405.94
HITM0007953,HORD002524,PRD0321,1,1488.38,1488.38
HITM0007954,HORD002524,PRD0010,2,39.45,78.9
HITM0007955,HORD002524,PRD0715,1,809.62,809.62
HITM0007956,HORD002525,PRD0910,2,28.09,56.18
HITM0007957,HORD002525,PRD0055,1,371.08,371.08
HITM0007958,HORD002525,PRD0456,1,117.59,117.59
HITM0007959,HORD002525,PRD0459,1,461.78,461.78
HITM0007960,HORD002526,PRD0110,1,197.81,197.81
HITM0007961,HORD002526,PRD0619,2,238.4,476.8
HITM0007962,HORD002526,PRD0183,1,667.61,667.61
HITM0007963,HORD002526,PRD0123,1,1257.07,1257.07
HITM0007964,HORD002526,PRD0509,2,400.59,801.18
HITM0007965,HORD002527,PRD0052,1,1497.13,1497.13
HITM0007966,HORD002527,PRD0210,1,371.54,371.54
HITM0007967,HORD002527,PRD0098,1,1046.87,1046.87
HITM0007968,HORD002528,PRD0760,1,187.91,187.91
HITM0007969,HORD002528,PRD0409,1,165.4,165.4
HITM0007970,HORD002528,PRD0962,1,1137.0,1137.0
HITM0007971,HORD002529,PRD0600,1,222.54,222.54
HITM0007972,HORD002529,PRD0737,1,2577.23,2577.23
HITM0007973,HORD002529,PRD0210,1,371.54,371.54
HITM0007974,HORD002529,PRD0631,1,2987.02,2987.02
HITM0007975,HORD002530,PRD0772,1,661.34,661.34
HITM0007976,HORD002530,PRD0902,2,565.32,1130.64
HITM0007977,HORD002530,PRD0526,1,44.24,44.24
HITM0007978,HORD002530,PRD0149,3,1414.32,4242.96
HITM0007979,HORD002530,PRD0858,1,363.41,363.41
HITM0007980,HORD002531,PRD0564,1,3766.49,3766.49
HITM0007981,HORD002531,PRD0043,1,1005.0,1005.0
HITM0007982,HORD002532,PRD0105,2,385.04,770.08
HITM0007983,HORD002532,PRD0229,1,1192.23,1192.23
HITM0007984,HORD002533,PRD0266,1,186.6,186.6
HITM0007985,HORD002533,PRD0245,1,595.29,595.29
HITM0007986,HORD002533,PRD0125,1,108.47,108.47
HITM0007987,HORD002533,PRD0840,2,102.1,204.2
HITM0007988,HORD002533,PRD0992,1,1098.67,1098.67
HITM0007989,HORD002534,PRD0741,1,1637.14,1637.14
HITM0007990,HORD002534,PRD0409,1,165.4,165.4
HITM0007991,HORD002534,PRD0100,2,328.27,656.54
HITM0007992,HORD002535,PRD0282,1,1092.79,1092.79
HITM0007993,HORD002535,PRD0402,1,782.5,782.5
HITM0007994,HORD002536,PRD0086,1,92.8,92.8
HITM0007995,HORD002536,PRD0007,1,1146.82,1146.82
HITM0007996,HORD002536,PRD0476,1,658.84,658.84
HITM0007997,HORD002537,PRD0230,1,34.01,34.01
HITM0007998,HORD002538,PRD0690,1,296.31,296.31
HITM0007999,HORD002538,PRD0228,2,946.39,1892.78
HITM0008000,HORD002538,PRD0035,1,1129.26,1129.26
HITM0008001,HORD002538,PRD0567,1,1572.22,1572.22
HITM0008002,HORD002539,PRD0618,1,208.79,208.79
HITM0008003,HORD002539,PRD0934,1,524.96,524.96
HITM0008004,HORD002539,PRD0522,1,1270.84,1270.84
HITM0008005,HORD002540,PRD0612,1,1437.47,1437.47
HITM0008006,HORD002540,PRD0977,1,327.77,327.77
HITM0008007,HORD002540,PRD0088,1,141.39,141.39
HITM0008008,HORD002540,PRD0608,2,313.58,627.16
HITM0008009,HORD002540,PRD0295,1,607.48,607.48
HITM0008010,HORD002541,PRD0872,1,588.52,588.52
HITM0008011,HORD002541,PRD0290,1,53.02,53.02
HITM0008012,HORD002541,PRD0019,1,353.47,353.47
HITM0008013,HORD002541,PRD0519,1,268.64,268.64
HITM0008014,HORD002542,PRD0882,1,989.33,989.33
HITM0008015,HORD002542,PRD0849,1,115.9,115.9
HITM0008016,HORD002542,PRD0519,1,268.64,268.64
HITM0008017,HORD002543,PRD0184,1,869.57,869.57
HITM0008018,HORD002543,PRD0347,1,1531.55,1531.55
HITM0008019,HORD002543,PRD0572,1,678.29,678.29
HITM0008020,HORD002544,PRD0472,1,828.5,828.5
HITM0008021,HORD002544,PRD0017,1,1435.41,1435.41
HITM0008022,HORD002545,PRD0649,1,985.02,985.02
HITM0008023,HORD002545,PRD0774,1,1734.69,1734.69
HITM0008024,HORD002545,PRD0795,1,574.53,574.53
HITM0008025,HORD002545,PRD0076,1,232.75,232.75
HITM0008026,HORD002545,PRD0136,1,339.97,339.97
HITM0008027,HORD002546,PRD0925,1,56.69,56.69
HITM0008028,HORD002546,PRD0982,1,1474.96,1474.96
HITM0008029,HORD002546,PRD0287,1,2154.08,2154.08
HITM0008030,HORD002546,PRD0464,1,2149.57,2149.57
HITM0008031,HORD002547,PRD0990,1,373.88,373.88
HITM0008032,HORD002547,PRD0067,2,2053.61,4107.22
HITM0008033,HORD002547,PRD0417,2,1221.03,2442.06
HITM0008034,HORD002547,PRD0650,1,297.34,297.34
HITM0008035,HORD002548,PRD0989,1,535.6,535.6
HITM0008036,HORD002548,PRD0875,1,73.21,73.21
HITM0008037,HORD002549,PRD0249,2,1215.99,2431.98
HITM0008038,HORD002549,PRD0715,1,809.62,809.62
HITM0008039,HORD002549,PRD0901,2,1749.28,3498.56
HITM0008040,HORD002549,PRD0147,2,1910.7,3821.4
HITM0008041,HORD002549,PRD0928,1,834.91,834.91
HITM0008042,HORD002550,PRD0846,2,417.95,835.9
HITM0008043,HORD002550,PRD0714,1,3727.82,3727.82
HITM0008044,HORD002550,PRD0494,1,2689.23,2689.23
HITM0008045,HORD002551,PRD0799,1,114.07,114.07
HITM0008046,HORD002551,PRD0106,1,840.97,840.97
HITM0008047,HORD002551,PRD0050,2,289.02,578.04
HITM0008048,HORD002552,PRD0130,1,183.26,183.26
HITM0008049,HORD002552,PRD0808,1,69.84,69.84
HITM0008050,HORD002552,PRD0136,1,339.97,339.97
HITM0008051,HORD002552,PRD0509,2,400.59,801.18
HITM0008052,HORD002553,PRD0012,3,1122.89,3368.67
HITM0008053,HORD002554,PRD0451,1,1300.44,1300.44
HITM0008054,HORD002554,PRD0617,2,2097.21,4194.42
HITM0008055,HORD002554,PRD0333,1,621.74,621.74
HITM0008056,HORD002554,PRD0107,1,559.52,559.52
HITM0008057,HORD002555,PRD0626,1,139.26,139.26
HITM0008058,HORD002555,PRD0143,1,490.94,490.94
HITM0008059,HORD002555,PRD0219,2,888.21,1776.42
HITM0008060,HORD002555,PRD0823,1,739.71,739.71
HITM0008061,HORD002555,PRD0797,1,936.62,936.62
HITM0008062,HORD002556,PRD0281,1,3193.12,3193.12
HITM0008063,HORD002556,PRD0100,1,328.27,328.27
HITM0008064,HORD002557,PRD0737,1,2577.23,2577.23
HITM0008065,HORD002557,PRD0455,1,243.16,243.16
HITM0008066,HORD002557,PRD0600,1,222.54,222.54
HITM0008067,HORD002558,PRD0836,1,610.89,610.89
HITM0008068,HORD002558,PRD0362,1,1598.01,1598.01
HITM0008069,HORD002559,PRD0534,1,458.42,458.42
HITM0008070,HORD002559,PRD0260,1,86.88,86.88
HITM0008071,HORD002559,PRD0870,1,360.59,360.59
HITM0008072,HORD002559,PRD0310,1,161.31,161.31
HITM0008073,HORD002560,PRD0897,1,351.24,351.24
HITM0008074,HORD002560,PRD0489,1,376.72,376.72
HITM0008075,HORD002561,PRD0065,2,446.02,892.04
HITM0008076,HORD002561,PRD0350,3,133.96,401.88
HITM0008077,HORD002561,PRD0032,1,742.08,742.08
HITM0008078,HORD002562,PRD0405,1,1063.36,1063.36
HITM0008079,HORD002562,PRD0604,1,2778.09,2778.09
HITM0008080,HORD002562,PRD0201,1,1626.1,1626.1
HITM0008081,HORD002563,PRD0805,1,1065.34,1065.34
HITM0008082,HORD002563,PRD0387,1,2107.82,2107.82
HITM0008083,HORD002563,PRD0610,2,167.07,334.14
HITM0008084,HORD002564,PRD0490,1,63.94,63.94
HITM0008085,HORD002564,PRD0997,1,1651.08,1651.08
HITM0008086,HORD002564,PRD0430,1,348.93,348.93
HITM0008087,HORD002565,PRD0053,1,1429.67,1429.67
HITM0008088,HORD002565,PRD0549,1,850.69,850.69
HITM0008089,HORD002565,PRD0004,1,3297.7,3297.7
HITM0008090,HORD002566,PRD0673,1,548.1,548.1
HITM0008091,HORD002566,PRD0760,1,187.91,187.91
HITM0008092,HORD002567,PRD0280,1,84.08,84.08
HITM0008093,HORD002567,PRD0483,3,863.5,2590.5
HITM0008094,HORD002567,PRD0109,2,353.29,706.58
HITM0008095,HORD002567,PRD0790,1,55.39,55.39
HITM0008096,HORD002568,PRD0402,2,782.5,1565.0
HITM0008097,HORD002568,PRD0648,1,389.72,389.72
HITM0008098,HORD002569,PRD0876,1,146.18,146.18
HITM0008099,HORD002569,PRD0238,1,1033.13,1033.13
HITM0008100,HORD002570,PRD0690,1,296.31,296.31
HITM0008101,HORD002570,PRD0933,1,1243.12,1243.12
HITM0008102,HORD002570,PRD0230,1,34.01,34.01
HITM0008103,HORD002571,PRD0798,2,418.33,836.66
HITM0008104,HORD002571,PRD0110,1,197.81,197.81
HITM0008105,HORD002571,PRD0650,1,297.34,297.34
HITM0008106,HORD002572,PRD0526,2,44.24,88.48
HITM0008107,HORD002572,PRD0227,1,922.85,922.85
HITM0008108,HORD002573,PRD0758,2,543.13,1086.26
HITM0008109,HORD002573,PRD0713,1,1129.25,1129.25
HITM0008110,HORD002573,PRD0808,3,69.84,209.52
HITM0008111,HORD002573,PRD0030,1,239.93,239.93
HITM0008112,HORD002574,PRD0339,3,1448.64,4345.92
HITM0008113,HORD002574,PRD0444,1,3715.62,3715.62
HITM0008114,HORD002574,PRD0713,1,1129.25,1129.25
HITM0008115,HORD002575,PRD0928,1,834.91,834.91
HITM0008116,HORD002575,PRD0972,1,1027.59,1027.59
HITM0008117,HORD002575,PRD0465,1,778.89,778.89
HITM0008118,HORD002575,PRD0777,1,2046.64,2046.64
HITM0008119,HORD002576,PRD0991,1,2498.97,2498.97
HITM0008120,HORD002577,PRD0550,1,229.62,229.62
HITM0008121,HORD002577,PRD0772,2,661.34,1322.68
HITM0008122,HORD002578,PRD0222,2,1185.98,2371.96
HITM0008123,HORD002578,PRD0981,1,2778.15,2778.15
HITM0008124,HORD002578,PRD0745,1,494.7,494.7
HITM0008125,HORD002578,PRD0475,1,357.18,357.18
HITM0008126,HORD002578,PRD0180,1,356.72,356.72
HITM0008127,HORD002579,PRD0126,3,499.59,1498.77
HITM0008128,HORD002580,PRD0366,1,428.57,428.57
HITM0008129,HORD002580,PRD0660,1,89.27,89.27
HITM0008130,HORD002581,PRD0520,1,188.8,188.8
HITM0008131,HORD002581,PRD0715,1,809.62,809.62
HITM0008132,HORD002581,PRD0258,2,816.42,1632.84
HITM0008133,HORD002581,PRD0646,1,609.53,609.53
HITM0008134,HORD002582,PRD0222,1,1185.98,1185.98
HITM0008135,HORD002582,PRD0853,1,1167.89,1167.89
HITM0008136,HORD002582,PRD0357,1,1006.85,1006.85
HITM0008137,HORD002583,PRD0096,1,291.41,291.41
HITM0008138,HORD002583,PRD0628,1,904.82,904.82
HITM0008139,HORD002583,PRD0766,1,420.5,420.5
HITM0008140,HORD002583,PRD0953,1,968.69,968.69
HITM0008141,HORD002583,PRD0046,1,192.34,192.34
HITM0008142,HORD002584,PRD0749,1,1242.7,1242.7
HITM0008143,HORD002584,PRD0782,1,492.79,492.79
HITM0008144,HORD002584,PRD0976,1,714.76,714.76
HITM0008145,HORD002584,PRD0786,1,326.86,326.86
HITM0008146,HORD002585,PRD0130,2,183.26,366.52
HITM0008147,HORD002585,PRD0183,1,667.61,667.61
HITM0008148,HORD002585,PRD0590,1,49.98,49.98
HITM0008149,HORD002586,PRD0518,2,127.55,255.1
HITM0008150,HORD002586,PRD0930,2,298.86,597.72
HITM0008151,HORD002586,PRD0814,1,849.01,849.01
HITM0008152,HORD002586,PRD0989,1,535.6,535.6
HITM0008153,HORD002587,PRD0208,1,940.02,940.02
HITM0008154,HORD002587,PRD0610,1,167.07,167.07
HITM0008155,HORD002587,PRD0198,1,737.1,737.1
HITM0008156,HORD002587,PRD0353,1,1290.29,1290.29
HITM0008157,HORD002588,PRD0710,1,161.67,161.67
HITM0008158,HORD002588,PRD0060,2,207.18,414.36
HITM0008159,HORD002588,PRD0108,2,997.65,1995.3
HITM0008160,HORD002589,PRD0199,1,710.27,710.27
HITM0008161,HORD002589,PRD0620,1,339.14,339.14
HITM0008162,HORD002589,PRD0810,1,393.15,393.15
HITM0008163,HORD002590,PRD0670,1,137.8,137.8
HITM0008164,HORD002590,PRD0264,2,2624.21,5248.42
HITM0008165,HORD002590,PRD0723,1,867.11,867.11
HITM0008166,HORD002590,PRD0278,2,83.35,166.7
HITM0008167,HORD002591,PRD0024,1,935.75,935.75
HITM0008168,HORD002591,PRD0252,2,879.59,1759.18
HITM0008169,HORD002591,PRD0184,1,869.57,869.57
HITM0008170,HORD002592,PRD0844,1,3853.97,3853.97
HITM0008171,HORD002592,PRD0396,2,485.87,971.74
HITM0008172,HORD002593,PRD0520,1,188.8,188.8
HITM0008173,HORD002593,PRD0025,1,404.64,404.64
HITM0008174,HORD002593,PRD0800,1,168.54,168.54
HITM0008175,HORD002594,PRD0252,2,879.59,1759.18
HITM0008176,HORD002594,PRD0706,1,377.51,377.51
HITM0008177,HORD002594,PRD0519,1,268.64,268.64
HITM0008178,HORD002595,PRD0528,1,136.95,136.95
HITM0008179,HORD002595,PRD0598,2,522.01,1044.02
HITM0008180,HORD002596,PRD0976,1,714.76,714.76
HITM0008181,HORD002596,PRD0406,2,184.6,369.2
HITM0008182,HORD002596,PRD0687,1,1174.99,1174.99
HITM0008183,HORD002596,PRD0891,1,2138.63,2138.63
HITM0008184,HORD002596,PRD0970,2,107.81,215.62
HITM0008185,HORD002597,PRD0019,1,353.47,353.47
HITM0008186,HORD002597,PRD0973,1,573.55,573.55
HITM0008187,HORD002597,PRD0906,2,553.58,1107.16
HITM0008188,HORD002598,PRD0626,1,139.26,139.26
HITM0008189,HORD002598,PRD0253,1,1322.89,1322.89
HITM0008190,HORD002599,PRD0399,1,1231.55,1231.55
HITM0008191,HORD002600,PRD0837,1,470.72,470.72
HITM0008192,HORD002600,PRD0060,1,207.18,207.18
HITM0008193,HORD002601,PRD0486,2,180.26,360.52
HITM0008194,HORD002601,PRD0840,1,102.1,102.1
HITM0008195,HORD002601,PRD0998,1,366.72,366.72
HITM0008196,HORD002602,PRD0075,1,360.03,360.03
HITM0008197,HORD002602,PRD0618,1,208.79,208.79
HITM0008198,HORD002603,PRD0698,2,981.72,1963.44
HITM0008199,HORD002603,PRD0901,1,1749.28,1749.28
HITM0008200,HORD002604,PRD0635,1,576.88,576.88
HITM0008201,HORD002604,PRD0490,3,63.94,191.82
HITM0008202,HORD002604,PRD0227,2,922.85,1845.7
HITM0008203,HORD002604,PRD0280,1,84.08,84.08
HITM0008204,HORD002605,PRD0646,1,609.53,609.53
HITM0008205,HORD002605,PRD0798,1,418.33,418.33
HITM0008206,HORD002605,PRD0630,1,270.86,270.86
HITM0008207,HORD002606,PRD0905,1,470.11,470.11
HITM0008208,HORD002606,PRD0935,1,617.88,617.88
HITM0008209,HORD002606,PRD0316,2,401.13,802.26
HITM0008210,HORD002606,PRD0572,1,678.29,678.29
HITM0008211,HORD002607,PRD0158,1,224.45,224.45
HITM0008212,HORD002607,PRD0816,1,377.97,377.97
HITM0008213,HORD002608,PRD0925,1,56.69,56.69
HITM0008214,HORD002608,PRD0715,2,809.62,1619.24
HITM0008215,HORD002608,PRD0970,1,107.81,107.81
HITM0008216,HORD002608,PRD0721,2,2913.95,5827.9
HITM0008217,HORD002609,PRD0921,1,3109.79,3109.79
HITM0008218,HORD002609,PRD0779,1,234.12,234.12
HITM0008219,HORD002609,PRD0481,3,1805.28,5415.84
HITM0008220,HORD002609,PRD0009,1,354.96,354.96
HITM0008221,HORD002610,PRD0006,1,35.37,35.37
HITM0008222,HORD002610,PRD0876,1,146.18,146.18
HITM0008223,HORD002610,PRD0181,1,1201.83,1201.83
HITM0008224,HORD002611,PRD0439,1,323.08,323.08
HITM0008225,HORD002611,PRD0568,1,299.47,299.47
HITM0008226,HORD002611,PRD0335,1,235.04,235.04
HITM0008227,HORD002612,PRD0858,1,363.41,363.41
HITM0008228,HORD002612,PRD0867,3,822.76,2468.28
HITM0008229,HORD002613,PRD0280,2,84.08,168.16
HITM0008230,HORD002613,PRD0804,1,3159.06,3159.06
HITM0008231,HORD002613,PRD0845,1,45.19,45.19
HITM0008232,HORD002613,PRD0706,2,377.51,755.02
HITM0008233,HORD002613,PRD0887,1,569.07,569.07
HITM0008234,HORD002614,PRD0806,1,499.24,499.24
HITM0008235,HORD002615,PRD0454,2,1438.89,2877.78
HITM0008236,HORD002615,PRD0946,1,810.85,810.85
HITM0008237,HORD002616,PRD0872,1,588.52,588.52
HITM0008238,HORD002616,PRD0788,1,1009.9,1009.9
HITM0008239,HORD002616,PRD0396,1,485.87,485.87
HITM0008240,HORD002616,PRD0103,1,1002.58,1002.58
HITM0008241,HORD002617,PRD0925,3,56.69,170.07
HITM0008242,HORD002617,PRD0011,1,2618.24,2618.24
HITM0008243,HORD002617,PRD0005,3,793.64,2380.92
HITM0008244,HORD002618,PRD0406,1,184.6,184.6
HITM0008245,HORD002618,PRD0771,1,1690.63,1690.63
HITM0008246,HORD002619,PRD0229,1,1192.23,1192.23
HITM0008247,HORD002619,PRD0252,1,879.59,879.59
HITM0008248,HORD002620,PRD0037,3,873.28,2619.84
HITM0008249,HORD002620,PRD0611,1,1417.98,1417.98
HITM0008250,HORD002620,PRD0486,1,180.26,180.26
HITM0008251,HORD002621,PRD0322,1,1216.91,1216.91
HITM0008252,HORD002621,PRD0796,2,46.19,92.38
HITM0008253,HORD002621,PRD0233,1,1412.0,1412.0
HITM0008254,HORD002621,PRD0364,1,914.03,914.03
HITM0008255,HORD002621,PRD0286,1,666.41,666.41
HITM0008256,HORD002622,PRD0705,2,387.12,774.24
HITM0008257,HORD002622,PRD0910,1,28.09,28.09
HITM0008258,HORD002622,PRD0454,1,1438.89,1438.89
HITM0008259,HORD002623,PRD0738,1,520.03,520.03
HITM0008260,HORD002623,PRD0689,2,277.28,554.56
HITM0008261,HORD002623,PRD0080,1,122.76,122.76
HITM0008262,HORD002624,PRD0078,2,451.23,902.46
HITM0008263,HORD002624,PRD0715,1,809.62,809.62
HITM0008264,HORD002624,PRD0157,1,1264.96,1264.96
HITM0008265,HORD002625,PRD0955,1,502.79,502.79
HITM0008266,HORD002626,PRD0173,1,270.07,270.07
HITM0008267,HORD002626,PRD0682,1,1273.55,1273.55
HITM0008268,HORD002626,PRD0500,1,162.81,162.81
HITM0008269,HORD002626,PRD0742,2,1054.62,2109.24
HITM0008270,HORD002626,PRD0789,1,928.44,928.44
HITM0008271,HORD002627,PRD0093,3,401.55,1204.65
HITM0008272,HORD002627,PRD0336,1,110.53,110.53
HITM0008273,HORD002627,PRD0560,1,258.29,258.29
HITM0008274,HORD002628,PRD0252,1,879.59,879.59
HITM0008275,HORD002628,PRD0205,1,696.35,696.35
HITM0008276,HORD002628,PRD0262,2,893.46,1786.92
HITM0008277,HORD002628,PRD0446,1,172.12,172.12
HITM0008278,HORD002628,PRD0862,1,612.88,612.88
HITM0008279,HORD002629,PRD0818,2,690.8,1381.6
HITM0008280,HORD002629,PRD0622,1,1298.2,1298.2
HITM0008281,HORD002629,PRD0881,2,1385.81,2771.62
HITM0008282,HORD002630,PRD0730,1,388.14,388.14
HITM0008283,HORD002630,PRD0677,1,1000.46,1000.46
HITM0008284,HORD002630,PRD0555,1,955.38,955.38
HITM0008285,HORD002630,PRD0913,1,878.51,878.51
HITM0008286,HORD002631,PRD0643,2,530.41,1060.82
HITM0008287,HORD002631,PRD0758,1,543.13,543.13
HITM0008288,HORD002631,PRD0649,1,985.02,985.02
HITM0008289,HORD002632,PRD0821,2,979.52,1959.04
HITM0008290,HORD002632,PRD0608,1,313.58,313.58
HITM0008291,HORD002632,PRD0136,1,339.97,339.97
HITM0008292,HORD002632,PRD0767,1,380.35,380.35
HITM0008293,HORD002633,PRD0489,1,376.72,376.72
HITM0008294,HORD002634,PRD0240,1,116.74,116.74
HITM0008295,HORD002634,PRD0990,2,373.88,747.76
HITM0008296,HORD002635,PRD0842,1,1294.03,1294.03
HITM0008297,HORD002635,PRD0066,1,545.23,545.23
HITM0008298,HORD002635,PRD0755,1,229.0,229.0
HITM0008299,HORD002636,PRD0569,1,1425.79,1425.79
HITM0008300,HORD002636,PRD0099,1,892.92,892.92
HITM0008301,HORD002637,PRD0468,2,388.69,777.38
HITM0008302,HORD002637,PRD0168,1,451.79,451.79
HITM0008303,HORD002638,PRD0947,2,934.61,1869.22
HITM0008304,HORD002638,PRD0839,2,1337.75,2675.5
HITM0008305,HORD002638,PRD0636,1,418.01,418.01
HITM0008306,HORD002639,PRD0974,1,1232.06,1232.06
HITM0008307,HORD002639,PRD0840,1,102.1,102.1
HITM0008308,HORD002639,PRD0179,1,1477.46,1477.46
HITM0008309,HORD002639,PRD0396,1,485.87,485.87
HITM0008310,HORD002639,PRD0568,1,299.47,299.47
HITM0008311,HORD002640,PRD0480,1,168.51,168.51
HITM0008312,HORD002640,PRD0933,1,1243.12,1243.12
HITM0008313,HORD002640,PRD0744,1,3085.44,3085.44
HITM0008314,HORD002640,PRD0567,1,1572.22,1572.22
HITM0008315,HORD002640,PRD0710,1,161.67,161.67
HITM0008316,HORD002641,PRD0783,1,1427.48,1427.48
HITM0008317,HORD002641,PRD0069,1,398.01,398.01
HITM0008318,HORD002641,PRD0719,1,876.46,876.46
HITM0008319,HORD002641,PRD0705,1,387.12,387.12
HITM0008320,HORD002642,PRD0178,1,176.94,176.94
HITM0008321,HORD002642,PRD0286,1,666.41,666.41
HITM0008322,HORD002643,PRD0830,1,146.02,146.02
HITM0008323,HORD002643,PRD0090,1,136.64,136.64
HITM0008324,HORD002643,PRD0756,1,61.89,61.89
HITM0008325,HORD002643,PRD0985,2,77.36,154.72
HITM0008326,HORD002644,PRD0559,2,109.7,219.4
HITM0008327,HORD002644,PRD0016,1,346.08,346.08
HITM0008328,HORD002644,PRD0349,1,469.34,469.34
HITM0008329,HORD002644,PRD0956,1,726.92,726.92
HITM0008330,HORD002644,PRD0397,1,1704.15,1704.15
HITM0008331,HORD002645,PRD0750,1,262.52,262.52
HITM0008332,HORD002645,PRD0947,2,934.61,1869.22
HITM0008333,HORD002645,PRD0480,3,168.51,505.53
HITM0008334,HORD002646,PRD0592,1,448.87,448.87
HITM0008335,HORD002646,PRD0598,1,522.01,522.01
HITM0008336,HORD002646,PRD0451,1,1300.44,1300.44
HITM0008337,HORD002647,PRD0340,2,42.57,85.14
HITM0008338,HORD002647,PRD0570,2,179.75,359.5
HITM0008339,HORD002647,PRD0816,1,377.97,377.97
HITM0008340,HORD002647,PRD0075,1,360.03,360.03
HITM0008341,HORD002648,PRD0798,1,418.33,418.33
HITM0008342,HORD002648,PRD0714,1,3727.82,3727.82
HITM0008343,HORD002649,PRD0566,1,306.33,306.33
HITM0008344,HORD002649,PRD0876,1,146.18,146.18
HITM0008345,HORD002649,PRD0606,1,49.01,49.01
HITM0008346,HORD002650,PRD0808,1,69.84,69.84
HITM0008347,HORD002650,PRD0610,1,167.07,167.07
HITM0008348,HORD002650,PRD0784,1,385.51,385.51
HITM0008349,HORD002650,PRD0446,1,172.12,172.12
HITM0008350,HORD002651,PRD0890,1,176.95,176.95
HITM0008351,HORD002651,PRD0206,1,190.8,190.8
HITM0008352,HORD002651,PRD0499,1,779.63,779.63
HITM0008353,HORD002651,PRD0107,1,559.52,559.52
HITM0008354,HORD002651,PRD0365,1,380.49,380.49
HITM0008355,HORD002652,PRD0196,1,373.5,373.5
HITM0008356,HORD002652,PRD0670,2,137.8,275.6
HITM0008357,HORD002652,PRD0554,1,611.35,611.35
HITM0008358,HORD002653,PRD0220,1,187.94,187.94
HITM0008359,HORD002653,PRD0765,1,724.29,724.29
HITM0008360,HORD002653,PRD0431,1,2880.93,2880.93
HITM0008361,HORD002654,PRD0952,1,1636.67,1636.67
HITM0008362,HORD002654,PRD0720,1,416.7,416.7
HITM0008363,HORD002655,PRD0352,1,393.98,393.98
HITM0008364,HORD002655,PRD0442,2,1167.29,2334.58
HITM0008365,HORD002655,PRD0960,1,321.52,321.52
HITM0008366,HORD002656,PRD0609,3,83.83,251.49
HITM0008367,HORD002657,PRD0690,1,296.31,296.31
HITM0008368,HORD002657,PRD0970,1,107.81,107.81
HITM0008369,HORD002658,PRD0839,2,1337.75,2675.5
HITM0008370,HORD002658,PRD0010,1,39.45,39.45
HITM0008371,HORD002658,PRD0056,1,437.03,437.03
HITM0008372,HORD002659,PRD0969,1,99.89,99.89
HITM0008373,HORD002659,PRD0414,1,3953.91,3953.91
HITM0008374,HORD002660,PRD0577,2,649.4,1298.8
HITM0008375,HORD002660,PRD0752,2,933.7,1867.4
HITM0008376,HORD002660,PRD0694,1,1978.51,1978.51
HITM0008377,HORD002661,PRD0687,2,1174.99,2349.98
HITM0008378,HORD002661,PRD0345,1,752.34,752.34
HITM0008379,HORD002661,PRD0340,1,42.57,42.57
HITM0008380,HORD002662,PRD0191,1,1064.69,1064.69
HITM0008381,HORD002662,PRD0398,1,341.64,341.64
HITM0008382,HORD002663,PRD0821,1,979.52,979.52
HITM0008383,HORD002663,PRD0307,2,2338.69,4677.38
HITM0008384,HORD002663,PRD0756,1,61.89,61.89
HITM0008385,HORD002663,PRD0135,1,715.95,715.95
HITM0008386,HORD002664,PRD0030,2,239.93,479.86
HITM0008387,HORD002664,PRD0088,1,141.39,141.39
HITM0008388,HORD002664,PRD0001,1,2639.78,2639.78
HITM0008389,HORD002664,PRD0099,1,892.92,892.92
HITM0008390,HORD002665,PRD0875,2,73.21,146.42
HITM0008391,HORD002665,PRD0423,1,610.02,610.02
HITM0008392,HORD002666,PRD0948,1,454.84,454.84
HITM0008393,HORD002666,PRD0839,1,1337.75,1337.75
HITM0008394,HORD002667,PRD0397,1,1704.15,1704.15
HITM0008395,HORD002667,PRD0849,1,115.9,115.9
HITM0008396,HORD002667,PRD0683,1,571.77,571.77
HITM0008397,HORD002667,PRD0869,3,131.2,393.6
HITM0008398,HORD002668,PRD0522,1,1270.84,1270.84
HITM0008399,HORD002668,PRD0392,1,1492.32,1492.32
HITM0008400,HORD002668,PRD0617,1,2097.21,2097.21
HITM0008401,HORD002669,PRD0305,1,346.95,346.95
HITM0008402,HORD002669,PRD0750,1,262.52,262.52
HITM0008403,HORD002670,PRD0495,1,692.95,692.95
HITM0008404,HORD002670,PRD0606,2,49.01,98.02
HITM0008405,HORD002670,PRD0707,1,1217.98,1217.98
HITM0008406,HORD002670,PRD0816,1,377.97,377.97
HITM0008407,HORD002671,PRD0125,2,108.47,216.94
HITM0008408,HORD002671,PRD0982,1,1474.96,1474.96
HITM0008409,HORD002672,PRD0475,1,357.18,357.18
HITM0008410,HORD002672,PRD0922,1,693.11,693.11
HITM0008411,HORD002672,PRD0653,2,514.7,1029.4
HITM0008412,HORD002672,PRD0377,1,1501.75,1501.75
HITM0008413,HORD002673,PRD0565,2,515.91,1031.82
HITM0008414,HORD002673,PRD0483,1,863.5,863.5
HITM0008415,HORD002674,PRD0109,1,353.29,353.29
HITM0008416,HORD002674,PRD0956,1,726.92,726.92
HITM0008417,HORD002674,PRD0233,2,1412.0,2824.0
HITM0008418,HORD002674,PRD0382,1,865.54,865.54
HITM0008419,HORD002674,PRD0250,1,329.47,329.47
HITM0008420,HORD002675,PRD0262,1,893.46,893.46
HITM0008421,HORD002675,PRD0946,1,810.85,810.85
HITM0008422,HORD002675,PRD0753,1,372.43,372.43
HITM0008423,HORD002675,PRD0288,1,151.78,151.78
HITM0008424,HORD002675,PRD0867,2,822.76,1645.52
HITM0008425,HORD002676,PRD0140,1,347.21,347.21
HITM0008426,HORD002676,PRD0178,1,176.94,176.94
HITM0008427,HORD002676,PRD0414,1,3953.91,3953.91
HITM0008428,HORD002677,PRD0956,1,726.92,726.92
HITM0008429,HORD002677,PRD0827,1,1653.52,1653.52
HITM0008430,HORD002677,PRD0685,2,987.86,1975.72
HITM0008431,HORD002678,PRD0907,1,2551.71,2551.71
HITM0008432,HORD002678,PRD0925,1,56.69,56.69
HITM0008433,HORD002678,PRD0896,1,507.02,507.02
HITM0008434,HORD002678,PRD0252,2,879.59,1759.18
HITM0008435,HORD002679,PRD0173,1,270.07,270.07
HITM0008436,HORD002679,PRD0934,1,524.96,524.96
HITM0008437,HORD002679,PRD0159,1,897.22,897.22
HITM0008438,HORD002679,PRD0609,1,83.83,83.83
HITM0008439,HORD002680,PRD0403,1,1295.0,1295.0
HITM0008440,HORD002680,PRD0728,1,122.0,122.0
HITM0008441,HORD002680,PRD0061,3,2127.06,6381.18
HITM0008442,HORD002681,PRD0606,1,49.01,49.01
HITM0008443,HORD002681,PRD0116,1,328.2,328.2
HITM0008444,HORD002681,PRD0156,1,115.73,115.73
HITM0008445,HORD002681,PRD0773,1,310.58,310.58
HITM0008446,HORD002682,PRD0088,1,141.39,141.39
HITM0008447,HORD002682,PRD0589,1,824.97,824.97
HITM0008448,HORD002682,PRD0383,1,1183.76,1183.76
HITM0008449,HORD002683,PRD0666,1,688.32,688.32
HITM0008450,HORD002683,PRD0355,1,1138.32,1138.32
HITM0008451,HORD002683,PRD0773,3,310.58,931.74
HITM0008452,HORD002683,PRD0321,1,1488.38,1488.38
HITM0008453,HORD002684,PRD0005,2,793.64,1587.28
HITM0008454,HORD002684,PRD0093,2,401.55,803.1
HITM0008455,HORD002685,PRD0212,1,1587.64,1587.64
HITM0008456,HORD002685,PRD0882,2,989.33,1978.66
HITM0008457,HORD002685,PRD0800,1,168.54,168.54
HITM0008458,HORD002685,PRD0839,3,1337.75,4013.25
HITM0008459,HORD002685,PRD0638,2,675.35,1350.7
HITM0008460,HORD002686,PRD0485,2,939.87,1879.74
HITM0008461,HORD002686,PRD0105,2,385.04,770.08
HITM0008462,HORD002686,PRD0849,1,115.9,115.9
HITM0008463,HORD002687,PRD0976,1,714.76,714.76
HITM0008464,HORD002688,PRD0532,1,386.41,386.41
HITM0008465,HORD002688,PRD0423,1,610.02,610.02
HITM0008466,HORD002688,PRD0896,1,507.02,507.02
HITM0008467,HORD002689,PRD0016,1,346.08,346.08
HITM0008468,HORD002689,PRD0200,1,231.67,231.67
HITM0008469,HORD002689,PRD0937,1,435.56,435.56
HITM0008470,HORD002690,PRD0116,1,328.2,328.2
HITM0008471,HORD002690,PRD0100,1,328.27,328.27
HITM0008472,HORD002690,PRD0493,1,1431.18,1431.18
HITM0008473,HORD002691,PRD0080,3,122.76,368.28
HITM0008474,HORD002692,PRD0340,2,42.57,85.14
HITM0008475,HORD002693,PRD0377,2,1501.75,3003.5
HITM0008476,HORD002693,PRD0640,1,23.59,23.59
HITM0008477,HORD002693,PRD0275,3,394.33,1182.99
HITM0008478,HORD002693,PRD0949,1,589.87,589.87
HITM0008479,HORD002694,PRD0561,2,2317.58,4635.16
HITM0008480,HORD002694,PRD0892,1,375.64,375.64
HITM0008481,HORD002694,PRD0685,1,987.86,987.86
HITM0008482,HORD002694,PRD0073,2,1497.77,2995.54
HITM0008483,HORD002694,PRD0783,1,1427.48,1427.48
HITM0008484,HORD002695,PRD0335,1,235.04,235.04
HITM0008485,HORD002695,PRD0329,2,100.62,201.24
HITM0008486,HORD002695,PRD0113,2,756.1,1512.2
HITM0008487,HORD002695,PRD0616,1,819.39,819.39
HITM0008488,HORD002696,PRD0494,1,2689.23,2689.23
HITM0008489,HORD002696,PRD0350,1,133.96,133.96
HITM0008490,HORD002696,PRD0534,1,458.42,458.42
HITM0008491,HORD002697,PRD0404,3,2672.02,8016.06
HITM0008492,HORD002697,PRD0160,2,21.4,42.8
HITM0008493,HORD002697,PRD0427,2,2246.52,4493.04
HITM0008494,HORD002698,PRD0028,1,160.23,160.23
HITM0008495,HORD002698,PRD0880,1,132.59,132.59
HITM0008496,HORD002698,PRD0252,1,879.59,879.59
HITM0008497,HORD002698,PRD0428,1,491.35,491.35
HITM0008498,HORD002698,PRD0090,2,136.64,273.28
HITM0008499,HORD002699,PRD0209,1,327.08,327.08
HITM0008500,HORD002699,PRD0742,1,1054.62,1054.62
HITM0008501,HORD002699,PRD0196,2,373.5,747.0
HITM0008502,HORD002700,PRD0555,1,955.38,955.38
HITM0008503,HORD002700,PRD0200,1,231.67,231.67
HITM0008504,HORD002700,PRD0868,1,594.16,594.16
HITM0008505,HORD002701,PRD0926,1,455.41,455.41
HITM0008506,HORD002701,PRD0834,1,2762.83,2762.83
HITM0008507,HORD002701,PRD0775,1,668.73,668.73
HITM0008508,HORD002702,PRD0479,1,660.2,660.2
HITM0008509,HORD002702,PRD0686,2,208.32,416.64
HITM0008510,HORD002702,PRD0723,2,867.11,1734.22
HITM0008511,HORD002702,PRD0977,1,327.77,327.77
HITM0008512,HORD002702,PRD0486,1,180.26,180.26
HITM0008513,HORD002703,PRD0860,2,397.97,795.94
HITM0008514,HORD002703,PRD0403,2,1295.0,2590.0
HITM0008515,HORD002703,PRD0056,1,437.03,437.03
HITM0008516,HORD002703,PRD0268,1,226.89,226.89
HITM0008517,HORD002704,PRD0239,1,984.36,984.36
HITM0008518,HORD002704,PRD0790,1,55.39,55.39
HITM0008519,HORD002704,PRD0960,1,321.52,321.52
HITM0008520,HORD002704,PRD0123,1,1257.07,1257.07
HITM0008521,HORD002705,PRD0690,1,296.31,296.31
HITM0008522,HORD002705,PRD0086,1,92.8,92.8
HITM0008523,HORD002706,PRD0966,2,706.39,1412.78
HITM0008524,HORD002706,PRD0923,1,1561.37,1561.37
HITM0008525,HORD002706,PRD0808,2,69.84,139.68
HITM0008526,HORD002706,PRD0269,1,473.87,473.87
HITM0008527,HORD002706,PRD0230,2,34.01,68.02
HITM0008528,HORD002707,PRD0106,2,840.97,1681.94
HITM0008529,HORD002707,PRD0952,3,1636.67,4910.01
HITM0008530,HORD002707,PRD0618,1,208.79,208.79
HITM0008531,HORD002707,PRD0293,2,644.4,1288.8
HITM0008532,HORD002707,PRD0715,1,809.62,809.62
HITM0008533,HORD002708,PRD0438,1,104.09,104.09
HITM0008534,HORD002708,PRD0606,1,49.01,49.01
HITM0008535,HORD002708,PRD0077,1,604.37,604.37
HITM0008536,HORD002708,PRD0005,2,793.64,1587.28
HITM0008537,HORD002709,PRD0284,1,1446.14,1446.14
HITM0008538,HORD002709,PRD0744,2,3085.44,6170.88
HITM0008539,HORD002709,PRD0647,1,754.04,754.04
HITM0008540,HORD002710,PRD0087,1,2521.54,2521.54
HITM0008541,HORD002710,PRD0800,2,168.54,337.08
HITM0008542,HORD002710,PRD0597,1,2095.04,2095.04
HITM0008543,HORD002711,PRD0869,1,131.2,131.2
HITM0008544,HORD002711,PRD0451,1,1300.44,1300.44
HITM0008545,HORD002711,PRD0710,1,161.67,161.67
HITM0008546,HORD002712,PRD0327,1,812.84,812.84
HITM0008547,HORD002712,PRD0177,2,535.99,1071.98
HITM0008548,HORD002713,PRD0607,2,2415.11,4830.22
HITM0008549,HORD002713,PRD0109,1,353.29,353.29
HITM0008550,HORD002713,PRD0169,1,445.45,445.45
HITM0008551,HORD002713,PRD0713,1,1129.25,1129.25
HITM0008552,HORD002714,PRD0577,1,649.4,649.4
HITM0008553,HORD002714,PRD0261,1,3026.48,3026.48
HITM0008554,HORD002714,PRD0561,2,2317.58,4635.16
HITM0008555,HORD002714,PRD0599,3,1129.79,3389.37
HITM0008556,HORD002715,PRD0226,1,286.78,286.78
HITM0008557,HORD002715,PRD0209,1,327.08,327.08
HITM0008558,HORD002715,PRD0003,1,342.16,342.16
HITM0008559,HORD002716,PRD0759,2,655.9,1311.8
HITM0008560,HORD002716,PRD0841,2,1110.67,2221.34
HITM0008561,HORD002717,PRD0566,1,306.33,306.33
HITM0008562,HORD002717,PRD0514,3,1738.15,5214.45
HITM0008563,HORD002717,PRD0959,2,182.03,364.06
HITM0008564,HORD002717,PRD0458,1,825.04,825.04
HITM0008565,HORD002718,PRD0010,1,39.45,39.45
HITM0008566,HORD002718,PRD0160,2,21.4,42.8
HITM0008567,HORD002718,PRD0867,1,822.76,822.76
HITM0008568,HORD002718,PRD0248,1,207.33,207.33
HITM0008569,HORD002719,PRD0696,1,119.65,119.65
HITM0008570,HORD002719,PRD0671,1,926.06,926.06
HITM0008571,HORD002720,PRD0795,1,574.53,574.53
HITM0008572,HORD002720,PRD0060,1,207.18,207.18
HITM0008573,HORD002721,PRD0650,1,297.34,297.34
HITM0008574,HORD002721,PRD0767,1,380.35,380.35
HITM0008575,HORD002721,PRD0640,1,23.59,23.59
HITM0008576,HORD002722,PRD0050,1,289.02,289.02
HITM0008577,HORD002722,PRD0960,1,321.52,321.52
HITM0008578,HORD002723,PRD0783,2,1427.48,2854.96
HITM0008579,HORD002723,PRD0220,1,187.94,187.94
HITM0008580,HORD002723,PRD0244,1,807.13,807.13
HITM0008581,HORD002724,PRD0120,1,266.59,266.59
HITM0008582,HORD002724,PRD0628,1,904.82,904.82
HITM0008583,HORD002724,PRD0678,1,904.89,904.89
HITM0008584,HORD002724,PRD0686,1,208.32,208.32
HITM0008585,HORD002724,PRD0455,2,243.16,486.32
HITM0008586,HORD002725,PRD0190,2,34.34,68.68
HITM0008587,HORD002725,PRD0985,1,77.36,77.36
HITM0008588,HORD002725,PRD0342,1,615.51,615.51
HITM0008589,HORD002725,PRD0288,1,151.78,151.78
HITM0008590,HORD002726,PRD0668,1,641.02,641.02
HITM0008591,HORD002726,PRD0692,1,1665.58,1665.58
HITM0008592,HORD002727,PRD0197,1,847.92,847.92
HITM0008593,HORD002727,PRD0874,1,3409.41,3409.41
HITM0008594,HORD002728,PRD0411,2,2750.24,5500.48
HITM0008595,HORD002728,PRD0180,1,356.72,356.72
HITM0008596,HORD002728,PRD0308,1,524.45,524.45
HITM0008597,HORD002728,PRD0566,1,306.33,306.33
HITM0008598,HORD002729,PRD0846,2,417.95,835.9
HITM0008599,HORD002729,PRD0499,1,779.63,779.63
HITM0008600,HORD002730,PRD0436,1,112.2,112.2
HITM0008601,HORD002730,PRD0961,1,985.63,985.63
HITM0008602,HORD002731,PRD0457,1,1285.45,1285.45
HITM0008603,HORD002731,PRD0993,1,750.11,750.11
HITM0008604,HORD002731,PRD0165,1,203.41,203.41
HITM0008605,HORD002732,PRD0910,1,28.09,28.09
HITM0008606,HORD002732,PRD0603,1,1120.48,1120.48
HITM0008607,HORD002732,PRD0125,1,108.47,108.47
HITM0008608,HORD002732,PRD0669,2,387.51,775.02
HITM0008609,HORD002733,PRD0216,2,241.98,483.96
HITM0008610,HORD002733,PRD0056,3,437.03,1311.09
HITM0008611,HORD002733,PRD0645,1,1142.68,1142.68
HITM0008612,HORD002733,PRD0845,2,45.19,90.38
HITM0008613,HORD002734,PRD0954,1,551.46,551.46
HITM0008614,HORD002734,PRD0065,1,446.02,446.02
HITM0008615,HORD002734,PRD0290,1,53.02,53.02
HITM0008616,HORD002735,PRD0300,1,243.64,243.64
HITM0008617,HORD002735,PRD0673,3,548.1,1644.3
HITM0008618,HORD002735,PRD0793,3,760.3,2280.9
HITM0008619,HORD002735,PRD0325,1,607.53,607.53
HITM0008620,HORD002736,PRD0810,2,393.15,786.3
HITM0008621,HORD002736,PRD0979,1,1067.2,1067.2
HITM0008622,HORD002736,PRD0098,1,1046.87,1046.87
HITM0008623,HORD002737,PRD0300,1,243.64,243.64
HITM0008624,HORD002737,PRD0178,3,176.94,530.82
HITM0008625,HORD002738,PRD0499,1,779.63,779.63
HITM0008626,HORD002738,PRD0415,1,191.7,191.7
HITM0008627,HORD002738,PRD0370,1,233.44,233.44
HITM0008628,HORD002739,PRD0998,1,366.72,366.72
HITM0008629,HORD002739,PRD0116,2,328.2,656.4
HITM0008630,HORD002739,PRD0483,1,863.5,863.5
HITM0008631,HORD002739,PRD0365,1,380.49,380.49
HITM0008632,HORD002739,PRD0294,1,1563.92,1563.92
HITM0008633,HORD002740,PRD0261,1,3026.48,3026.48
HITM0008634,HORD002740,PRD0356,1,246.85,246.85
HITM0008635,HORD002741,PRD0124,1,2854.48,2854.48
HITM0008636,HORD002741,PRD0126,1,499.59,499.59
HITM0008637,HORD002741,PRD0138,1,99.85,99.85
HITM0008638,HORD002742,PRD0736,2,171.3,342.6
HITM0008639,HORD002742,PRD0623,1,1330.89,1330.89
HITM0008640,HORD002743,PRD0050,1,289.02,289.02
HITM0008641,HORD002743,PRD0769,1,798.58,798.58
HITM0008642,HORD002743,PRD0389,1,910.21,910.21
HITM0008643,HORD002744,PRD0959,2,182.03,364.06
HITM0008644,HORD002744,PRD0019,2,353.47,706.94
HITM0008645,HORD002745,PRD0885,3,689.39,2068.17
HITM0008646,HORD002745,PRD0554,1,611.35,611.35
HITM0008647,HORD002745,PRD0908,1,136.87,136.87
HITM0008648,HORD002745,PRD0330,1,51.67,51.67
HITM0008649,HORD002746,PRD0381,1,2300.27,2300.27
HITM0008650,HORD002746,PRD0364,1,914.03,914.03
HITM0008651,HORD002746,PRD0634,2,3567.92,7135.84
HITM0008652,HORD002747,PRD0868,1,594.16,594.16
HITM0008653,HORD002747,PRD0826,1,89.12,89.12
HITM0008654,HORD002748,PRD0425,1,845.25,845.25
HITM0008655,HORD002748,PRD0583,1,1484.65,1484.65
HITM0008656,HORD002748,PRD0160,1,21.4,21.4
HITM0008657,HORD002748,PRD0875,1,73.21,73.21
HITM0008658,HORD002749,PRD0993,2,750.11,1500.22
HITM0008659,HORD002749,PRD0220,1,187.94,187.94
HITM0008660,HORD002749,PRD0698,1,981.72,981.72
HITM0008661,HORD002750,PRD0150,1,302.63,302.63
HITM0008662,HORD002750,PRD0140,2,347.21,694.42
HITM0008663,HORD002750,PRD0947,1,934.61,934.61
HITM0008664,HORD002750,PRD0616,1,819.39,819.39
HITM0008665,HORD002751,PRD0611,2,1417.98,2835.96
HITM0008666,HORD002751,PRD0187,1,1511.07,1511.07
HITM0008667,HORD002751,PRD0426,1,726.65,726.65
HITM0008668,HORD002751,PRD0826,2,89.12,178.24
HITM0008669,HORD002752,PRD0170,1,275.39,275.39
HITM0008670,HORD002752,PRD0802,1,715.6,715.6
HITM0008671,HORD002753,PRD0656,1,300.51,300.51
HITM0008672,HORD002753,PRD0908,1,136.87,136.87
HITM0008673,HORD002753,PRD0617,1,2097.21,2097.21
HITM0008674,HORD002753,PRD0064,1,3952.78,3952.78
HITM0008675,HORD002754,PRD0586,1,751.47,751.47
HITM0008676,HORD002754,PRD0440,1,112.71,112.71
HITM0008677,HORD002754,PRD0006,1,35.37,35.37
HITM0008678,HORD002754,PRD0245,2,595.29,1190.58
HITM0008679,HORD002754,PRD0584,1,3190.99,3190.99
HITM0008680,HORD002755,PRD0750,1,262.52,262.52
HITM0008681,HORD002755,PRD0585,1,101.78,101.78
HITM0008682,HORD002755,PRD0500,1,162.81,162.81
HITM0008683,HORD002756,PRD0450,1,56.05,56.05
HITM0008684,HORD002756,PRD0895,1,567.08,567.08
HITM0008685,HORD002756,PRD0509,2,400.59,801.18
HITM0008686,HORD002756,PRD0290,1,53.02,53.02
HITM0008687,HORD002756,PRD0068,1,327.08,327.08
HITM0008688,HORD002757,PRD0352,1,393.98,393.98
HITM0008689,HORD002757,PRD0948,1,454.84,454.84
HITM0008690,HORD002758,PRD0544,1,650.3,650.3
HITM0008691,HORD002758,PRD0157,1,1264.96,1264.96
HITM0008692,HORD002758,PRD0694,1,1978.51,1978.51
HITM0008693,HORD002759,PRD0968,1,861.46,861.46
HITM0008694,HORD002759,PRD0366,1,428.57,428.57
HITM0008695,HORD002759,PRD0313,2,1045.09,2090.18
HITM0008696,HORD002759,PRD0669,1,387.51,387.51
HITM0008697,HORD002760,PRD0065,1,446.02,446.02
HITM0008698,HORD002760,PRD0511,1,1297.34,1297.34
HITM0008699,HORD002760,PRD0070,1,396.61,396.61
HITM0008700,HORD002760,PRD0799,1,114.07,114.07
HITM0008701,HORD002761,PRD0074,1,3394.49,3394.49
HITM0008702,HORD002761,PRD0764,2,472.57,945.14
HITM0008703,HORD002762,PRD0004,2,3297.7,6595.4
HITM0008704,HORD002762,PRD0937,1,435.56,435.56
HITM0008705,HORD002762,PRD0689,1,277.28,277.28
HITM0008706,HORD002762,PRD0884,1,2408.23,2408.23
HITM0008707,HORD002763,PRD0982,3,1474.96,4424.88
HITM0008708,HORD002763,PRD0081,1,1855.65,1855.65
HITM0008709,HORD002764,PRD0791,1,2467.42,2467.42
HITM0008710,HORD002764,PRD0589,3,824.97,2474.91
HITM0008711,HORD002764,PRD0297,1,902.79,902.79
HITM0008712,HORD002765,PRD0074,2,3394.49,6788.98
HITM0008713,HORD002765,PRD0796,1,46.19,46.19
HITM0008714,HORD002765,PRD0540,1,301.77,301.77
HITM0008715,HORD002766,PRD0658,2,665.45,1330.9
HITM0008716,HORD002766,PRD0139,3,1069.24,3207.72
HITM0008717,HORD002766,PRD0266,2,186.6,373.2
HITM0008718,HORD002766,PRD0357,1,1006.85,1006.85
HITM0008719,HORD002766,PRD0104,3,3475.57,10426.71
HITM0008720,HORD002767,PRD0402,2,782.5,1565.0
HITM0008721,HORD002767,PRD0518,1,127.55,127.55
HITM0008722,HORD002767,PRD0360,1,326.09,326.09
HITM0008723,HORD002767,PRD0470,2,133.45,266.9
HITM0008724,HORD002768,PRD0441,1,2803.03,2803.03
HITM0008725,HORD002768,PRD0680,1,103.14,103.14
HITM0008726,HORD002768,PRD0262,1,893.46,893.46
HITM0008727,HORD002768,PRD0602,1,1660.35,1660.35
HITM0008728,HORD002769,PRD0842,1,1294.03,1294.03
HITM0008729,HORD002770,PRD0207,1,1636.46,1636.46
HITM0008730,HORD002770,PRD0292,1,643.6,643.6
HITM0008731,HORD002770,PRD0028,1,160.23,160.23
HITM0008732,HORD002771,PRD0125,1,108.47,108.47
HITM0008733,HORD002771,PRD0806,2,499.24,998.48
HITM0008734,HORD002771,PRD0710,1,161.67,161.67
HITM0008735,HORD002771,PRD0900,2,369.61,739.22
HITM0008736,HORD002772,PRD0122,1,1579.58,1579.58
HITM0008737,HORD002772,PRD0344,1,2946.2,2946.2
HITM0008738,HORD002772,PRD0536,2,53.59,107.18
HITM0008739,HORD002773,PRD0975,3,723.09,2169.27
HITM0008740,HORD002773,PRD0209,1,327.08,327.08
HITM0008741,HORD002773,PRD0026,1,122.12,122.12
HITM0008742,HORD002773,PRD0425,1,845.25,845.25
HITM0008743,HORD002774,PRD0091,1,1158.82,1158.82
HITM0008744,HORD002774,PRD0448,2,1005.39,2010.78
HITM0008745,HORD002774,PRD0227,1,922.85,922.85
HITM0008746,HORD002774,PRD0253,1,1322.89,1322.89
HITM0008747,HORD002774,PRD0080,1,122.76,122.76
HITM0008748,HORD002775,PRD0966,1,706.39,706.39
HITM0008749,HORD002775,PRD0340,1,42.57,42.57
HITM0008750,HORD002775,PRD0120,1,266.59,266.59
HITM0008751,HORD002775,PRD0690,1,296.31,296.31
HITM0008752,HORD002776,PRD0602,1,1660.35,1660.35
HITM0008753,HORD002776,PRD0133,1,334.91,334.91
HITM0008754,HORD002776,PRD0427,1,2246.52,2246.52
HITM0008755,HORD002777,PRD0257,1,1854.63,1854.63
HITM0008756,HORD002777,PRD0548,1,448.84,448.84
HITM0008757,HORD002777,PRD0889,1,518.76,518.76
HITM0008758,HORD002778,PRD0044,1,649.62,649.62
HITM0008759,HORD002778,PRD0605,1,964.1,964.1
HITM0008760,HORD002779,PRD0788,2,1009.9,2019.8
HITM0008761,HORD002779,PRD0319,1,1438.71,1438.71
HITM0008762,HORD002779,PRD0701,1,2281.85,2281.85
HITM0008763,HORD002780,PRD0845,2,45.19,90.38
HITM0008764,HORD002780,PRD0123,1,1257.07,1257.07
HITM0008765,HORD002780,PRD0039,2,735.79,1471.58
HITM0008766,HORD002781,PRD0742,1,1054.62,1054.62
HITM0008767,HORD002781,PRD0473,3,370.27,1110.81
HITM0008768,HORD002781,PRD0760,1,187.91,187.91
HITM0008769,HORD002781,PRD0897,1,351.24,351.24
HITM0008770,HORD002782,PRD0989,1,535.6,535.6
HITM0008771,HORD002782,PRD0155,1,673.32,673.32
HITM0008772,HORD002782,PRD0660,1,89.27,89.27
HITM0008773,HORD002783,PRD0470,1,133.45,133.45
HITM0008774,HORD002783,PRD0786,1,326.86,326.86
HITM0008775,HORD002783,PRD0174,1,733.71,733.71
HITM0008776,HORD002784,PRD0100,1,328.27,328.27
HITM0008777,HORD002784,PRD0703,2,716.42,1432.84
HITM0008778,HORD002784,PRD0097,1,458.08,458.08
HITM0008779,HORD002784,PRD0743,1,939.8,939.8
HITM0008780,HORD002785,PRD0833,1,1417.93,1417.93
HITM0008781,HORD002785,PRD0706,1,377.51,377.51
HITM0008782,HORD002785,PRD0343,2,1288.78,2577.56
HITM0008783,HORD002785,PRD0352,2,393.98,787.96
HITM0008784,HORD002785,PRD0954,1,551.46,551.46
HITM0008785,HORD002786,PRD0819,1,269.55,269.55
HITM0008786,HORD002786,PRD0619,1,238.4,238.4
HITM0008787,HORD002786,PRD0740,1,150.48,150.48
HITM0008788,HORD002786,PRD0127,1,1131.95,1131.95
HITM0008789,HORD002787,PRD0783,2,1427.48,2854.96
HITM0008790,HORD002787,PRD0676,1,117.14,117.14
HITM0008791,HORD002788,PRD0224,2,2004.5,4009.0
HITM0008792,HORD002788,PRD0450,1,56.05,56.05
HITM0008793,HORD002788,PRD0800,2,168.54,337.08
HITM0008794,HORD002788,PRD0834,1,2762.83,2762.83
HITM0008795,HORD002789,PRD0250,1,329.47,329.47
HITM0008796,HORD002789,PRD0169,1,445.45,445.45
HITM0008797,HORD002789,PRD0080,1,122.76,122.76
HITM0008798,HORD002789,PRD0532,2,386.41,772.82
HITM0008799,HORD002790,PRD0173,1,270.07,270.07
HITM0008800,HORD002790,PRD0438,1,104.09,104.09
HITM0008801,HORD002790,PRD0058,1,913.94,913.94
HITM0008802,HORD002791,PRD0206,1,190.8,190.8
HITM0008803,HORD002791,PRD0556,1,546.84,546.84
HITM0008804,HORD002792,PRD0376,1,811.77,811.77
HITM0008805,HORD002792,PRD0953,1,968.69,968.69
HITM0008806,HORD002792,PRD0655,2,424.11,848.22
HITM0008807,HORD002792,PRD0897,1,351.24,351.24
HITM0008808,HORD002792,PRD0275,1,394.33,394.33
HITM0008809,HORD002793,PRD0478,1,917.54,917.54
HITM0008810,HORD002793,PRD0417,1,1221.03,1221.03
HITM0008811,HORD002793,PRD0929,1,131.55,131.55
HITM0008812,HORD002793,PRD0594,1,3438.81,3438.81
HITM0008813,HORD002793,PRD0759,1,655.9,655.9
HITM0008814,HORD002794,PRD0493,1,1431.18,1431.18
HITM0008815,HORD002794,PRD0340,2,42.57,85.14
HITM0008816,HORD002795,PRD0049,1,598.46,598.46
HITM0008817,HORD002795,PRD0396,1,485.87,485.87
HITM0008818,HORD002795,PRD0208,1,940.02,940.02
HITM0008819,HORD002796,PRD0625,1,122.46,122.46
HITM0008820,HORD002796,PRD0468,2,388.69,777.38
HITM0008821,HORD002796,PRD0940,1,227.03,227.03
HITM0008822,HORD002796,PRD0290,1,53.02,53.02
HITM0008823,HORD002796,PRD0407,1,1986.3,1986.3
HITM0008824,HORD002797,PRD0431,2,2880.93,5761.86
HITM0008825,HORD002797,PRD0925,2,56.69,113.38
HITM0008826,HORD002797,PRD0467,1,590.42,590.42
HITM0008827,HORD002797,PRD0192,1,687.57,687.57
HITM0008828,HORD002798,PRD0349,2,469.34,938.68
HITM0008829,HORD002798,PRD0016,1,346.08,346.08
HITM0008830,HORD002798,PRD0602,1,1660.35,1660.35
HITM0008831,HORD002799,PRD0765,1,724.29,724.29
HITM0008832,HORD002799,PRD0438,1,104.09,104.09
HITM0008833,HORD002799,PRD0300,1,243.64,243.64
HITM0008834,HORD002800,PRD0515,1,1179.28,1179.28
HITM0008835,HORD002800,PRD0464,1,2149.57,2149.57
HITM0008836,HORD002800,PRD0560,1,258.29,258.29
HITM0008837,HORD002801,PRD0040,1,201.64,201.64
HITM0008838,HORD002801,PRD0078,1,451.23,451.23
HITM0008839,HORD002801,PRD0374,1,759.14,759.14
HITM0008840,HORD002802,PRD0076,1,232.75,232.75
HITM0008841,HORD002802,PRD0089,1,561.13,561.13
HITM0008842,HORD002802,PRD0762,1,848.37,848.37
HITM0008843,HORD002802,PRD0864,1,631.67,631.67
HITM0008844,HORD002803,PRD0926,1,455.41,455.41
HITM0008845,HORD002803,PRD0625,1,122.46,122.46
HITM0008846,HORD002803,PRD0548,1,448.84,448.84
HITM0008847,HORD002803,PRD0880,1,132.59,132.59
HITM0008848,HORD002804,PRD0809,1,1365.76,1365.76
HITM0008849,HORD002805,PRD0881,1,1385.81,1385.81
HITM0008850,HORD002805,PRD0318,1,971.41,971.41
HITM0008851,HORD002806,PRD0708,2,1093.2,2186.4
HITM0008852,HORD002806,PRD0746,1,187.06,187.06
HITM0008853,HORD002807,PRD0338,3,602.72,1808.16
HITM0008854,HORD002807,PRD0574,1,1085.51,1085.51
HITM0008855,HORD002807,PRD0661,1,1942.53,1942.53
HITM0008856,HORD002807,PRD0080,1,122.76,122.76
HITM0008857,HORD002807,PRD0076,2,232.75,465.5
HITM0008858,HORD002808,PRD0010,1,39.45,39.45
HITM0008859,HORD002808,PRD0927,1,138.39,138.39
HITM0008860,HORD002808,PRD0513,1,453.22,453.22
HITM0008861,HORD002809,PRD0216,1,241.98,241.98
HITM0008862,HORD002809,PRD0803,2,671.68,1343.36
HITM0008863,HORD002810,PRD0632,1,1640.52,1640.52
HITM0008864,HORD002811,PRD0131,1,2191.15,2191.15
HITM0008865,HORD002811,PRD0322,3,1216.91,3650.73
HITM0008866,HORD002811,PRD0432,1,1637.76,1637.76
HITM0008867,HORD002812,PRD0890,1,176.95,176.95
HITM0008868,HORD002812,PRD0771,2,1690.63,3381.26
HITM0008869,HORD002812,PRD0650,3,297.34,892.02
HITM0008870,HORD002812,PRD0040,1,201.64,201.64
HITM0008871,HORD002812,PRD0315,1,58.99,58.99
HITM0008872,HORD002813,PRD0213,1,1247.62,1247.62
HITM0008873,HORD002813,PRD0290,3,53.02,159.06
HITM0008874,HORD002814,PRD0994,1,2732.71,2732.71
HITM0008875,HORD002814,PRD0548,2,448.84,897.68
HITM0008876,HORD002814,PRD0167,1,1477.35,1477.35
HITM0008877,HORD002814,PRD0794,1,4029.39,4029.39
HITM0008878,HORD002814,PRD0225,1,1003.93,1003.93
HITM0008879,HORD002815,PRD0621,1,1360.63,1360.63
HITM0008880,HORD002815,PRD0302,1,462.63,462.63
HITM0008881,HORD002815,PRD0789,1,928.44,928.44
HITM0008882,HORD002816,PRD0570,1,179.75,179.75
HITM0008883,HORD002816,PRD0995,1,258.22,258.22
HITM0008884,HORD002816,PRD0876,1,146.18,146.18
HITM0008885,HORD002816,PRD0716,2,120.76,241.52
HITM0008886,HORD002817,PRD0356,1,246.85,246.85
HITM0008887,HORD002817,PRD0921,1,3109.79,3109.79
HITM0008888,HORD002817,PRD0002,1,1052.85,1052.85
HITM0008889,HORD002817,PRD0443,1,1233.37,1233.37
HITM0008890,HORD002818,PRD0135,2,715.95,1431.9
HITM0008891,HORD002818,PRD0252,2,879.59,1759.18
HITM0008892,HORD002818,PRD0660,1,89.27,89.27
HITM0008893,HORD002818,PRD0615,1,992.86,992.86
HITM0008894,HORD002819,PRD0325,3,607.53,1822.59
HITM0008895,HORD002819,PRD0218,3,409.55,1228.65
HITM0008896,HORD002820,PRD0568,2,299.47,598.94
HITM0008897,HORD002820,PRD0920,1,123.07,123.07
HITM0008898,HORD002820,PRD0260,1,86.88,86.88
HITM0008899,HORD002821,PRD0824,1,1647.74,1647.74
HITM0008900,HORD002821,PRD0457,1,1285.45,1285.45
HITM0008901,HORD002821,PRD0290,1,53.02,53.02
HITM0008902,HORD002822,PRD0732,1,1068.78,1068.78
HITM0008903,HORD002822,PRD0272,2,839.78,1679.56
HITM0008904,HORD002822,PRD0672,1,629.2,629.2
HITM0008905,HORD002822,PRD0699,1,1102.07,1102.07
HITM0008906,HORD002823,PRD0178,1,176.94,176.94
HITM0008907,HORD002823,PRD1000,1,45.04,45.04
HITM0008908,HORD002823,PRD0020,2,148.97,297.94
HITM0008909,HORD002824,PRD0060,1,207.18,207.18
HITM0008910,HORD002824,PRD0968,2,861.46,1722.92
HITM0008911,HORD002825,PRD0741,1,1637.14,1637.14
HITM0008912,HORD002825,PRD0255,1,426.01,426.01
HITM0008913,HORD002825,PRD0218,2,409.55,819.1
HITM0008914,HORD002826,PRD0490,1,63.94,63.94
HITM0008915,HORD002827,PRD0589,1,824.97,824.97
HITM0008916,HORD002827,PRD0113,2,756.1,1512.2
HITM0008917,HORD002827,PRD0698,1,981.72,981.72
HITM0008918,HORD002828,PRD0890,1,176.95,176.95
HITM0008919,HORD002828,PRD0757,1,915.35,915.35
HITM0008920,HORD002828,PRD0037,1,873.28,873.28
HITM0008921,HORD002828,PRD0889,3,518.76,1556.28
HITM0008922,HORD002829,PRD0175,1,340.25,340.25
HITM0008923,HORD002829,PRD0103,1,1002.58,1002.58
HITM0008924,HORD002829,PRD0289,1,1205.3,1205.3
HITM0008925,HORD002829,PRD0790,1,55.39,55.39
HITM0008926,HORD002830,PRD0405,1,1063.36,1063.36
HITM0008927,HORD002830,PRD0629,1,402.79,402.79
HITM0008928,HORD002830,PRD0866,1,369.1,369.1
HITM0008929,HORD002831,PRD0605,1,964.1,964.1
HITM0008930,HORD002831,PRD0300,1,243.64,243.64
HITM0008931,HORD002831,PRD0269,1,473.87,473.87
HITM0008932,HORD002831,PRD0588,2,544.11,1088.22
HITM0008933,HORD002832,PRD0669,2,387.51,775.02
HITM0008934,HORD002832,PRD0923,2,1561.37,3122.74
HITM0008935,HORD002832,PRD0189,1,634.68,634.68
HITM0008936,HORD002832,PRD0058,3,913.94,2741.82
HITM0008937,HORD002833,PRD0846,1,417.95,417.95
HITM0008938,HORD002833,PRD0733,2,1110.2,2220.4
HITM0008939,HORD002833,PRD0351,1,2529.0,2529.0
HITM0008940,HORD002834,PRD0293,1,644.4,644.4
HITM0008941,HORD002835,PRD0050,2,289.02,578.04
HITM0008942,HORD002835,PRD0044,1,649.62,649.62
HITM0008943,HORD002835,PRD0495,3,692.95,2078.85
HITM0008944,HORD002835,PRD0884,1,2408.23,2408.23
HITM0008945,HORD002836,PRD0603,2,1120.48,2240.96
HITM0008946,HORD002836,PRD0266,1,186.6,186.6
HITM0008947,HORD002836,PRD0210,1,371.54,371.54
HITM0008948,HORD002837,PRD0168,1,451.79,451.79
HITM0008949,HORD002837,PRD0346,1,519.06,519.06
HITM0008950,HORD002837,PRD0214,1,1445.79,1445.79
HITM0008951,HORD002837,PRD0532,2,386.41,772.82
HITM0008952,HORD002838,PRD0220,1,187.94,187.94
HITM0008953,HORD002838,PRD0699,1,1102.07,1102.07
HITM0008954,HORD002838,PRD0516,1,742.63,742.63
HITM0008955,HORD002839,PRD0130,1,183.26,183.26
HITM0008956,HORD002839,PRD0443,1,1233.37,1233.37
HITM0008957,HORD002839,PRD0783,1,1427.48,1427.48
HITM0008958,HORD002839,PRD0480,2,168.51,337.02
HITM0008959,HORD002840,PRD0820,1,31.29,31.29
HITM0008960,HORD002841,PRD0964,1,887.89,887.89
HITM0008961,HORD002841,PRD0788,1,1009.9,1009.9
HITM0008962,HORD002841,PRD0972,1,1027.59,1027.59
HITM0008963,HORD002841,PRD0895,1,567.08,567.08
HITM0008964,HORD002842,PRD0100,1,328.27,328.27
HITM0008965,HORD002842,PRD0437,1,892.67,892.67
HITM0008966,HORD002842,PRD0800,2,168.54,337.08
HITM0008967,HORD002842,PRD0096,2,291.41,582.82
HITM0008968,HORD002843,PRD0854,1,651.27,651.27
HITM0008969,HORD002843,PRD0866,1,369.1,369.1
HITM0008970,HORD002844,PRD0888,2,734.2,1468.4
HITM0008971,HORD002844,PRD0123,1,1257.07,1257.07
HITM0008972,HORD002844,PRD0370,1,233.44,233.44
HITM0008973,HORD002845,PRD0908,1,136.87,136.87
HITM0008974,HORD002846,PRD0240,1,116.74,116.74
HITM0008975,HORD002846,PRD0020,1,148.97,148.97
HITM0008976,HORD002846,PRD0836,1,610.89,610.89
HITM0008977,HORD002846,PRD0207,1,1636.46,1636.46
HITM0008978,HORD002847,PRD0534,1,458.42,458.42
HITM0008979,HORD002847,PRD0090,2,136.64,273.28
HITM0008980,HORD002848,PRD0027,2,116.57,233.14
HITM0008981,HORD002848,PRD0646,1,609.53,609.53
HITM0008982,HORD002848,PRD0625,1,122.46,122.46
HITM0008983,HORD002849,PRD0377,1,1501.75,1501.75
HITM0008984,HORD002849,PRD0991,2,2498.97,4997.94
HITM0008985,HORD002850,PRD0825,1,841.2,841.2
HITM0008986,HORD002850,PRD0021,2,1350.17,2700.34
HITM0008987,HORD002850,PRD0374,1,759.14,759.14
HITM0008988,HORD002851,PRD0998,1,366.72,366.72
HITM0008989,HORD002851,PRD0041,1,3019.84,3019.84
HITM0008990,HORD002851,PRD0237,1,983.57,983.57
HITM0008991,HORD002851,PRD0665,1,191.97,191.97
HITM0008992,HORD002852,PRD0455,3,243.16,729.48
HITM0008993,HORD002852,PRD0726,3,256.01,768.03
HITM0008994,HORD002852,PRD0782,1,492.79,492.79
HITM0008995,HORD002852,PRD0088,1,141.39,141.39
HITM0008996,HORD002853,PRD0524,1,782.83,782.83
HITM0008997,HORD002853,PRD0780,1,308.34,308.34
HITM0008998,HORD002853,PRD0529,2,1028.26,2056.52
HITM0008999,HORD002853,PRD0876,2,146.18,292.36
HITM0009000,HORD002854,PRD0192,1,687.57,687.57
HITM0009001,HORD002854,PRD0772,1,661.34,661.34
HITM0009002,HORD002855,PRD0826,1,89.12,89.12
HITM0009003,HORD002855,PRD0888,1,734.2,734.2
HITM0009004,HORD002855,PRD0118,1,156.33,156.33
HITM0009005,HORD002856,PRD0120,1,266.59,266.59
HITM0009006,HORD002856,PRD0263,1,618.52,618.52
HITM0009007,HORD002856,PRD0462,1,1180.47,1180.47
HITM0009008,HORD002857,PRD0088,1,141.39,141.39
HITM0009009,HORD002857,PRD0875,1,73.21,73.21
HITM0009010,HORD002857,PRD0362,1,1598.01,1598.01
HITM0009011,HORD002857,PRD0692,1,1665.58,1665.58
HITM0009012,HORD002857,PRD0880,1,132.59,132.59
HITM0009013,HORD002858,PRD0748,1,789.67,789.67
HITM0009014,HORD002858,PRD0466,2,460.08,920.16
HITM0009015,HORD002859,PRD0297,1,902.79,902.79
HITM0009016,HORD002859,PRD0797,1,936.62,936.62
HITM0009017,HORD002859,PRD0598,2,522.01,1044.02
HITM0009018,HORD002860,PRD0460,1,289.71,289.71
HITM0009019,HORD002860,PRD0989,1,535.6,535.6
HITM0009020,HORD002860,PRD0160,1,21.4,21.4
HITM0009021,HORD002860,PRD0969,1,99.89,99.89
HITM0009022,HORD002861,PRD0672,1,629.2,629.2
HITM0009023,HORD002861,PRD0755,2,229.0,458.0
HITM0009024,HORD002862,PRD0945,1,693.93,693.93
HITM0009025,HORD002862,PRD0551,1,2253.02,2253.02
HITM0009026,HORD002862,PRD0409,1,165.4,165.4
HITM0009027,HORD002862,PRD0152,3,1406.47,4219.41
HITM0009028,HORD002863,PRD0882,1,989.33,989.33
HITM0009029,HORD002863,PRD0035,1,1129.26,1129.26
HITM0009030,HORD002863,PRD0630,1,270.86,270.86
HITM0009031,HORD002863,PRD0552,1,470.47,470.47
HITM0009032,HORD002864,PRD0680,1,103.14,103.14
HITM0009033,HORD002864,PRD0872,1,588.52,588.52
HITM0009034,HORD002865,PRD0313,1,1045.09,1045.09
HITM0009035,HORD002865,PRD0858,2,363.41,726.82
HITM0009036,HORD002865,PRD0284,1,1446.14,1446.14
HITM0009037,HORD002865,PRD0160,1,21.4,21.4
HITM0009038,HORD002866,PRD0960,1,321.52,321.52
HITM0009039,HORD002866,PRD0454,1,1438.89,1438.89
HITM0009040,HORD002866,PRD0008,1,205.21,205.21
HITM0009041,HORD002866,PRD0499,1,779.63,779.63
HITM0009042,HORD002867,PRD0086,1,92.8,92.8
HITM0009043,HORD002867,PRD0686,1,208.32,208.32
HITM0009044,HORD002867,PRD0580,1,218.53,218.53
HITM0009045,HORD002868,PRD0233,1,1412.0,1412.0
HITM0009046,HORD002868,PRD0933,2,1243.12,2486.24
HITM0009047,HORD002868,PRD0138,1,99.85,99.85
HITM0009048,HORD002869,PRD0699,1,1102.07,1102.07
HITM0009049,HORD002869,PRD0386,1,567.42,567.42
HITM0009050,HORD002870,PRD0123,1,1257.07,1257.07
HITM0009051,HORD002870,PRD0258,1,816.42,816.42
HITM0009052,HORD002871,PRD0809,1,1365.76,1365.76
HITM0009053,HORD002871,PRD0185,1,325.14,325.14
HITM0009054,HORD002871,PRD0817,1,1184.03,1184.03
HITM0009055,HORD002872,PRD0666,1,688.32,688.32
HITM0009056,HORD002872,PRD0052,1,1497.13,1497.13
HITM0009057,HORD002872,PRD0796,1,46.19,46.19
HITM0009058,HORD002873,PRD0691,1,2519.24,2519.24
HITM0009059,HORD002873,PRD0948,1,454.84,454.84
HITM0009060,HORD002873,PRD0932,2,326.42,652.84
HITM0009061,HORD002873,PRD0383,1,1183.76,1183.76
HITM0009062,HORD002874,PRD0768,1,73.54,73.54
HITM0009063,HORD002874,PRD0723,1,867.11,867.11
HITM0009064,HORD002874,PRD0413,1,486.14,486.14
HITM0009065,HORD002874,PRD0764,3,472.57,1417.71
HITM0009066,HORD002875,PRD0522,1,1270.84,1270.84
HITM0009067,HORD002875,PRD0846,1,417.95,417.95
HITM0009068,HORD002876,PRD0838,1,955.16,955.16
HITM0009069,HORD002876,PRD0105,1,385.04,385.04
HITM0009070,HORD002877,PRD0720,1,416.7,416.7
HITM0009071,HORD002877,PRD0263,1,618.52,618.52
HITM0009072,HORD002878,PRD0161,2,2870.46,5740.92
HITM0009073,HORD002878,PRD0018,1,921.55,921.55
HITM0009074,HORD002878,PRD0299,1,150.48,150.48
HITM0009075,HORD002878,PRD0520,1,188.8,188.8
HITM0009076,HORD002879,PRD0694,1,1978.51,1978.51
HITM0009077,HORD002879,PRD0959,1,182.03,182.03
HITM0009078,HORD002879,PRD0724,1,2896.31,2896.31
HITM0009079,HORD002879,PRD0418,1,860.3,860.3
HITM0009080,HORD002880,PRD0325,2,607.53,1215.06
HITM0009081,HORD002881,PRD0838,1,955.16,955.16
HITM0009082,HORD002881,PRD0089,3,561.13,1683.39
HITM0009083,HORD002881,PRD0196,1,373.5,373.5
HITM0009084,HORD002882,PRD0948,1,454.84,454.84
HITM0009085,HORD002882,PRD0190,1,34.34,34.34
HITM0009086,HORD002882,PRD0820,1,31.29,31.29
HITM0009087,HORD002882,PRD0816,1,377.97,377.97
HITM0009088,HORD002882,PRD0066,1,545.23,545.23
HITM0009089,HORD002883,PRD0877,1,1849.07,1849.07
HITM0009090,HORD002883,PRD0835,2,240.61,481.22
HITM0009091,HORD002884,PRD0988,2,721.76,1443.52
HITM0009092,HORD002884,PRD0523,2,1405.5,2811.0
HITM0009093,HORD002884,PRD0749,1,1242.7,1242.7
HITM0009094,HORD002884,PRD0205,2,696.35,1392.7
HITM0009095,HORD002884,PRD0925,1,56.69,56.69
HITM0009096,HORD002885,PRD0526,2,44.24,88.48
HITM0009097,HORD002886,PRD0099,2,892.92,1785.84
HITM0009098,HORD002886,PRD0902,1,565.32,565.32
HITM0009099,HORD002886,PRD0666,1,688.32,688.32
HITM0009100,HORD002887,PRD0707,2,1217.98,2435.96
HITM0009101,HORD002887,PRD0482,2,1837.21,3674.42
HITM0009102,HORD002887,PRD0660,1,89.27,89.27
HITM0009103,HORD002887,PRD0918,1,911.04,911.04
HITM0009104,HORD002888,PRD0269,1,473.87,473.87
HITM0009105,HORD002888,PRD0544,1,650.3,650.3
HITM0009106,HORD002888,PRD0344,1,2946.2,2946.2
HITM0009107,HORD002888,PRD0103,2,1002.58,2005.16
HITM0009108,HORD002889,PRD0809,2,1365.76,2731.52
HITM0009109,HORD002889,PRD0097,1,458.08,458.08
HITM0009110,HORD002889,PRD0665,1,191.97,191.97
HITM0009111,HORD002889,PRD0440,1,112.71,112.71
HITM0009112,HORD002890,PRD0121,1,3030.38,3030.38
HITM0009113,HORD002890,PRD0282,1,1092.79,1092.79
HITM0009114,HORD002890,PRD0630,1,270.86,270.86
HITM0009115,HORD002890,PRD0711,1,1902.91,1902.91
HITM0009116,HORD002890,PRD0100,1,328.27,328.27
HITM0009117,HORD002891,PRD0190,1,34.34,34.34
HITM0009118,HORD002891,PRD0158,2,224.45,448.9
HITM0009119,HORD002891,PRD0274,1,416.56,416.56
HITM0009120,HORD002891,PRD0969,1,99.89,99.89
HITM0009121,HORD002891,PRD0849,3,115.9,347.7
HITM0009122,HORD002892,PRD0405,1,1063.36,1063.36
HITM0009123,HORD002892,PRD0438,1,104.09,104.09
HITM0009124,HORD002893,PRD0770,1,410.85,410.85
HITM0009125,HORD002893,PRD0586,3,751.47,2254.41
HITM0009126,HORD002893,PRD0845,2,45.19,90.38
HITM0009127,HORD002894,PRD0463,1,564.14,564.14
HITM0009128,HORD002894,PRD0287,1,2154.08,2154.08
HITM0009129,HORD002894,PRD0642,1,1152.43,1152.43
HITM0009130,HORD002894,PRD0639,1,1114.83,1114.83
HITM0009131,HORD002895,PRD0299,1,150.48,150.48
HITM0009132,HORD002895,PRD0480,1,168.51,168.51
HITM0009133,HORD002896,PRD0737,1,2577.23,2577.23
HITM0009134,HORD002897,PRD0711,2,1902.91,3805.82
HITM0009135,HORD002897,PRD0824,1,1647.74,1647.74
HITM0009136,HORD002898,PRD0820,1,31.29,31.29
HITM0009137,HORD002898,PRD0588,1,544.11,544.11
HITM0009138,HORD002898,PRD0760,2,187.91,375.82
HITM0009139,HORD002898,PRD0792,2,1480.93,2961.86
HITM0009140,HORD002898,PRD0641,1,2668.96,2668.96
HITM0009141,HORD002899,PRD0063,1,1221.39,1221.39
HITM0009142,HORD002899,PRD0555,1,955.38,955.38
HITM0009143,HORD002900,PRD0949,1,589.87,589.87
HITM0009144,HORD002900,PRD0362,1,1598.01,1598.01
HITM0009145,HORD002900,PRD0970,1,107.81,107.81
HITM0009146,HORD002901,PRD0838,1,955.16,955.16
HITM0009147,HORD002901,PRD0214,1,1445.79,1445.79
HITM0009148,HORD002901,PRD0469,1,274.61,274.61
HITM0009149,HORD002902,PRD0945,1,693.93,693.93
HITM0009150,HORD002902,PRD0485,1,939.87,939.87
HITM0009151,HORD002903,PRD0881,2,1385.81,2771.62
HITM0009152,HORD002903,PRD0288,1,151.78,151.78
HITM0009153,HORD002903,PRD0436,2,112.2,224.4
HITM0009154,HORD002904,PRD0559,1,109.7,109.7
HITM0009155,HORD002904,PRD0425,1,845.25,845.25
HITM0009156,HORD002904,PRD0998,1,366.72,366.72
HITM0009157,HORD002905,PRD0532,1,386.41,386.41
HITM0009158,HORD002906,PRD0658,1,665.45,665.45
HITM0009159,HORD002906,PRD0958,3,733.5,2200.5
HITM0009160,HORD002906,PRD0522,2,1270.84,2541.68
HITM0009161,HORD002906,PRD0753,3,372.43,1117.29
HITM0009162,HORD002906,PRD0957,2,1668.98,3337.96
HITM0009163,HORD002907,PRD0786,1,326.86,326.86
HITM0009164,HORD002907,PRD0624,1,2196.66,2196.66
HITM0009165,HORD002908,PRD0498,1,309.85,309.85
HITM0009166,HORD002908,PRD0494,2,2689.23,5378.46
HITM0009167,HORD002908,PRD0662,1,477.61,477.61
HITM0009168,HORD002908,PRD0979,1,1067.2,1067.2
HITM0009169,HORD002909,PRD0034,1,3278.22,3278.22
HITM0009170,HORD002909,PRD0673,1,548.1,548.1
HITM0009171,HORD002909,PRD0125,1,108.47,108.47
HITM0009172,HORD002909,PRD0563,1,651.72,651.72
HITM0009173,HORD002909,PRD0205,1,696.35,696.35
HITM0009174,HORD002910,PRD0285,1,437.61,437.61
HITM0009175,HORD002910,PRD0079,1,1132.99,1132.99
HITM0009176,HORD002910,PRD0836,1,610.89,610.89
HITM0009177,HORD002911,PRD0720,2,416.7,833.4
HITM0009178,HORD002911,PRD0710,1,161.67,161.67
HITM0009179,HORD002911,PRD0888,1,734.2,734.2
HITM0009180,HORD002911,PRD0558,2,1004.64,2009.28
HITM0009181,HORD002912,PRD0507,1,135.21,135.21
HITM0009182,HORD002912,PRD0579,1,1123.35,1123.35
HITM0009183,HORD002912,PRD0270,1,218.48,218.48
HITM0009184,HORD002912,PRD0180,2,356.72,713.44
HITM0009185,HORD002913,PRD0386,1,567.42,567.42
HITM0009186,HORD002913,PRD0715,1,809.62,809.62
HITM0009187,HORD002913,PRD0499,1,779.63,779.63
HITM0009188,HORD002914,PRD0035,1,1129.26,1129.26
HITM0009189,HORD002914,PRD0455,2,243.16,486.32
HITM0009190,HORD002914,PRD0554,1,611.35,611.35
HITM0009191,HORD002915,PRD0466,2,460.08,920.16
HITM0009192,HORD002915,PRD0890,1,176.95,176.95
HITM0009193,HORD002915,PRD0990,1,373.88,373.88
HITM0009194,HORD002915,PRD0702,1,1785.7,1785.7
HITM0009195,HORD002915,PRD0485,2,939.87,1879.74
HITM0009196,HORD002916,PRD0540,1,301.77,301.77
HITM0009197,HORD002916,PRD0190,1,34.34,34.34
HITM0009198,HORD002916,PRD0485,1,939.87,939.87
HITM0009199,HORD002917,PRD0319,1,1438.71,1438.71
HITM0009200,HORD002917,PRD0074,1,3394.49,3394.49
HITM0009201,HORD002917,PRD0731,1,1036.98,1036.98
HITM0009202,HORD002918,PRD0730,1,388.14,388.14
HITM0009203,HORD002918,PRD0056,1,437.03,437.03
HITM0009204,HORD002919,PRD0736,1,171.3,171.3
HITM0009205,HORD002919,PRD0754,1,2370.32,2370.32
HITM0009206,HORD002919,PRD0667,1,2533.49,2533.49
HITM0009207,HORD002919,PRD0470,1,133.45,133.45
HITM0009208,HORD002919,PRD0597,1,2095.04,2095.04
HITM0009209,HORD002920,PRD0339,1,1448.64,1448.64
HITM0009210,HORD002920,PRD0831,1,1878.68,1878.68
HITM0009211,HORD002921,PRD0990,1,373.88,373.88
HITM0009212,HORD002921,PRD0479,2,660.2,1320.4
HITM0009213,HORD002922,PRD0417,1,1221.03,1221.03
HITM0009214,HORD002922,PRD0305,1,346.95,346.95
HITM0009215,HORD002922,PRD0699,1,1102.07,1102.07
HITM0009216,HORD002922,PRD0287,1,2154.08,2154.08
HITM0009217,HORD002922,PRD0910,2,28.09,56.18
HITM0009218,HORD002923,PRD0151,1,2468.6,2468.6
HITM0009219,HORD002923,PRD0143,2,490.94,981.88
HITM0009220,HORD002923,PRD0908,1,136.87,136.87
HITM0009221,HORD002924,PRD0718,1,543.69,543.69
HITM0009222,HORD002924,PRD0336,1,110.53,110.53
HITM0009223,HORD002925,PRD0449,1,792.41,792.41
HITM0009224,HORD002925,PRD0386,1,567.42,567.42
HITM0009225,HORD002925,PRD0567,1,1572.22,1572.22
HITM0009226,HORD002925,PRD0305,1,346.95,346.95
HITM0009227,HORD002926,PRD0192,1,687.57,687.57
HITM0009228,HORD002926,PRD0544,1,650.3,650.3
HITM0009229,HORD002926,PRD0310,1,161.31,161.31
HITM0009230,HORD002927,PRD0337,1,408.39,408.39
HITM0009231,HORD002927,PRD0618,1,208.79,208.79
HITM0009232,HORD002927,PRD0989,1,535.6,535.6
HITM0009233,HORD002927,PRD0610,1,167.07,167.07
HITM0009234,HORD002928,PRD0169,1,445.45,445.45
HITM0009235,HORD002928,PRD0137,1,125.48,125.48
HITM0009236,HORD002928,PRD0239,1,984.36,984.36
HITM0009237,HORD002928,PRD0640,1,23.59,23.59
HITM0009238,HORD002929,PRD0808,3,69.84,209.52
HITM0009239,HORD002929,PRD0753,1,372.43,372.43
HITM0009240,HORD002929,PRD0218,2,409.55,819.1
HITM0009241,HORD002930,PRD0415,3,191.7,575.1
HITM0009242,HORD002930,PRD0354,1,1734.06,1734.06
HITM0009243,HORD002930,PRD0663,3,1329.29,3987.87
HITM0009244,HORD002930,PRD0767,1,380.35,380.35
HITM0009245,HORD002931,PRD0252,1,879.59,879.59
HITM0009246,HORD002931,PRD0283,1,405.7,405.7
HITM0009247,HORD002931,PRD0695,1,908.69,908.69
HITM0009248,HORD002931,PRD0981,1,2778.15,2778.15
HITM0009249,HORD002932,PRD0608,1,313.58,313.58
HITM0009250,HORD002932,PRD0625,1,122.46,122.46
HITM0009251,HORD002932,PRD0006,1,35.37,35.37
HITM0009252,HORD002932,PRD0960,2,321.52,643.04
HITM0009253,HORD002932,PRD0085,1,655.93,655.93
HITM0009254,HORD002933,PRD0115,1,671.68,671.68
HITM0009255,HORD002933,PRD0696,2,119.65,239.3
HITM0009256,HORD002933,PRD0276,1,530.49,530.49
HITM0009257,HORD002933,PRD0610,1,167.07,167.07
HITM0009258,HORD002933,PRD0422,1,1820.9,1820.9
HITM0009259,HORD002934,PRD0872,1,588.52,588.52
HITM0009260,HORD002934,PRD0438,1,104.09,104.09
HITM0009261,HORD002934,PRD0086,3,92.8,278.4
HITM0009262,HORD002934,PRD0817,1,1184.03,1184.03
HITM0009263,HORD002935,PRD0072,1,982.29,982.29
HITM0009264,HORD002935,PRD0252,1,879.59,879.59
HITM0009265,HORD002935,PRD0552,1,470.47,470.47
HITM0009266,HORD002936,PRD0498,1,309.85,309.85
HITM0009267,HORD002936,PRD0325,1,607.53,607.53
HITM0009268,HORD002936,PRD0127,1,1131.95,1131.95
HITM0009269,HORD002936,PRD0141,1,2328.72,2328.72
HITM0009270,HORD002937,PRD0911,2,1191.91,2383.82
HITM0009271,HORD002937,PRD0348,1,857.27,857.27
HITM0009272,HORD002937,PRD0390,1,153.47,153.47
HITM0009273,HORD002938,PRD0816,1,377.97,377.97
HITM0009274,HORD002938,PRD0927,1,138.39,138.39
HITM0009275,HORD002938,PRD0693,1,1390.63,1390.63
HITM0009276,HORD002939,PRD0628,1,904.82,904.82
HITM0009277,HORD002939,PRD0179,1,1477.46,1477.46
HITM0009278,HORD002940,PRD0686,1,208.32,208.32
HITM0009279,HORD002940,PRD0191,1,1064.69,1064.69
HITM0009280,HORD002940,PRD0453,1,904.43,904.43
HITM0009281,HORD002940,PRD0888,2,734.2,1468.4
HITM0009282,HORD002941,PRD0267,2,2030.91,4061.82
HITM0009283,HORD002941,PRD0900,1,369.61,369.61
HITM0009284,HORD002941,PRD0777,1,2046.64,2046.64
HITM0009285,HORD002942,PRD0310,1,161.31,161.31
HITM0009286,HORD002942,PRD0007,1,1146.82,1146.82
HITM0009287,HORD002942,PRD0940,3,227.03,681.09
HITM0009288,HORD002942,PRD0505,1,1028.22,1028.22
HITM0009289,HORD002942,PRD0016,2,346.08,692.16
HITM0009290,HORD002943,PRD0406,2,184.6,369.2
HITM0009291,HORD002943,PRD0684,1,3458.02,3458.02
HITM0009292,HORD002943,PRD0140,1,347.21,347.21
HITM0009293,HORD002944,PRD0345,2,752.34,1504.68
HITM0009294,HORD002944,PRD0288,1,151.78,151.78
HITM0009295,HORD002944,PRD0690,1,296.31,296.31
HITM0009296,HORD002945,PRD0959,1,182.03,182.03
HITM0009297,HORD002946,PRD0029,1,418.31,418.31
HITM0009298,HORD002946,PRD0526,1,44.24,44.24
HITM0009299,HORD002946,PRD0345,1,752.34,752.34
HITM0009300,HORD002947,PRD0212,1,1587.64,1587.64
HITM0009301,HORD002947,PRD0935,1,617.88,617.88
HITM0009302,HORD002948,PRD0578,1,383.34,383.34
HITM0009303,HORD002948,PRD0563,1,651.72,651.72
HITM0009304,HORD002949,PRD0403,1,1295.0,1295.0
HITM0009305,HORD002950,PRD0670,1,137.8,137.8
HITM0009306,HORD002950,PRD0852,1,1779.82,1779.82
HITM0009307,HORD002950,PRD0598,1,522.01,522.01
HITM0009308,HORD002951,PRD0563,1,651.72,651.72
HITM0009309,HORD002951,PRD0692,2,1665.58,3331.16
HITM0009310,HORD002952,PRD0084,1,1248.72,1248.72
HITM0009311,HORD002952,PRD0758,1,543.13,543.13
HITM0009312,HORD002952,PRD0668,1,641.02,641.02
HITM0009313,HORD002953,PRD0174,1,733.71,733.71
HITM0009314,HORD002954,PRD0892,2,375.64,751.28
HITM0009315,HORD002954,PRD0840,1,102.1,102.1
HITM0009316,HORD002955,PRD0991,1,2498.97,2498.97
HITM0009317,HORD002955,PRD0381,1,2300.27,2300.27
HITM0009318,HORD002955,PRD0474,3,480.29,1440.87
HITM0009319,HORD002955,PRD0735,1,1149.06,1149.06
HITM0009320,HORD002956,PRD0689,2,277.28,554.56
HITM0009321,HORD002956,PRD0386,1,567.42,567.42
HITM0009322,HORD002956,PRD0929,2,131.55,263.1
HITM0009323,HORD002957,PRD0336,1,110.53,110.53
HITM0009324,HORD002957,PRD0811,2,3124.99,6249.98
HITM0009325,HORD002957,PRD0107,1,559.52,559.52
HITM0009326,HORD002957,PRD0620,1,339.14,339.14
HITM0009327,HORD002958,PRD0506,2,187.88,375.76
HITM0009328,HORD002959,PRD0286,1,666.41,666.41
HITM0009329,HORD002959,PRD0452,2,687.28,1374.56
HITM0009330,HORD002959,PRD0869,1,131.2,131.2
HITM0009331,HORD002960,PRD0174,2,733.71,1467.42
HITM0009332,HORD002960,PRD0184,1,869.57,869.57
HITM0009333,HORD002961,PRD0706,1,377.51,377.51
HITM0009334,HORD002961,PRD0982,1,1474.96,1474.96
HITM0009335,HORD002961,PRD0145,1,624.72,624.72
HITM0009336,HORD002962,PRD0155,1,673.32,673.32
HITM0009337,HORD002962,PRD0550,2,229.62,459.24
HITM0009338,HORD002962,PRD0991,1,2498.97,2498.97
HITM0009339,HORD002963,PRD0463,1,564.14,564.14
HITM0009340,HORD002963,PRD0238,2,1033.13,2066.26
HITM0009341,HORD002963,PRD0169,1,445.45,445.45
HITM0009342,HORD002964,PRD0306,2,422.96,845.92
HITM0009343,HORD002964,PRD0270,1,218.48,218.48
HITM0009344,HORD002965,PRD0237,2,983.57,1967.14
HITM0009345,HORD002966,PRD0899,1,1072.73,1072.73
HITM0009346,HORD002966,PRD0080,1,122.76,122.76
HITM0009347,HORD002966,PRD0820,2,31.29,62.58
HITM0009348,HORD002967,PRD0146,1,212.69,212.69
HITM0009349,HORD002968,PRD0921,1,3109.79,3109.79
HITM0009350,HORD002968,PRD0169,1,445.45,445.45
HITM0009351,HORD002968,PRD0277,1,1516.37,1516.37
HITM0009352,HORD002968,PRD0812,1,1404.46,1404.46
HITM0009353,HORD002968,PRD0648,3,389.72,1169.16
HITM0009354,HORD002969,PRD0454,2,1438.89,2877.78
HITM0009355,HORD002969,PRD0617,1,2097.21,2097.21
HITM0009356,HORD002970,PRD0073,1,1497.77,1497.77
HITM0009357,HORD002970,PRD0363,1,489.25,489.25
HITM0009358,HORD002970,PRD0926,1,455.41,455.41
HITM0009359,HORD002971,PRD0809,1,1365.76,1365.76
HITM0009360,HORD002971,PRD0165,1,203.41,203.41
HITM0009361,HORD002971,PRD0031,1,1504.32,1504.32
HITM0009362,HORD002971,PRD0398,1,341.64,341.64
HITM0009363,HORD002972,PRD0748,1,789.67,789.67
HITM0009364,HORD002972,PRD0196,1,373.5,373.5
HITM0009365,HORD002972,PRD0069,1,398.01,398.01
HITM0009366,HORD002972,PRD0058,1,913.94,913.94
HITM0009367,HORD002973,PRD0985,1,77.36,77.36
HITM0009368,HORD002973,PRD0294,1,1563.92,1563.92
HITM0009369,HORD002973,PRD0943,1,578.85,578.85
HITM0009370,HORD002974,PRD0934,1,524.96,524.96
HITM0009371,HORD002974,PRD0804,1,3159.06,3159.06
HITM0009372,HORD002974,PRD0970,2,107.81,215.62
HITM0009373,HORD002974,PRD0070,1,396.61,396.61
HITM0009374,HORD002975,PRD0790,1,55.39,55.39
HITM0009375,HORD002975,PRD0145,1,624.72,624.72
HITM0009376,HORD002976,PRD0728,2,122.0,244.0
HITM0009377,HORD002976,PRD0711,2,1902.91,3805.82
HITM0009378,HORD002976,PRD0735,1,1149.06,1149.06
HITM0009379,HORD002977,PRD0623,2,1330.89,2661.78
HITM0009380,HORD002977,PRD0395,1,1111.47,1111.47
HITM0009381,HORD002977,PRD0372,2,330.93,661.86
HITM0009382,HORD002978,PRD0779,2,234.12,468.24
HITM0009383,HORD002978,PRD0285,1,437.61,437.61
HITM0009384,HORD002979,PRD0040,3,201.64,604.92
HITM0009385,HORD002979,PRD0260,1,86.88,86.88
HITM0009386,HORD002980,PRD0438,1,104.09,104.09
HITM0009387,HORD002980,PRD0872,1,588.52,588.52
HITM0009388,HORD002981,PRD0267,2,2030.91,4061.82
HITM0009389,HORD002981,PRD0620,2,339.14,678.28
HITM0009390,HORD002982,PRD0813,1,1117.42,1117.42
HITM0009391,HORD002982,PRD0362,2,1598.01,3196.02
HITM0009392,HORD002982,PRD0558,2,1004.64,2009.28
HITM0009393,HORD002982,PRD0775,1,668.73,668.73
HITM0009394,HORD002983,PRD0968,1,861.46,861.46
HITM0009395,HORD002983,PRD0290,2,53.02,106.04
HITM0009396,HORD002983,PRD0087,1,2521.54,2521.54
HITM0009397,HORD002984,PRD0677,1,1000.46,1000.46
HITM0009398,HORD002984,PRD0649,1,985.02,985.02
HITM0009399,HORD002984,PRD0689,1,277.28,277.28
HITM0009400,HORD002985,PRD0625,2,122.46,244.92
HITM0009401,HORD002986,PRD0006,3,35.37,106.11
HITM0009402,HORD002986,PRD0548,1,448.84,448.84
HITM0009403,HORD002987,PRD0935,2,617.88,1235.76
HITM0009404,HORD002987,PRD0613,1,1377.73,1377.73
HITM0009405,HORD002987,PRD0215,1,616.18,616.18
HITM0009406,HORD002988,PRD0151,1,2468.6,2468.6
HITM0009407,HORD002988,PRD0041,1,3019.84,3019.84
HITM0009408,HORD002988,PRD0224,2,2004.5,4009.0
HITM0009409,HORD002988,PRD0919,1,192.13,192.13
HITM0009410,HORD002988,PRD0310,1,161.31,161.31
HITM0009411,HORD002989,PRD0345,1,752.34,752.34
HITM0009412,HORD002989,PRD0090,1,136.64,136.64
HITM0009413,HORD002989,PRD0260,1,86.88,86.88
HITM0009414,HORD002989,PRD0487,3,968.55,2905.65
HITM0009415,HORD002990,PRD0865,1,1074.97,1074.97
HITM0009416,HORD002990,PRD0981,1,2778.15,2778.15
HITM0009417,HORD002990,PRD0828,2,146.02,292.04
HITM0009418,HORD002990,PRD0456,2,117.59,235.18
HITM0009419,HORD002991,PRD0087,1,2521.54,2521.54
HITM0009420,HORD002991,PRD0713,1,1129.25,1129.25
HITM0009421,HORD002991,PRD0737,2,2577.23,5154.46
HITM0009422,HORD002991,PRD0730,1,388.14,388.14
HITM0009423,HORD002992,PRD0803,2,671.68,1343.36
HITM0009424,HORD002992,PRD0655,1,424.11,424.11
HITM0009425,HORD002992,PRD0089,1,561.13,561.13
HITM0009426,HORD002992,PRD0003,1,342.16,342.16
HITM0009427,HORD002992,PRD0862,1,612.88,612.88
HITM0009428,HORD002993,PRD0010,2,39.45,78.9
HITM0009429,HORD002993,PRD0018,1,921.55,921.55
HITM0009430,HORD002993,PRD0299,1,150.48,150.48
HITM0009431,HORD002993,PRD0329,1,100.62,100.62
HITM0009432,HORD002994,PRD0526,2,44.24,88.48
HITM0009433,HORD002994,PRD0094,1,1868.0,1868.0
HITM0009434,HORD002994,PRD0253,1,1322.89,1322.89
HITM0009435,HORD002995,PRD0969,1,99.89,99.89
HITM0009436,HORD002995,PRD0219,1,888.21,888.21
HITM0009437,HORD002995,PRD0308,1,524.45,524.45
HITM0009438,HORD002996,PRD0749,1,1242.7,1242.7
HITM0009439,HORD002996,PRD0824,2,1647.74,3295.48
HITM0009440,HORD002997,PRD0951,2,2559.57,5119.14
HITM0009441,HORD002997,PRD0190,1,34.34,34.34
HITM0009442,HORD002998,PRD0545,2,1132.56,2265.12
HITM0009443,HORD002998,PRD0132,1,687.19,687.19
HITM0009444,HORD002998,PRD0475,1,357.18,357.18
HITM0009445,HORD002999,PRD0402,1,782.5,782.5
HITM0009446,HORD002999,PRD0596,1,497.18,497.18
HITM0009447,HORD002999,PRD0853,1,1167.89,1167.89
HITM0009448,HORD002999,PRD0896,1,507.02,507.02
HITM0009449,HORD003000,PRD0991,1,2498.97,2498.97
HITM0009450,HORD003000,PRD0750,2,262.52,525.04
HITM0009451,HORD003000,PRD0166,1,486.74,486.74
HITM0009452,HORD003001,PRD0018,2,921.55,1843.1
HITM0009453,HORD003002,PRD0992,1,1098.67,1098.67
HITM0009454,HORD003003,PRD0456,3,117.59,352.77
HITM0009455,HORD003003,PRD0183,1,667.61,667.61
HITM0009456,HORD003003,PRD0095,1,590.13,590.13
HITM0009457,HORD003003,PRD0806,1,499.24,499.24
HITM0009458,HORD003004,PRD0820,1,31.29,31.29
HITM0009459,HORD003004,PRD0642,1,1152.43,1152.43
HITM0009460,HORD003004,PRD0819,1,269.55,269.55
HITM0009461,HORD003004,PRD0636,1,418.01,418.01
HITM0009462,HORD003005,PRD0290,2,53.02,106.04
HITM0009463,HORD003005,PRD0534,2,458.42,916.84
HITM0009464,HORD003005,PRD0829,1,328.42,328.42
HITM0009465,HORD003005,PRD0850,1,37.87,37.87
HITM0009466,HORD003006,PRD0773,1,310.58,310.58
HITM0009467,HORD003006,PRD0850,1,37.87,37.87
HITM0009468,HORD003006,PRD0086,1,92.8,92.8
HITM0009469,HORD003007,PRD0428,1,491.35,491.35
HITM0009470,HORD003008,PRD0008,1,205.21,205.21
HITM0009471,HORD003008,PRD0094,2,1868.0,3736.0
HITM0009472,HORD003009,PRD0586,2,751.47,1502.94
HITM0009473,HORD003009,PRD0933,2,1243.12,2486.24
HITM0009474,HORD003010,PRD0855,1,204.55,204.55
HITM0009475,HORD003010,PRD0590,1,49.98,49.98
HITM0009476,HORD003010,PRD0867,1,822.76,822.76
HITM0009477,HORD003011,PRD0017,1,1435.41,1435.41
HITM0009478,HORD003011,PRD0452,2,687.28,1374.56
HITM0009479,HORD003011,PRD0968,1,861.46,861.46
HITM0009480,HORD003011,PRD0027,1,116.57,116.57
HITM0009481,HORD003012,PRD0882,1,989.33,989.33
HITM0009482,HORD003012,PRD0184,2,869.57,1739.14
HITM0009483,HORD003012,PRD0045,1,306.29,306.29
HITM0009484,HORD003012,PRD0640,2,23.59,47.18
HITM0009485,HORD003012,PRD0912,1,1391.06,1391.06
HITM0009486,HORD003013,PRD0232,1,1295.64,1295.64
HITM0009487,HORD003013,PRD0860,2,397.97,795.94
HITM0009488,HORD003013,PRD0646,1,609.53,609.53
HITM0009489,HORD003013,PRD0746,1,187.06,187.06
HITM0009490,HORD003014,PRD0600,2,222.54,445.08
HITM0009491,HORD003014,PRD0279,1,1189.02,1189.02
HITM0009492,HORD003015,PRD0647,1,754.04,754.04
HITM0009493,HORD003016,PRD0389,1,910.21,910.21
HITM0009494,HORD003016,PRD0107,1,559.52,559.52
HITM0009495,HORD003016,PRD0875,3,73.21,219.63
HITM0009496,HORD003016,PRD0136,1,339.97,339.97
HITM0009497,HORD003017,PRD0635,2,576.88,1153.76
HITM0009498,HORD003017,PRD0686,3,208.32,624.96
HITM0009499,HORD003017,PRD0330,1,51.67,51.67
HITM0009500,HORD003018,PRD0008,1,205.21,205.21
HITM0009501,HORD003018,PRD0956,1,726.92,726.92
HITM0009502,HORD003019,PRD0899,1,1072.73,1072.73
HITM0009503,HORD003020,PRD0862,2,612.88,1225.76
HITM0009504,HORD003020,PRD0519,1,268.64,268.64
HITM0009505,HORD003020,PRD0451,1,1300.44,1300.44
HITM0009506,HORD003020,PRD0262,1,893.46,893.46
HITM0009507,HORD003021,PRD0477,2,654.36,1308.72
HITM0009508,HORD003021,PRD0928,3,834.91,2504.73
HITM0009509,HORD003022,PRD0265,2,542.34,1084.68
HITM0009510,HORD003022,PRD0071,1,2816.43,2816.43
HITM0009511,HORD003022,PRD0526,1,44.24,44.24
HITM0009512,HORD003022,PRD0445,1,589.84,589.84
HITM0009513,HORD003023,PRD0456,1,117.59,117.59
HITM0009514,HORD003023,PRD0208,1,940.02,940.02
HITM0009515,HORD003023,PRD0719,1,876.46,876.46
HITM0009516,HORD003024,PRD0773,2,310.58,621.16
HITM0009517,HORD003024,PRD0271,1,1003.21,1003.21
HITM0009518,HORD003024,PRD0425,1,845.25,845.25
HITM0009519,HORD003025,PRD0266,3,186.6,559.8
HITM0009520,HORD003025,PRD0358,1,1045.44,1045.44
HITM0009521,HORD003025,PRD0118,1,156.33,156.33
HITM0009522,HORD003026,PRD0426,2,726.65,1453.3
HITM0009523,HORD003026,PRD0128,1,394.68,394.68
HITM0009524,HORD003026,PRD0774,1,1734.69,1734.69
HITM0009525,HORD003026,PRD0160,1,21.4,21.4
HITM0009526,HORD003026,PRD0859,3,664.51,1993.53
HITM0009527,HORD003027,PRD0287,1,2154.08,2154.08
HITM0009528,HORD003027,PRD0216,1,241.98,241.98
HITM0009529,HORD003027,PRD0497,1,1779.73,1779.73
HITM0009530,HORD003027,PRD0472,1,828.5,828.5
HITM0009531,HORD003028,PRD0895,1,567.08,567.08
HITM0009532,HORD003028,PRD0180,1,356.72,356.72
HITM0009533,HORD003028,PRD0562,1,1881.67,1881.67
HITM0009534,HORD003029,PRD0262,1,893.46,893.46
HITM0009535,HORD003030,PRD0202,1,1558.53,1558.53
HITM0009536,HORD003030,PRD0015,1,624.09,624.09
HITM0009537,HORD003031,PRD0409,1,165.4,165.4
HITM0009538,HORD003031,PRD0609,1,83.83,83.83
HITM0009539,HORD003031,PRD0040,1,201.64,201.64
HITM0009540,HORD003031,PRD0902,1,565.32,565.32
HITM0009541,HORD003031,PRD0084,2,1248.72,2497.44
HITM0009542,HORD003032,PRD0928,1,834.91,834.91
HITM0009543,HORD003032,PRD0508,1,323.95,323.95
HITM0009544,HORD003033,PRD0848,1,870.59,870.59
HITM0009545,HORD003033,PRD0439,1,323.08,323.08
HITM0009546,HORD003033,PRD0601,1,2366.92,2366.92
HITM0009547,HORD003033,PRD0223,1,1459.56,1459.56
HITM0009548,HORD003033,PRD0847,1,1756.67,1756.67
HITM0009549,HORD003034,PRD0569,1,1425.79,1425.79
HITM0009550,HORD003035,PRD0121,1,3030.38,3030.38
HITM0009551,HORD003035,PRD0179,1,1477.46,1477.46
HITM0009552,HORD003035,PRD0618,1,208.79,208.79
HITM0009553,HORD003036,PRD0046,1,192.34,192.34
HITM0009554,HORD003036,PRD0522,2,1270.84,2541.68
HITM0009555,HORD003036,PRD0536,1,53.59,53.59
HITM0009556,HORD003037,PRD0945,2,693.93,1387.86
HITM0009557,HORD003037,PRD0850,1,37.87,37.87
HITM0009558,HORD003037,PRD1000,1,45.04,45.04
HITM0009559,HORD003037,PRD0176,2,662.86,1325.72
HITM0009560,HORD003038,PRD0642,1,1152.43,1152.43
HITM0009561,HORD003038,PRD0147,1,1910.7,1910.7
HITM0009562,HORD003038,PRD0548,2,448.84,897.68
HITM0009563,HORD003039,PRD0610,1,167.07,167.07
HITM0009564,HORD003039,PRD0625,2,122.46,244.92
HITM0009565,HORD003039,PRD0160,2,21.4,42.8
HITM0009566,HORD003039,PRD0154,1,2205.21,2205.21
HITM0009567,HORD003040,PRD0772,3,661.34,1984.02
HITM0009568,HORD003040,PRD0060,1,207.18,207.18
HITM0009569,HORD003040,PRD0734,1,3584.06,3584.06
HITM0009570,HORD003041,PRD0849,1,115.9,115.9
HITM0009571,HORD003041,PRD0595,1,429.07,429.07
HITM0009572,HORD003041,PRD0626,2,139.26,278.52
HITM0009573,HORD003041,PRD0345,1,752.34,752.34
HITM0009574,HORD003042,PRD0680,2,103.14,206.28
HITM0009575,HORD003042,PRD0877,1,1849.07,1849.07
HITM0009576,HORD003042,PRD0917,1,1133.22,1133.22
HITM0009577,HORD003042,PRD0706,1,377.51,377.51
HITM0009578,HORD003042,PRD0527,1,2128.95,2128.95
HITM0009579,HORD003043,PRD0891,1,2138.63,2138.63
HITM0009580,HORD003043,PRD0347,1,1531.55,1531.55
HITM0009581,HORD003043,PRD0349,1,469.34,469.34
HITM0009582,HORD003044,PRD0621,1,1360.63,1360.63
HITM0009583,HORD003044,PRD0875,1,73.21,73.21
HITM0009584,HORD003045,PRD0296,1,122.37,122.37
HITM0009585,HORD003045,PRD0170,1,275.39,275.39
HITM0009586,HORD003045,PRD0783,1,1427.48,1427.48
HITM0009587,HORD003046,PRD0400,1,411.31,411.31
HITM0009588,HORD003046,PRD0800,1,168.54,168.54
HITM0009589,HORD003046,PRD0002,1,1052.85,1052.85
HITM0009590,HORD003046,PRD0032,2,742.08,1484.16
HITM0009591,HORD003047,PRD0668,3,641.02,1923.06
HITM0009592,HORD003047,PRD0377,1,1501.75,1501.75
HITM0009593,HORD003047,PRD0416,2,236.82,473.64
HITM0009594,HORD003047,PRD0928,2,834.91,1669.82
HITM0009595,HORD003047,PRD0365,1,380.49,380.49
HITM0009596,HORD003048,PRD0138,1,99.85,99.85
HITM0009597,HORD003048,PRD0176,1,662.86,662.86
HITM0009598,HORD003048,PRD0807,1,123.14,123.14
HITM0009599,HORD003048,PRD0234,1,2489.95,2489.95
HITM0009600,HORD003049,PRD0952,1,1636.67,1636.67
HITM0009601,HORD003049,PRD0309,1,621.05,621.05
HITM0009602,HORD003049,PRD0960,2,321.52,643.04
HITM0009603,HORD003050,PRD0918,1,911.04,911.04
HITM0009604,HORD003050,PRD0802,1,715.6,715.6
HITM0009605,HORD003051,PRD0559,1,109.7,109.7
HITM0009606,HORD003051,PRD0723,1,867.11,867.11
HITM0009607,HORD003051,PRD0881,2,1385.81,2771.62
HITM0009608,HORD003051,PRD0090,1,136.64,136.64
HITM0009609,HORD003052,PRD0299,2,150.48,300.96
HITM0009610,HORD003052,PRD0741,1,1637.14,1637.14
HITM0009611,HORD003052,PRD0095,1,590.13,590.13
HITM0009612,HORD003052,PRD0715,1,809.62,809.62
HITM0009613,HORD003053,PRD0689,1,277.28,277.28
HITM0009614,HORD003053,PRD0569,1,1425.79,1425.79
HITM0009615,HORD003053,PRD0740,1,150.48,150.48
HITM0009616,HORD003054,PRD0852,1,1779.82,1779.82
HITM0009617,HORD003054,PRD0161,1,2870.46,2870.46
HITM0009618,HORD003055,PRD0248,1,207.33,207.33
HITM0009619,HORD003056,PRD0905,1,470.11,470.11
HITM0009620,HORD003056,PRD0934,1,524.96,524.96
HITM0009621,HORD003057,PRD0910,1,28.09,28.09
HITM0009622,HORD003057,PRD0115,1,671.68,671.68
HITM0009623,HORD003057,PRD0178,1,176.94,176.94
HITM0009624,HORD003057,PRD0850,1,37.87,37.87
HITM0009625,HORD003057,PRD0541,2,2989.04,5978.08
HITM0009626,HORD003058,PRD0578,1,383.34,383.34
HITM0009627,HORD003058,PRD0175,1,340.25,340.25
HITM0009628,HORD003058,PRD0938,1,103.84,103.84
HITM0009629,HORD003059,PRD0322,1,1216.91,1216.91
HITM0009630,HORD003059,PRD0955,3,502.79,1508.37
HITM0009631,HORD003059,PRD0069,2,398.01,796.02
HITM0009632,HORD003059,PRD0808,2,69.84,139.68
HITM0009633,HORD003060,PRD0520,1,188.8,188.8
HITM0009634,HORD003060,PRD0100,1,328.27,328.27
HITM0009635,HORD003060,PRD0639,1,1114.83,1114.83
HITM0009636,HORD003060,PRD0438,1,104.09,104.09
HITM0009637,HORD003061,PRD0849,1,115.9,115.9
HITM0009638,HORD003061,PRD0528,1,136.95,136.95
HITM0009639,HORD003061,PRD0869,1,131.2,131.2
HITM0009640,HORD003062,PRD0536,2,53.59,107.18
HITM0009641,HORD003062,PRD0890,1,176.95,176.95
HITM0009642,HORD003062,PRD0659,2,848.34,1696.68
HITM0009643,HORD003062,PRD0207,1,1636.46,1636.46
HITM0009644,HORD003063,PRD0970,2,107.81,215.62
HITM0009645,HORD003063,PRD0173,1,270.07,270.07
HITM0009646,HORD003064,PRD0782,2,492.79,985.58
HITM0009647,HORD003064,PRD0513,1,453.22,453.22
HITM0009648,HORD003064,PRD0570,1,179.75,179.75
HITM0009649,HORD003065,PRD0306,1,422.96,422.96
HITM0009650,HORD003065,PRD0274,1,416.56,416.56
HITM0009651,HORD003065,PRD0639,1,1114.83,1114.83
HITM0009652,HORD003065,PRD0842,1,1294.03,1294.03
HITM0009653,HORD003066,PRD0268,1,226.89,226.89
HITM0009654,HORD003066,PRD0555,1,955.38,955.38
HITM0009655,HORD003066,PRD0780,1,308.34,308.34
HITM0009656,HORD003067,PRD0769,1,798.58,798.58
HITM0009657,HORD003067,PRD0585,3,101.78,305.34
HITM0009658,HORD003067,PRD0175,1,340.25,340.25
HITM0009659,HORD003068,PRD0498,1,309.85,309.85
HITM0009660,HORD003068,PRD0241,1,2620.83,2620.83
HITM0009661,HORD003068,PRD0492,1,541.59,541.59
HITM0009662,HORD003068,PRD0977,1,327.77,327.77
HITM0009663,HORD003069,PRD0006,2,35.37,70.74
HITM0009664,HORD003069,PRD0735,1,1149.06,1149.06
HITM0009665,HORD003069,PRD0215,1,616.18,616.18
HITM0009666,HORD003069,PRD0110,1,197.81,197.81
HITM0009667,HORD003069,PRD0198,2,737.1,1474.2
HITM0009668,HORD003070,PRD0897,2,351.24,702.48
HITM0009669,HORD003070,PRD0834,1,2762.83,2762.83
HITM0009670,HORD003071,PRD0371,2,2576.15,5152.3
HITM0009671,HORD003071,PRD0351,1,2529.0,2529.0
HITM0009672,HORD003071,PRD0963,1,648.79,648.79
HITM0009673,HORD003072,PRD0242,1,1531.86,1531.86
HITM0009674,HORD003072,PRD0179,1,1477.46,1477.46
HITM0009675,HORD003073,PRD0569,2,1425.79,2851.58
HITM0009676,HORD003073,PRD0609,1,83.83,83.83
HITM0009677,HORD003073,PRD0409,2,165.4,330.8
HITM0009678,HORD003073,PRD0923,1,1561.37,1561.37
HITM0009679,HORD003073,PRD0145,1,624.72,624.72
HITM0009680,HORD003074,PRD0209,1,327.08,327.08
HITM0009681,HORD003074,PRD0173,1,270.07,270.07
HITM0009682,HORD003074,PRD0588,1,544.11,544.11
HITM0009683,HORD003074,PRD0321,3,1488.38,4465.14
HITM0009684,HORD003075,PRD0013,1,1361.97,1361.97
HITM0009685,HORD003075,PRD0332,2,449.5,899.0
HITM0009686,HORD003075,PRD0584,1,3190.99,3190.99
HITM0009687,HORD003075,PRD0207,2,1636.46,3272.92
HITM0009688,HORD003076,PRD0488,1,780.13,780.13
HITM0009689,HORD003076,PRD0200,3,231.67,695.01
HITM0009690,HORD003077,PRD0109,2,353.29,706.58
HITM0009691,HORD003077,PRD0376,3,811.77,2435.31
HITM0009692,HORD003077,PRD0651,1,1981.28,1981.28
HITM0009693,HORD003077,PRD0869,1,131.2,131.2
HITM0009694,HORD003078,PRD0635,1,576.88,576.88
HITM0009695,HORD003078,PRD0718,1,543.69,543.69
HITM0009696,HORD003079,PRD0306,1,422.96,422.96
HITM0009697,HORD003079,PRD0512,1,1262.67,1262.67
HITM0009698,HORD003079,PRD0192,1,687.57,687.57
HITM0009699,HORD003079,PRD0321,1,1488.38,1488.38
HITM0009700,HORD003079,PRD0184,1,869.57,869.57
HITM0009701,HORD003080,PRD0238,1,1033.13,1033.13
HITM0009702,HORD003080,PRD0919,2,192.13,384.26
HITM0009703,HORD003080,PRD0803,1,671.68,671.68
HITM0009704,HORD003081,PRD0011,1,2618.24,2618.24
HITM0009705,HORD003081,PRD0966,1,706.39,706.39
HITM0009706,HORD003081,PRD0278,1,83.35,83.35
HITM0009707,HORD003081,PRD0190,2,34.34,68.68
HITM0009708,HORD003082,PRD0076,1,232.75,232.75
HITM0009709,HORD003082,PRD0099,2,892.92,1785.84
HITM0009710,HORD003082,PRD0374,3,759.14,2277.42
HITM0009711,HORD003083,PRD0995,1,258.22,258.22
HITM0009712,HORD003083,PRD0044,1,649.62,649.62
HITM0009713,HORD003083,PRD0932,1,326.42,326.42
HITM0009714,HORD003083,PRD0196,1,373.5,373.5
HITM0009715,HORD003083,PRD0748,1,789.67,789.67
HITM0009716,HORD003084,PRD0193,1,575.14,575.14
HITM0009717,HORD003084,PRD0212,3,1587.64,4762.92
HITM0009718,HORD003084,PRD0597,1,2095.04,2095.04
HITM0009719,HORD003085,PRD0647,1,754.04,754.04
HITM0009720,HORD003085,PRD0291,1,2155.05,2155.05
HITM0009721,HORD003086,PRD0252,1,879.59,879.59
HITM0009722,HORD003087,PRD0406,1,184.6,184.6
HITM0009723,HORD003087,PRD0174,2,733.71,1467.42
HITM0009724,HORD003087,PRD0227,1,922.85,922.85
HITM0009725,HORD003087,PRD0190,1,34.34,34.34
HITM0009726,HORD003088,PRD0080,1,122.76,122.76
HITM0009727,HORD003088,PRD0438,1,104.09,104.09
HITM0009728,HORD003088,PRD0081,1,1855.65,1855.65
HITM0009729,HORD003089,PRD0733,1,1110.2,1110.2
HITM0009730,HORD003089,PRD0615,1,992.86,992.86
HITM0009731,HORD003089,PRD0559,1,109.7,109.7
HITM0009732,HORD003090,PRD0584,1,3190.99,3190.99
HITM0009733,HORD003090,PRD0986,1,419.88,419.88
HITM0009734,HORD003090,PRD0518,1,127.55,127.55
HITM0009735,HORD003090,PRD0193,1,575.14,575.14
HITM0009736,HORD003090,PRD0172,1,616.06,616.06
HITM0009737,HORD003091,PRD0105,1,385.04,385.04
HITM0009738,HORD003091,PRD0563,1,651.72,651.72
HITM0009739,HORD003091,PRD0831,1,1878.68,1878.68
HITM0009740,HORD003092,PRD0606,1,49.01,49.01
HITM0009741,HORD003092,PRD0409,1,165.4,165.4
HITM0009742,HORD003093,PRD0964,1,887.89,887.89
HITM0009743,HORD003093,PRD0497,1,1779.73,1779.73
HITM0009744,HORD003093,PRD0519,1,268.64,268.64
HITM0009745,HORD003093,PRD0170,1,275.39,275.39
HITM0009746,HORD003094,PRD0872,1,588.52,588.52
HITM0009747,HORD003094,PRD0664,2,3200.22,6400.44
HITM0009748,HORD003094,PRD0111,1,2254.79,2254.79
HITM0009749,HORD003094,PRD0528,2,136.95,273.9
HITM0009750,HORD003095,PRD0191,1,1064.69,1064.69
HITM0009751,HORD003095,PRD0681,1,1969.92,1969.92
HITM0009752,HORD003096,PRD0379,2,888.83,1777.66
HITM0009753,HORD003096,PRD0644,1,3406.46,3406.46
HITM0009754,HORD003096,PRD0035,1,1129.26,1129.26
HITM0009755,HORD003096,PRD0403,1,1295.0,1295.0
HITM0009756,HORD003097,PRD0329,1,100.62,100.62
HITM0009757,HORD003097,PRD0659,1,848.34,848.34
HITM0009758,HORD003097,PRD0449,1,792.41,792.41
HITM0009759,HORD003098,PRD0568,1,299.47,299.47
HITM0009760,HORD003098,PRD0697,1,1305.19,1305.19
HITM0009761,HORD003098,PRD0564,1,3766.49,3766.49
HITM0009762,HORD003099,PRD0673,2,548.1,1096.2
HITM0009763,HORD003099,PRD0526,1,44.24,44.24
HITM0009764,HORD003099,PRD0985,2,77.36,154.72
HITM0009765,HORD003099,PRD0124,1,2854.48,2854.48
HITM0009766,HORD003099,PRD0552,1,470.47,470.47
HITM0009767,HORD003100,PRD0902,2,565.32,1130.64
HITM0009768,HORD003100,PRD0294,1,1563.92,1563.92
HITM0009769,HORD003100,PRD0535,2,878.27,1756.54
HITM0009770,HORD003100,PRD0350,2,133.96,267.92
HITM0009771,HORD003101,PRD0296,1,122.37,122.37
HITM0009772,HORD003101,PRD0178,1,176.94,176.94
HITM0009773,HORD003101,PRD0033,1,1096.91,1096.91
HITM0009774,HORD003102,PRD0110,1,197.81,197.81
HITM0009775,HORD003102,PRD0155,1,673.32,673.32
HITM0009776,HORD003102,PRD0363,1,489.25,489.25
HITM0009777,HORD003102,PRD0278,1,83.35,83.35
HITM0009778,HORD003103,PRD0849,1,115.9,115.9
HITM0009779,HORD003103,PRD0326,1,833.05,833.05
HITM0009780,HORD003103,PRD0130,1,183.26,183.26
HITM0009781,HORD003103,PRD0792,1,1480.93,1480.93
HITM0009782,HORD003104,PRD0845,2,45.19,90.38
HITM0009783,HORD003105,PRD0253,1,1322.89,1322.89
HITM0009784,HORD003105,PRD0196,1,373.5,373.5
HITM0009785,HORD003106,PRD0859,1,664.51,664.51
HITM0009786,HORD003106,PRD0061,2,2127.06,4254.12
HITM0009787,HORD003106,PRD0049,1,598.46,598.46
HITM0009788,HORD003107,PRD0835,1,240.61,240.61
HITM0009789,HORD003107,PRD0925,1,56.69,56.69
HITM0009790,HORD003107,PRD0649,1,985.02,985.02
HITM0009791,HORD003107,PRD0783,1,1427.48,1427.48
HITM0009792,HORD003107,PRD0934,1,524.96,524.96
HITM0009793,HORD003108,PRD0286,1,666.41,666.41
HITM0009794,HORD003108,PRD0937,1,435.56,435.56
HITM0009795,HORD003108,PRD0895,1,567.08,567.08
HITM0009796,HORD003108,PRD0267,1,2030.91,2030.91
HITM0009797,HORD003109,PRD0941,1,2159.7,2159.7
HITM0009798,HORD003109,PRD0706,1,377.51,377.51
HITM0009799,HORD003109,PRD0147,1,1910.7,1910.7
HITM0009800,HORD003109,PRD0868,1,594.16,594.16
HITM0009801,HORD003109,PRD0728,1,122.0,122.0
HITM0009802,HORD003110,PRD0536,1,53.59,53.59
HITM0009803,HORD003110,PRD0812,1,1404.46,1404.46
HITM0009804,HORD003110,PRD0621,1,1360.63,1360.63
HITM0009805,HORD003111,PRD0812,1,1404.46,1404.46
HITM0009806,HORD003111,PRD0301,1,2638.87,2638.87
HITM0009807,HORD003111,PRD0862,1,612.88,612.88
HITM0009808,HORD003111,PRD0892,1,375.64,375.64
HITM0009809,HORD003112,PRD0749,1,1242.7,1242.7
HITM0009810,HORD003112,PRD0068,1,327.08,327.08
HITM0009811,HORD003112,PRD0084,1,1248.72,1248.72
HITM0009812,HORD003113,PRD0858,1,363.41,363.41
HITM0009813,HORD003113,PRD0718,2,543.69,1087.38
HITM0009814,HORD003113,PRD0030,1,239.93,239.93
HITM0009815,HORD003113,PRD0702,1,1785.7,1785.7
HITM0009816,HORD003114,PRD0180,1,356.72,356.72
HITM0009817,HORD003114,PRD0546,1,361.61,361.61
HITM0009818,HORD003114,PRD0899,1,1072.73,1072.73
HITM0009819,HORD003114,PRD0285,1,437.61,437.61
HITM0009820,HORD003114,PRD0046,2,192.34,384.68
HITM0009821,HORD003115,PRD0520,1,188.8,188.8
HITM0009822,HORD003115,PRD0576,1,680.42,680.42
HITM0009823,HORD003116,PRD0831,1,1878.68,1878.68
HITM0009824,HORD003116,PRD0216,1,241.98,241.98
HITM0009825,HORD003116,PRD0440,2,112.71,225.42
HITM0009826,HORD003116,PRD0975,1,723.09,723.09
HITM0009827,HORD003117,PRD0513,1,453.22,453.22
HITM0009828,HORD003117,PRD0240,1,116.74,116.74
HITM0009829,HORD003118,PRD0710,1,161.67,161.67
HITM0009830,HORD003118,PRD0322,1,1216.91,1216.91
HITM0009831,HORD003118,PRD0263,2,618.52,1237.04
HITM0009832,HORD003118,PRD0107,1,559.52,559.52
HITM0009833,HORD003118,PRD0609,1,83.83,83.83
HITM0009834,HORD003119,PRD0896,1,507.02,507.02
HITM0009835,HORD003119,PRD0636,1,418.01,418.01
HITM0009836,HORD003119,PRD0722,2,1792.17,3584.34
HITM0009837,HORD003119,PRD0204,1,1670.01,1670.01
HITM0009838,HORD003120,PRD0230,1,34.01,34.01
HITM0009839,HORD003120,PRD0086,1,92.8,92.8
HITM0009840,HORD003120,PRD0681,1,1969.92,1969.92
HITM0009841,HORD003121,PRD0550,1,229.62,229.62
HITM0009842,HORD003121,PRD0792,1,1480.93,1480.93
HITM0009843,HORD003121,PRD0585,2,101.78,203.56
HITM0009844,HORD003121,PRD0315,1,58.99,58.99
HITM0009845,HORD003121,PRD0525,1,135.44,135.44
HITM0009846,HORD003122,PRD0636,1,418.01,418.01
HITM0009847,HORD003122,PRD0765,1,724.29,724.29
HITM0009848,HORD003122,PRD0731,1,1036.98,1036.98
HITM0009849,HORD003122,PRD0795,2,574.53,1149.06
HITM0009850,HORD003122,PRD0992,2,1098.67,2197.34
HITM0009851,HORD003123,PRD0320,1,227.72,227.72
HITM0009852,HORD003123,PRD0814,3,849.01,2547.03
HITM0009853,HORD003123,PRD0816,1,377.97,377.97
HITM0009854,HORD003123,PRD0049,1,598.46,598.46
HITM0009855,HORD003124,PRD0240,1,116.74,116.74
HITM0009856,HORD003125,PRD0110,1,197.81,197.81
HITM0009857,HORD003125,PRD0889,1,518.76,518.76
HITM0009858,HORD003125,PRD0532,2,386.41,772.82
HITM0009859,HORD003125,PRD0947,1,934.61,934.61
HITM0009860,HORD003126,PRD0058,1,913.94,913.94
HITM0009861,HORD003126,PRD0316,1,401.13,401.13
HITM0009862,HORD003127,PRD0758,2,543.13,1086.26
HITM0009863,HORD003127,PRD0058,2,913.94,1827.88
HITM0009864,HORD003127,PRD0852,1,1779.82,1779.82
HITM0009865,HORD003128,PRD0517,1,2094.09,2094.09
HITM0009866,HORD003128,PRD0656,1,300.51,300.51
HITM0009867,HORD003128,PRD0493,1,1431.18,1431.18
HITM0009868,HORD003128,PRD0618,1,208.79,208.79
HITM0009869,HORD003129,PRD0461,2,1946.88,3893.76
HITM0009870,HORD003129,PRD0998,1,366.72,366.72
HITM0009871,HORD003129,PRD0619,1,238.4,238.4
HITM0009872,HORD003130,PRD0796,1,46.19,46.19
HITM0009873,HORD003130,PRD0815,3,962.19,2886.57
HITM0009874,HORD003131,PRD0220,1,187.94,187.94
HITM0009875,HORD003131,PRD0440,1,112.71,112.71
HITM0009876,HORD003131,PRD0925,3,56.69,170.07
HITM0009877,HORD003132,PRD0479,2,660.2,1320.4
HITM0009878,HORD003132,PRD0339,1,1448.64,1448.64
HITM0009879,HORD003132,PRD0689,1,277.28,277.28
HITM0009880,HORD003133,PRD0658,1,665.45,665.45
HITM0009881,HORD003133,PRD0409,1,165.4,165.4
HITM0009882,HORD003134,PRD0578,1,383.34,383.34
HITM0009883,HORD003134,PRD0159,1,897.22,897.22
HITM0009884,HORD003134,PRD0880,1,132.59,132.59
HITM0009885,HORD003134,PRD0638,2,675.35,1350.7
HITM0009886,HORD003135,PRD0536,1,53.59,53.59
HITM0009887,HORD003135,PRD0137,1,125.48,125.48
HITM0009888,HORD003135,PRD0830,1,146.02,146.02
HITM0009889,HORD003135,PRD0556,1,546.84,546.84
HITM0009890,HORD003136,PRD0829,1,328.42,328.42
HITM0009891,HORD003136,PRD0442,1,1167.29,1167.29
HITM0009892,HORD003136,PRD0432,2,1637.76,3275.52
HITM0009893,HORD003137,PRD0676,1,117.14,117.14
HITM0009894,HORD003137,PRD0621,1,1360.63,1360.63
HITM0009895,HORD003137,PRD0069,2,398.01,796.02
HITM0009896,HORD003138,PRD0368,3,759.57,2278.71
HITM0009897,HORD003138,PRD0894,1,3415.6,3415.6
HITM0009898,HORD003138,PRD0143,1,490.94,490.94
HITM0009899,HORD003139,PRD0949,1,589.87,589.87
HITM0009900,HORD003139,PRD0598,1,522.01,522.01
HITM0009901,HORD003140,PRD0207,1,1636.46,1636.46
HITM0009902,HORD003140,PRD0973,1,573.55,573.55
HITM0009903,HORD003140,PRD0282,2,1092.79,2185.58
HITM0009904,HORD003141,PRD0923,1,1561.37,1561.37
HITM0009905,HORD003141,PRD0368,2,759.57,1519.14
HITM0009906,HORD003141,PRD0706,1,377.51,377.51
HITM0009907,HORD003142,PRD0780,2,308.34,616.68
HITM0009908,HORD003142,PRD0976,1,714.76,714.76
HITM0009909,HORD003142,PRD0903,2,332.35,664.7
HITM0009910,HORD003143,PRD0021,1,1350.17,1350.17
HITM0009911,HORD003144,PRD0857,1,1044.86,1044.86
HITM0009912,HORD003144,PRD0946,1,810.85,810.85
HITM0009913,HORD003145,PRD0318,2,971.41,1942.82
HITM0009914,HORD003145,PRD0250,1,329.47,329.47
HITM0009915,HORD003145,PRD0588,2,544.11,1088.22
HITM0009916,HORD003146,PRD0089,2,561.13,1122.26
HITM0009917,HORD003146,PRD0304,1,3629.59,3629.59
HITM0009918,HORD003146,PRD0260,1,86.88,86.88
HITM0009919,HORD003147,PRD0173,2,270.07,540.14
HITM0009920,HORD003147,PRD0834,1,2762.83,2762.83
HITM0009921,HORD003148,PRD0355,2,1138.32,2276.64
HITM0009922,HORD003148,PRD0853,1,1167.89,1167.89
HITM0009923,HORD003148,PRD0852,1,1779.82,1779.82
HITM0009924,HORD003149,PRD0086,1,92.8,92.8
HITM0009925,HORD003149,PRD0609,1,83.83,83.83
HITM0009926,HORD003150,PRD0454,2,1438.89,2877.78
HITM0009927,HORD003150,PRD0568,1,299.47,299.47
HITM0009928,HORD003150,PRD0329,1,100.62,100.62
HITM0009929,HORD003151,PRD0585,1,101.78,101.78
HITM0009930,HORD003151,PRD0196,1,373.5,373.5
HITM0009931,HORD003151,PRD0669,1,387.51,387.51
HITM0009932,HORD003152,PRD0453,1,904.43,904.43
HITM0009933,HORD003152,PRD0728,1,122.0,122.0
HITM0009934,HORD003152,PRD0050,2,289.02,578.04
HITM0009935,HORD003153,PRD0225,1,1003.93,1003.93
HITM0009936,HORD003153,PRD0263,3,618.52,1855.56
HITM0009937,HORD003153,PRD0790,2,55.39,110.78
HITM0009938,HORD003154,PRD0005,1,793.64,793.64
HITM0009939,HORD003155,PRD0924,1,508.67,508.67
HITM0009940,HORD003155,PRD0701,1,2281.85,2281.85
HITM0009941,HORD003155,PRD0409,1,165.4,165.4
HITM0009942,HORD003155,PRD0968,1,861.46,861.46
HITM0009943,HORD003156,PRD0653,1,514.7,514.7
HITM0009944,HORD003156,PRD0858,2,363.41,726.82
HITM0009945,HORD003156,PRD0825,1,841.2,841.2
HITM0009946,HORD003156,PRD0408,1,384.62,384.62
HITM0009947,HORD003157,PRD0255,1,426.01,426.01
HITM0009948,HORD003158,PRD0163,2,1059.22,2118.44
HITM0009949,HORD003158,PRD0581,1,2366.29,2366.29
HITM0009950,HORD003158,PRD0844,1,3853.97,3853.97
HITM0009951,HORD003159,PRD0086,1,92.8,92.8
HITM0009952,HORD003159,PRD0683,2,571.77,1143.54
HITM0009953,HORD003159,PRD0408,2,384.62,769.24
HITM0009954,HORD003160,PRD0170,1,275.39,275.39
HITM0009955,HORD003160,PRD0374,2,759.14,1518.28
HITM0009956,HORD003161,PRD0090,1,136.64,136.64
HITM0009957,HORD003161,PRD0342,1,615.51,615.51
HITM0009958,HORD003161,PRD0773,1,310.58,310.58
HITM0009959,HORD003162,PRD0288,1,151.78,151.78
HITM0009960,HORD003162,PRD0970,1,107.81,107.81
HITM0009961,HORD003162,PRD0815,2,962.19,1924.38
HITM0009962,HORD003162,PRD0009,1,354.96,354.96
HITM0009963,HORD003162,PRD0654,2,1208.24,2416.48
HITM0009964,HORD003163,PRD0391,1,1836.29,1836.29
HITM0009965,HORD003163,PRD0840,3,102.1,306.3
HITM0009966,HORD003163,PRD0274,1,416.56,416.56
HITM0009967,HORD003164,PRD0021,1,1350.17,1350.17
HITM0009968,HORD003164,PRD0367,1,1222.73,1222.73
HITM0009969,HORD003164,PRD0296,1,122.37,122.37
HITM0009970,HORD003164,PRD0244,2,807.13,1614.26
HITM0009971,HORD003164,PRD0963,1,648.79,648.79
HITM0009972,HORD003165,PRD0699,1,1102.07,1102.07
HITM0009973,HORD003165,PRD0830,1,146.02,146.02
HITM0009974,HORD003165,PRD0422,1,1820.9,1820.9
HITM0009975,HORD003165,PRD0160,1,21.4,21.4
HITM0009976,HORD003166,PRD0402,1,782.5,782.5
HITM0009977,HORD003166,PRD0268,1,226.89,226.89
HITM0009978,HORD003166,PRD0469,1,274.61,274.61
HITM0009979,HORD003167,PRD0700,1,206.13,206.13
HITM0009980,HORD003167,PRD0668,1,641.02,641.02
HITM0009981,HORD003167,PRD0756,1,61.89,61.89
HITM0009982,HORD003168,PRD0444,1,3715.62,3715.62
HITM0009983,HORD003168,PRD0649,1,985.02,985.02
HITM0009984,HORD003168,PRD0201,1,1626.1,1626.1
HITM0009985,HORD003169,PRD0905,1,470.11,470.11
HITM0009986,HORD003169,PRD0155,2,673.32,1346.64
HITM0009987,HORD003169,PRD0626,1,139.26,139.26
HITM0009988,HORD003169,PRD0447,2,961.68,1923.36
HITM0009989,HORD003169,PRD0113,1,756.1,756.1
HITM0009990,HORD003170,PRD0774,1,1734.69,1734.69
HITM0009991,HORD003171,PRD0847,3,1756.67,5270.01
HITM0009992,HORD003171,PRD0274,1,416.56,416.56
HITM0009993,HORD003171,PRD0576,2,680.42,1360.84
HITM0009994,HORD003172,PRD0947,1,934.61,934.61
HITM0009995,HORD003172,PRD0668,1,641.02,641.02
HITM0009996,HORD003172,PRD0379,1,888.83,888.83
HITM0009997,HORD003172,PRD0006,1,35.37,35.37
HITM0009998,HORD003173,PRD0076,1,232.75,232.75
HITM0009999,HORD003173,PRD0886,1,389.53,389.53
HITM0010000,HORD003173,PRD0326,1,833.05,833.05
HITM0010001,HORD003173,PRD0950,2,238.05,476.1
HITM0010002,HORD003173,PRD0900,1,369.61,369.61
HITM0010003,HORD003174,PRD0769,1,798.58,798.58
HITM0010004,HORD003174,PRD0391,1,1836.29,1836.29
HITM0010005,HORD003175,PRD0530,1,220.26,220.26
HITM0010006,HORD003175,PRD0158,1,224.45,224.45
HITM0010007,HORD003175,PRD0133,2,334.91,669.82
HITM0010008,HORD003176,PRD0938,1,103.84,103.84
HITM0010009,HORD003176,PRD0412,1,1822.18,1822.18
HITM0010010,HORD003177,PRD0180,1,356.72,356.72
HITM0010011,HORD003177,PRD0566,1,306.33,306.33
HITM0010012,HORD003178,PRD0877,1,1849.07,1849.07
HITM0010013,HORD003178,PRD0169,2,445.45,890.9
HITM0010014,HORD003178,PRD0439,3,323.08,969.24
HITM0010015,HORD003178,PRD0046,1,192.34,192.34
HITM0010016,HORD003179,PRD0399,1,1231.55,1231.55
HITM0010017,HORD003179,PRD0925,1,56.69,56.69
HITM0010018,HORD003179,PRD0013,1,1361.97,1361.97
HITM0010019,HORD003180,PRD0139,1,1069.24,1069.24
HITM0010020,HORD003180,PRD0027,2,116.57,233.14
HITM0010021,HORD003181,PRD0024,2,935.75,1871.5
HITM0010022,HORD003181,PRD0086,1,92.8,92.8
HITM0010023,HORD003182,PRD0419,1,1353.51,1353.51
HITM0010024,HORD003182,PRD0968,1,861.46,861.46
HITM0010025,HORD003182,PRD0961,1,985.63,985.63
HITM0010026,HORD003183,PRD0510,1,112.56,112.56
HITM0010027,HORD003183,PRD0526,1,44.24,44.24
HITM0010028,HORD003183,PRD0097,1,458.08,458.08
HITM0010029,HORD003183,PRD0939,1,522.59,522.59
HITM0010030,HORD003184,PRD0600,1,222.54,222.54
HITM0010031,HORD003184,PRD0493,1,1431.18,1431.18
HITM0010032,HORD003184,PRD0004,2,3297.7,6595.4
HITM0010033,HORD003184,PRD0791,1,2467.42,2467.42
HITM0010034,HORD003185,PRD0146,2,212.69,425.38
HITM0010035,HORD003185,PRD0546,1,361.61,361.61
HITM0010036,HORD003185,PRD0330,1,51.67,51.67
HITM0010037,HORD003185,PRD0293,1,644.4,644.4
HITM0010038,HORD003186,PRD0158,1,224.45,224.45
HITM0010039,HORD003187,PRD0291,2,2155.05,4310.1
HITM0010040,HORD003187,PRD0100,1,328.27,328.27
HITM0010041,HORD003187,PRD0245,2,595.29,1190.58
HITM0010042,HORD003188,PRD0505,2,1028.22,2056.44
HITM0010043,HORD003188,PRD0565,1,515.91,515.91
HITM0010044,HORD003188,PRD0415,1,191.7,191.7
HITM0010045,HORD003189,PRD0698,1,981.72,981.72
HITM0010046,HORD003189,PRD0402,1,782.5,782.5
HITM0010047,HORD003189,PRD0532,1,386.41,386.41
HITM0010048,HORD003189,PRD0116,1,328.2,328.2
HITM0010049,HORD003190,PRD0530,1,220.26,220.26
HITM0010050,HORD003190,PRD0205,2,696.35,1392.7
HITM0010051,HORD003190,PRD0810,1,393.15,393.15
HITM0010052,HORD003191,PRD0760,1,187.91,187.91
HITM0010053,HORD003191,PRD0248,1,207.33,207.33
HITM0010054,HORD003192,PRD0905,1,470.11,470.11
HITM0010055,HORD003192,PRD0418,2,860.3,1720.6
HITM0010056,HORD003192,PRD0696,1,119.65,119.65
HITM0010057,HORD003192,PRD0637,1,2457.32,2457.32
HITM0010058,HORD003193,PRD0496,1,519.08,519.08
HITM0010059,HORD003193,PRD0420,1,277.28,277.28
HITM0010060,HORD003193,PRD0260,1,86.88,86.88
HITM0010061,HORD003194,PRD0756,1,61.89,61.89
HITM0010062,HORD003194,PRD0653,1,514.7,514.7
HITM0010063,HORD003194,PRD0502,1,553.17,553.17
HITM0010064,HORD003195,PRD0144,1,816.73,816.73
HITM0010065,HORD003195,PRD0409,3,165.4,496.2
HITM0010066,HORD003195,PRD0366,1,428.57,428.57
HITM0010067,HORD003195,PRD0903,1,332.35,332.35
HITM0010068,HORD003196,PRD0770,1,410.85,410.85
HITM0010069,HORD003196,PRD0706,1,377.51,377.51
HITM0010070,HORD003196,PRD0485,2,939.87,1879.74
HITM0010071,HORD003196,PRD0918,1,911.04,911.04
HITM0010072,HORD003197,PRD0178,1,176.94,176.94
HITM0010073,HORD003197,PRD0229,2,1192.23,2384.46
HITM0010074,HORD003197,PRD0845,1,45.19,45.19
HITM0010075,HORD003197,PRD0242,1,1531.86,1531.86
HITM0010076,HORD003197,PRD0483,1,863.5,863.5
HITM0010077,HORD003198,PRD0159,1,897.22,897.22
HITM0010078,HORD003198,PRD0840,1,102.1,102.1
HITM0010079,HORD003198,PRD0631,1,2987.02,2987.02
HITM0010080,HORD003198,PRD0617,2,2097.21,4194.42
HITM0010081,HORD003199,PRD0767,1,380.35,380.35
HITM0010082,HORD003199,PRD0395,1,1111.47,1111.47
HITM0010083,HORD003200,PRD0998,1,366.72,366.72
HITM0010084,HORD003200,PRD0396,1,485.87,485.87
HITM0010085,HORD003200,PRD0355,1,1138.32,1138.32
HITM0010086,HORD003200,PRD0775,1,668.73,668.73
HITM0010087,HORD003201,PRD0075,1,360.03,360.03
HITM0010088,HORD003201,PRD0490,1,63.94,63.94
HITM0010089,HORD003201,PRD0852,1,1779.82,1779.82
HITM0010090,HORD003201,PRD0085,2,655.93,1311.86
HITM0010091,HORD003202,PRD0841,2,1110.67,2221.34
HITM0010092,HORD003202,PRD0176,1,662.86,662.86
HITM0010093,HORD003202,PRD0195,1,951.68,951.68
HITM0010094,HORD003203,PRD0542,1,1733.18,1733.18
HITM0010095,HORD003203,PRD0640,1,23.59,23.59
HITM0010096,HORD003203,PRD0868,1,594.16,594.16
HITM0010097,HORD003204,PRD0502,1,553.17,553.17
HITM0010098,HORD003204,PRD0320,1,227.72,227.72
HITM0010099,HORD003204,PRD0325,2,607.53,1215.06
HITM0010100,HORD003204,PRD0040,1,201.64,201.64
HITM0010101,HORD003205,PRD0251,1,1871.06,1871.06
HITM0010102,HORD003205,PRD0472,1,828.5,828.5
HITM0010103,HORD003206,PRD0816,1,377.97,377.97
HITM0010104,HORD003206,PRD0015,1,624.09,624.09
HITM0010105,HORD003206,PRD0145,1,624.72,624.72
HITM0010106,HORD003207,PRD0687,1,1174.99,1174.99
HITM0010107,HORD003207,PRD0077,1,604.37,604.37
HITM0010108,HORD003207,PRD0821,1,979.52,979.52
HITM0010109,HORD003208,PRD0063,2,1221.39,2442.78
HITM0010110,HORD003208,PRD0828,1,146.02,146.02
HITM0010111,HORD003208,PRD0628,2,904.82,1809.64
HITM0010112,HORD003208,PRD0844,1,3853.97,3853.97
HITM0010113,HORD003208,PRD0842,1,1294.03,1294.03
HITM0010114,HORD003209,PRD0733,1,1110.2,1110.2
HITM0010115,HORD003209,PRD0197,2,847.92,1695.84
HITM0010116,HORD003209,PRD0947,1,934.61,934.61
HITM0010117,HORD003209,PRD0718,1,543.69,543.69
HITM0010118,HORD003210,PRD0624,1,2196.66,2196.66
HITM0010119,HORD003210,PRD0184,1,869.57,869.57
HITM0010120,HORD003211,PRD0330,1,51.67,51.67
HITM0010121,HORD003211,PRD0173,1,270.07,270.07
HITM0010122,HORD003211,PRD0103,2,1002.58,2005.16
HITM0010123,HORD003211,PRD0690,1,296.31,296.31
HITM0010124,HORD003212,PRD0137,1,125.48,125.48
HITM0010125,HORD003212,PRD0891,1,2138.63,2138.63
HITM0010126,HORD003212,PRD0991,1,2498.97,2498.97
HITM0010127,HORD003212,PRD0796,1,46.19,46.19
HITM0010128,HORD003213,PRD0880,1,132.59,132.59
HITM0010129,HORD003213,PRD0958,3,733.5,2200.5
HITM0010130,HORD003213,PRD0168,1,451.79,451.79
HITM0010131,HORD003213,PRD0660,1,89.27,89.27
HITM0010132,HORD003213,PRD0868,2,594.16,1188.32
HITM0010133,HORD003214,PRD0179,1,1477.46,1477.46
HITM0010134,HORD003214,PRD0495,2,692.95,1385.9
HITM0010135,HORD003214,PRD0148,1,1096.52,1096.52
HITM0010136,HORD003215,PRD0162,1,1711.96,1711.96
HITM0010137,HORD003215,PRD0525,1,135.44,135.44
HITM0010138,HORD003215,PRD0111,1,2254.79,2254.79
HITM0010139,HORD003215,PRD0456,1,117.59,117.59
HITM0010140,HORD003215,PRD0031,1,1504.32,1504.32
HITM0010141,HORD003216,PRD0683,1,571.77,571.77
HITM0010142,HORD003216,PRD0471,1,1547.86,1547.86
HITM0010143,HORD003217,PRD0589,1,824.97,824.97
HITM0010144,HORD003217,PRD0149,1,1414.32,1414.32
HITM0010145,HORD003217,PRD0554,1,611.35,611.35
HITM0010146,HORD003218,PRD0657,1,1083.93,1083.93
HITM0010147,HORD003219,PRD0522,1,1270.84,1270.84
HITM0010148,HORD003219,PRD0609,1,83.83,83.83
HITM0010149,HORD003219,PRD0286,2,666.41,1332.82
HITM0010150,HORD003219,PRD0665,2,191.97,383.94
HITM0010151,HORD003219,PRD0746,1,187.06,187.06
HITM0010152,HORD003220,PRD0874,1,3409.41,3409.41
HITM0010153,HORD003220,PRD0567,1,1572.22,1572.22
HITM0010154,HORD003220,PRD0555,1,955.38,955.38
HITM0010155,HORD003220,PRD0474,2,480.29,960.58
HITM0010156,HORD003221,PRD0390,1,153.47,153.47
HITM0010157,HORD003221,PRD0652,1,1711.11,1711.11
HITM0010158,HORD003221,PRD0080,1,122.76,122.76
HITM0010159,HORD003221,PRD0306,2,422.96,845.92
HITM0010160,HORD003222,PRD0413,1,486.14,486.14
HITM0010161,HORD003222,PRD0093,2,401.55,803.1
HITM0010162,HORD003222,PRD0027,1,116.57,116.57
HITM0010163,HORD003223,PRD0132,2,687.19,1374.38
HITM0010164,HORD003223,PRD0645,1,1142.68,1142.68
HITM0010165,HORD003224,PRD0474,1,480.29,480.29
HITM0010166,HORD003224,PRD0496,1,519.08,519.08
HITM0010167,HORD003224,PRD0751,1,1174.19,1174.19
HITM0010168,HORD003224,PRD0929,2,131.55,263.1
HITM0010169,HORD003225,PRD0086,3,92.8,278.4
HITM0010170,HORD003225,PRD0496,1,519.08,519.08
HITM0010171,HORD003226,PRD0633,1,1341.18,1341.18
HITM0010172,HORD003226,PRD0224,1,2004.5,2004.5
HITM0010173,HORD003226,PRD0111,1,2254.79,2254.79
HITM0010174,HORD003226,PRD0804,1,3159.06,3159.06
HITM0010175,HORD003227,PRD0936,1,279.68,279.68
HITM0010176,HORD003227,PRD0182,2,986.88,1973.76
HITM0010177,HORD003227,PRD0793,1,760.3,760.3
HITM0010178,HORD003227,PRD0104,1,3475.57,3475.57
HITM0010179,HORD003227,PRD0263,2,618.52,1237.04
HITM0010180,HORD003228,PRD0304,1,3629.59,3629.59
HITM0010181,HORD003228,PRD0068,1,327.08,327.08
HITM0010182,HORD003228,PRD0090,1,136.64,136.64
HITM0010183,HORD003228,PRD0855,1,204.55,204.55
HITM0010184,HORD003229,PRD0537,1,717.48,717.48
HITM0010185,HORD003229,PRD0706,1,377.51,377.51
HITM0010186,HORD003229,PRD0767,1,380.35,380.35
HITM0010187,HORD003229,PRD0726,3,256.01,768.03
HITM0010188,HORD003229,PRD0705,1,387.12,387.12
HITM0010189,HORD003230,PRD0817,1,1184.03,1184.03
HITM0010190,HORD003231,PRD1000,1,45.04,45.04
HITM0010191,HORD003231,PRD0897,1,351.24,351.24
HITM0010192,HORD003231,PRD0413,3,486.14,1458.42
HITM0010193,HORD003232,PRD0808,1,69.84,69.84
HITM0010194,HORD003233,PRD0526,2,44.24,88.48
HITM0010195,HORD003233,PRD0808,1,69.84,69.84
HITM0010196,HORD003233,PRD0216,1,241.98,241.98
HITM0010197,HORD003233,PRD0462,1,1180.47,1180.47
HITM0010198,HORD003233,PRD0421,1,2974.43,2974.43
HITM0010199,HORD003234,PRD0703,1,716.42,716.42
HITM0010200,HORD003234,PRD0421,1,2974.43,2974.43
HITM0010201,HORD003234,PRD0592,1,448.87,448.87
HITM0010202,HORD003234,PRD0049,1,598.46,598.46
HITM0010203,HORD003234,PRD0053,1,1429.67,1429.67
HITM0010204,HORD003235,PRD0215,1,616.18,616.18
HITM0010205,HORD003235,PRD0103,1,1002.58,1002.58
HITM0010206,HORD003236,PRD0769,2,798.58,1597.16
HITM0010207,HORD003236,PRD0026,2,122.12,244.24
HITM0010208,HORD003237,PRD0995,1,258.22,258.22
HITM0010209,HORD003237,PRD0782,1,492.79,492.79
HITM0010210,HORD003237,PRD0096,1,291.41,291.41
HITM0010211,HORD003237,PRD0983,1,863.49,863.49
HITM0010212,HORD003238,PRD0285,1,437.61,437.61
HITM0010213,HORD003238,PRD0790,1,55.39,55.39
HITM0010214,HORD003239,PRD0845,1,45.19,45.19
HITM0010215,HORD003239,PRD0920,2,123.07,246.14
HITM0010216,HORD003239,PRD0915,2,551.31,1102.62
HITM0010217,HORD003239,PRD0275,1,394.33,394.33
HITM0010218,HORD003240,PRD0828,1,146.02,146.02
HITM0010219,HORD003240,PRD0289,1,1205.3,1205.3
HITM0010220,HORD003240,PRD0919,1,192.13,192.13
HITM0010221,HORD003241,PRD0366,1,428.57,428.57
HITM0010222,HORD003242,PRD0172,1,616.06,616.06
HITM0010223,HORD003242,PRD0352,1,393.98,393.98
HITM0010224,HORD003242,PRD0239,3,984.36,2953.08
HITM0010225,HORD003243,PRD0976,2,714.76,1429.52
HITM0010226,HORD003244,PRD0801,1,1592.9,1592.9
HITM0010227,HORD003244,PRD0061,1,2127.06,2127.06
HITM0010228,HORD003244,PRD0865,1,1074.97,1074.97
HITM0010229,HORD003244,PRD0540,1,301.77,301.77
HITM0010230,HORD003244,PRD0770,1,410.85,410.85
HITM0010231,HORD003245,PRD0578,1,383.34,383.34
HITM0010232,HORD003245,PRD0281,2,3193.12,6386.24
HITM0010233,HORD003245,PRD0181,2,1201.83,2403.66
HITM0010234,HORD003246,PRD0491,1,2056.04,2056.04
HITM0010235,HORD003246,PRD0860,1,397.97,397.97
HITM0010236,HORD003246,PRD0390,1,153.47,153.47
HITM0010237,HORD003247,PRD0146,1,212.69,212.69
HITM0010238,HORD003247,PRD0520,2,188.8,377.6
HITM0010239,HORD003248,PRD0107,1,559.52,559.52
HITM0010240,HORD003248,PRD0088,1,141.39,141.39
HITM0010241,HORD003248,PRD0871,1,3071.93,3071.93
HITM0010242,HORD003249,PRD0208,1,940.02,940.02
HITM0010243,HORD003250,PRD0816,2,377.97,755.94
HITM0010244,HORD003250,PRD0086,1,92.8,92.8
HITM0010245,HORD003251,PRD0032,2,742.08,1484.16
HITM0010246,HORD003251,PRD0545,1,1132.56,1132.56
HITM0010247,HORD003252,PRD0162,1,1711.96,1711.96
HITM0010248,HORD003252,PRD0626,1,139.26,139.26
HITM0010249,HORD003253,PRD0499,1,779.63,779.63
HITM0010250,HORD003253,PRD0595,1,429.07,429.07
HITM0010251,HORD003253,PRD0552,1,470.47,470.47
HITM0010252,HORD003254,PRD0996,1,440.1,440.1
HITM0010253,HORD003254,PRD0840,2,102.1,204.2
HITM0010254,HORD003254,PRD0420,1,277.28,277.28
HITM0010255,HORD003254,PRD0640,1,23.59,23.59
HITM0010256,HORD003254,PRD0754,1,2370.32,2370.32
HITM0010257,HORD003255,PRD0920,1,123.07,123.07
HITM0010258,HORD003255,PRD0882,1,989.33,989.33
HITM0010259,HORD003256,PRD0545,1,1132.56,1132.56
HITM0010260,HORD003256,PRD0608,1,313.58,313.58
HITM0010261,HORD003256,PRD0550,1,229.62,229.62
HITM0010262,HORD003256,PRD0815,1,962.19,962.19
HITM0010263,HORD003257,PRD0855,1,204.55,204.55
HITM0010264,HORD003258,PRD0830,1,146.02,146.02
HITM0010265,HORD003258,PRD0005,1,793.64,793.64
HITM0010266,HORD003258,PRD0190,1,34.34,34.34
HITM0010267,HORD003259,PRD0200,1,231.67,231.67
HITM0010268,HORD003259,PRD0697,2,1305.19,2610.38
HITM0010269,HORD003259,PRD0230,1,34.01,34.01
HITM0010270,HORD003260,PRD0160,1,21.4,21.4
HITM0010271,HORD003260,PRD0947,1,934.61,934.61
HITM0010272,HORD003261,PRD0931,1,1394.59,1394.59
HITM0010273,HORD003261,PRD0395,1,1111.47,1111.47
HITM0010274,HORD003261,PRD0366,1,428.57,428.57
HITM0010275,HORD003261,PRD0829,1,328.42,328.42
HITM0010276,HORD003262,PRD0118,1,156.33,156.33
HITM0010277,HORD003262,PRD0644,1,3406.46,3406.46
HITM0010278,HORD003262,PRD0130,1,183.26,183.26
HITM0010279,HORD003263,PRD0584,1,3190.99,3190.99
HITM0010280,HORD003263,PRD0269,1,473.87,473.87
HITM0010281,HORD003263,PRD0082,1,1374.63,1374.63
HITM0010282,HORD003264,PRD0488,2,780.13,1560.26
HITM0010283,HORD003265,PRD0201,1,1626.1,1626.1
HITM0010284,HORD003265,PRD0048,1,490.15,490.15
HITM0010285,HORD003265,PRD0937,1,435.56,435.56
HITM0010286,HORD003266,PRD0510,1,112.56,112.56
HITM0010287,HORD003266,PRD0755,1,229.0,229.0
HITM0010288,HORD003266,PRD0319,1,1438.71,1438.71
HITM0010289,HORD003266,PRD0046,1,192.34,192.34
HITM0010290,HORD003267,PRD0355,1,1138.32,1138.32
HITM0010291,HORD003267,PRD0010,3,39.45,118.35
HITM0010292,HORD003267,PRD0929,1,131.55,131.55
HITM0010293,HORD003267,PRD0924,1,508.67,508.67
HITM0010294,HORD003268,PRD0213,2,1247.62,2495.24
HITM0010295,HORD003268,PRD0564,1,3766.49,3766.49
HITM0010296,HORD003268,PRD0553,1,1597.7,1597.7
HITM0010297,HORD003269,PRD0337,1,408.39,408.39
HITM0010298,HORD003269,PRD0578,1,383.34,383.34
HITM0010299,HORD003269,PRD0257,1,1854.63,1854.63
HITM0010300,HORD003270,PRD0036,1,226.94,226.94
HITM0010301,HORD003270,PRD0288,1,151.78,151.78
HITM0010302,HORD003270,PRD0322,1,1216.91,1216.91
HITM0010303,HORD003271,PRD0679,2,1399.86,2799.72
HITM0010304,HORD003271,PRD0185,1,325.14,325.14
HITM0010305,HORD003271,PRD0714,1,3727.82,3727.82
HITM0010306,HORD003271,PRD0764,1,472.57,472.57
HITM0010307,HORD003272,PRD0820,1,31.29,31.29
HITM0010308,HORD003272,PRD0182,2,986.88,1973.76
HITM0010309,HORD003273,PRD0975,1,723.09,723.09
HITM0010310,HORD003273,PRD0674,1,2519.21,2519.21
HITM0010311,HORD003273,PRD0745,1,494.7,494.7
HITM0010312,HORD003273,PRD0944,1,2088.32,2088.32
HITM0010313,HORD003273,PRD0919,1,192.13,192.13
HITM0010314,HORD003274,PRD0517,1,2094.09,2094.09
HITM0010315,HORD003274,PRD0898,1,197.48,197.48
HITM0010316,HORD003275,PRD0867,1,822.76,822.76
HITM0010317,HORD003275,PRD0562,1,1881.67,1881.67
HITM0010318,HORD003276,PRD0478,2,917.54,1835.08
HITM0010319,HORD003276,PRD0981,1,2778.15,2778.15
HITM0010320,HORD003276,PRD1000,1,45.04,45.04
HITM0010321,HORD003276,PRD0455,1,243.16,243.16
HITM0010322,HORD003276,PRD0131,1,2191.15,2191.15
HITM0010323,HORD003277,PRD0728,1,122.0,122.0
HITM0010324,HORD003277,PRD0138,1,99.85,99.85
HITM0010325,HORD003278,PRD0115,2,671.68,1343.36
HITM0010326,HORD003278,PRD0123,3,1257.07,3771.21
HITM0010327,HORD003278,PRD0216,1,241.98,241.98
HITM0010328,HORD003278,PRD0853,1,1167.89,1167.89
HITM0010329,HORD003278,PRD0274,1,416.56,416.56
HITM0010330,HORD003279,PRD0353,2,1290.29,2580.58
HITM0010331,HORD003280,PRD0030,3,239.93,719.79
HITM0010332,HORD003280,PRD0296,1,122.37,122.37
HITM0010333,HORD003280,PRD0596,1,497.18,497.18
HITM0010334,HORD003280,PRD0656,1,300.51,300.51
HITM0010335,HORD003280,PRD0345,1,752.34,752.34
HITM0010336,HORD003281,PRD0649,1,985.02,985.02
HITM0010337,HORD003281,PRD0885,1,689.39,689.39
HITM0010338,HORD003281,PRD0300,1,243.64,243.64
HITM0010339,HORD003282,PRD0626,1,139.26,139.26
HITM0010340,HORD003282,PRD0040,2,201.64,403.28
HITM0010341,HORD003282,PRD0272,1,839.78,839.78
HITM0010342,HORD003283,PRD0182,1,986.88,986.88
HITM0010343,HORD003283,PRD0053,1,1429.67,1429.67
HITM0010344,HORD003284,PRD0682,2,1273.55,2547.1
HITM0010345,HORD003284,PRD0427,3,2246.52,6739.56
HITM0010346,HORD003284,PRD0908,1,136.87,136.87
HITM0010347,HORD003285,PRD0156,1,115.73,115.73
HITM0010348,HORD003285,PRD0045,2,306.29,612.58
HITM0010349,HORD003286,PRD0435,1,676.32,676.32
HITM0010350,HORD003286,PRD0271,1,1003.21,1003.21
HITM0010351,HORD003286,PRD0278,1,83.35,83.35
HITM0010352,HORD003286,PRD0339,1,1448.64,1448.64
HITM0010353,HORD003286,PRD0774,1,1734.69,1734.69
HITM0010354,HORD003287,PRD0020,2,148.97,297.94
HITM0010355,HORD003287,PRD0320,1,227.72,227.72
HITM0010356,HORD003287,PRD0175,1,340.25,340.25
HITM0010357,HORD003288,PRD0908,1,136.87,136.87
HITM0010358,HORD003288,PRD0008,2,205.21,410.42
HITM0010359,HORD003289,PRD0538,1,748.35,748.35
HITM0010360,HORD003289,PRD0352,1,393.98,393.98
HITM0010361,HORD003289,PRD0156,1,115.73,115.73
HITM0010362,HORD003289,PRD0717,1,2154.07,2154.07
HITM0010363,HORD003290,PRD0107,1,559.52,559.52
HITM0010364,HORD003290,PRD0274,1,416.56,416.56
HITM0010365,HORD003290,PRD0030,1,239.93,239.93
HITM0010366,HORD003290,PRD0820,1,31.29,31.29
HITM0010367,HORD003291,PRD0734,1,3584.06,3584.06
HITM0010368,HORD003291,PRD0827,1,1653.52,1653.52
HITM0010369,HORD003292,PRD0405,2,1063.36,2126.72
HITM0010370,HORD003292,PRD0623,1,1330.89,1330.89
HITM0010371,HORD003292,PRD0802,1,715.6,715.6
HITM0010372,HORD003293,PRD0655,1,424.11,424.11
HITM0010373,HORD003293,PRD0116,1,328.2,328.2
HITM0010374,HORD003294,PRD0706,1,377.51,377.51
HITM0010375,HORD003295,PRD0177,1,535.99,535.99
HITM0010376,HORD003295,PRD0868,1,594.16,594.16
HITM0010377,HORD003295,PRD0708,2,1093.2,2186.4
HITM0010378,HORD003295,PRD0625,1,122.46,122.46
HITM0010379,HORD003295,PRD0371,1,2576.15,2576.15
HITM0010380,HORD003296,PRD0845,2,45.19,90.38
HITM0010381,HORD003296,PRD0853,1,1167.89,1167.89
HITM0010382,HORD003297,PRD0563,1,651.72,651.72
HITM0010383,HORD003297,PRD0488,1,780.13,780.13
HITM0010384,HORD003298,PRD0760,2,187.91,375.82
HITM0010385,HORD003298,PRD0528,1,136.95,136.95
HITM0010386,HORD003298,PRD0832,1,1613.0,1613.0
HITM0010387,HORD003298,PRD0590,1,49.98,49.98
HITM0010388,HORD003299,PRD0895,1,567.08,567.08
HITM0010389,HORD003299,PRD0230,1,34.01,34.01
HITM0010390,HORD003299,PRD0489,1,376.72,376.72
HITM0010391,HORD003300,PRD0507,1,135.21,135.21
HITM0010392,HORD003300,PRD0129,1,584.17,584.17
HITM0010393,HORD003300,PRD0230,1,34.01,34.01
HITM0010394,HORD003301,PRD0298,1,580.86,580.86
HITM0010395,HORD003301,PRD0006,2,35.37,70.74
HITM0010396,HORD003301,PRD0460,1,289.71,289.71
HITM0010397,HORD003301,PRD0395,1,1111.47,1111.47
HITM0010398,HORD003302,PRD0290,1,53.02,53.02
HITM0010399,HORD003302,PRD0282,2,1092.79,2185.58
HITM0010400,HORD003302,PRD0147,1,1910.7,1910.7
HITM0010401,HORD003303,PRD0093,1,401.55,401.55
HITM0010402,HORD003303,PRD0316,2,401.13,802.26
HITM0010403,HORD003304,PRD0009,3,354.96,1064.88
HITM0010404,HORD003304,PRD0973,1,573.55,573.55
HITM0010405,HORD003305,PRD0080,1,122.76,122.76
HITM0010406,HORD003305,PRD0846,1,417.95,417.95
HITM0010407,HORD003306,PRD0710,1,161.67,161.67
HITM0010408,HORD003306,PRD0793,2,760.3,1520.6
HITM0010409,HORD003307,PRD0372,1,330.93,330.93
HITM0010410,HORD003308,PRD0625,1,122.46,122.46
HITM0010411,HORD003308,PRD0481,1,1805.28,1805.28
HITM0010412,HORD003309,PRD0983,1,863.49,863.49
HITM0010413,HORD003309,PRD0587,1,1244.16,1244.16
HITM0010414,HORD003309,PRD0094,2,1868.0,3736.0
HITM0010415,HORD003310,PRD0149,1,1414.32,1414.32
HITM0010416,HORD003311,PRD0496,2,519.08,1038.16
HITM0010417,HORD003311,PRD0762,1,848.37,848.37
HITM0010418,HORD003311,PRD0875,3,73.21,219.63
HITM0010419,HORD003311,PRD0098,1,1046.87,1046.87
HITM0010420,HORD003312,PRD0513,1,453.22,453.22
HITM0010421,HORD003312,PRD0111,1,2254.79,2254.79
HITM0010422,HORD003312,PRD0410,1,142.89,142.89
HITM0010423,HORD003312,PRD0926,1,455.41,455.41
HITM0010424,HORD003313,PRD0123,1,1257.07,1257.07
HITM0010425,HORD003313,PRD0535,1,878.27,878.27
HITM0010426,HORD003313,PRD0526,1,44.24,44.24
HITM0010427,HORD003313,PRD0764,1,472.57,472.57
HITM0010428,HORD003313,PRD0685,1,987.86,987.86
HITM0010429,HORD003314,PRD0971,2,1694.61,3389.22
HITM0010430,HORD003314,PRD0383,1,1183.76,1183.76
HITM0010431,HORD003314,PRD0858,1,363.41,363.41
HITM0010432,HORD003314,PRD0836,2,610.89,1221.78
HITM0010433,HORD003315,PRD0077,1,604.37,604.37
HITM0010434,HORD003315,PRD0192,1,687.57,687.57
HITM0010435,HORD003316,PRD0705,1,387.12,387.12
HITM0010436,HORD003316,PRD0636,1,418.01,418.01
HITM0010437,HORD003316,PRD0998,1,366.72,366.72
HITM0010438,HORD003316,PRD0981,1,2778.15,2778.15
HITM0010439,HORD003317,PRD0440,1,112.71,112.71
HITM0010440,HORD003318,PRD0040,1,201.64,201.64
HITM0010441,HORD003318,PRD0453,1,904.43,904.43
HITM0010442,HORD003318,PRD0837,1,470.72,470.72
HITM0010443,HORD003318,PRD0236,1,313.33,313.33
HITM0010444,HORD003319,PRD0080,1,122.76,122.76
HITM0010445,HORD003319,PRD0502,2,553.17,1106.34
HITM0010446,HORD003320,PRD0123,1,1257.07,1257.07
HITM0010447,HORD003320,PRD0242,1,1531.86,1531.86
HITM0010448,HORD003320,PRD0278,3,83.35,250.05
HITM0010449,HORD003320,PRD0598,1,522.01,522.01
HITM0010450,HORD003321,PRD0650,1,297.34,297.34
HITM0010451,HORD003321,PRD0686,1,208.32,208.32
HITM0010452,HORD003322,PRD0674,1,2519.21,2519.21
HITM0010453,HORD003322,PRD0369,1,446.88,446.88
HITM0010454,HORD003323,PRD0008,1,205.21,205.21
HITM0010455,HORD003323,PRD0519,2,268.64,537.28
HITM0010456,HORD003323,PRD0027,1,116.57,116.57
HITM0010457,HORD003324,PRD0131,1,2191.15,2191.15
HITM0010458,HORD003324,PRD0128,1,394.68,394.68
HITM0010459,HORD003325,PRD0386,1,567.42,567.42
HITM0010460,HORD003325,PRD0788,1,1009.9,1009.9
HITM0010461,HORD003326,PRD0986,1,419.88,419.88
HITM0010462,HORD003326,PRD0766,1,420.5,420.5
HITM0010463,HORD003326,PRD0905,1,470.11,470.11
HITM0010464,HORD003326,PRD0928,1,834.91,834.91
HITM0010465,HORD003327,PRD0503,1,896.74,896.74
HITM0010466,HORD003327,PRD0128,2,394.68,789.36
HITM0010467,HORD003327,PRD0783,2,1427.48,2854.96
HITM0010468,HORD003327,PRD0614,1,2452.5,2452.5
HITM0010469,HORD003328,PRD0136,1,339.97,339.97
HITM0010470,HORD003328,PRD0976,1,714.76,714.76
HITM0010471,HORD003328,PRD0878,1,689.64,689.64
HITM0010472,HORD003329,PRD0654,2,1208.24,2416.48
HITM0010473,HORD003330,PRD0952,1,1636.67,1636.67
HITM0010474,HORD003331,PRD0303,1,858.46,858.46
HITM0010475,HORD003331,PRD0915,1,551.31,551.31
HITM0010476,HORD003332,PRD0882,2,989.33,1978.66
HITM0010477,HORD003332,PRD0390,1,153.47,153.47
HITM0010478,HORD003332,PRD0805,1,1065.34,1065.34
HITM0010479,HORD003333,PRD0568,1,299.47,299.47
HITM0010480,HORD003333,PRD0932,1,326.42,326.42
HITM0010481,HORD003333,PRD0332,2,449.5,899.0
HITM0010482,HORD003333,PRD0847,1,1756.67,1756.67
HITM0010483,HORD003334,PRD0814,1,849.01,849.01
HITM0010484,HORD003334,PRD0341,1,2845.05,2845.05
HITM0010485,HORD003334,PRD0920,1,123.07,123.07
HITM0010486,HORD003334,PRD0858,2,363.41,726.82
HITM0010487,HORD003335,PRD0028,2,160.23,320.46
HITM0010488,HORD003335,PRD0777,1,2046.64,2046.64
HITM0010489,HORD003336,PRD0349,1,469.34,469.34
HITM0010490,HORD003337,PRD0644,2,3406.46,6812.92
HITM0010491,HORD003337,PRD0743,2,939.8,1879.6
HITM0010492,HORD003337,PRD0078,1,451.23,451.23
HITM0010493,HORD003337,PRD0186,2,778.69,1557.38
HITM0010494,HORD003338,PRD0917,1,1133.22,1133.22
HITM0010495,HORD003338,PRD0489,1,376.72,376.72
HITM0010496,HORD003339,PRD0290,1,53.02,53.02
HITM0010497,HORD003339,PRD0771,1,1690.63,1690.63
HITM0010498,HORD003339,PRD0842,1,1294.03,1294.03
HITM0010499,HORD003340,PRD0009,2,354.96,709.92
HITM0010500,HORD003340,PRD0611,1,1417.98,1417.98
HITM0010501,HORD003341,PRD0005,1,793.64,793.64
HITM0010502,HORD003341,PRD0080,1,122.76,122.76
HITM0010503,HORD003341,PRD0519,3,268.64,805.92
HITM0010504,HORD003341,PRD0856,2,429.74,859.48
HITM0010505,HORD003342,PRD0430,1,348.93,348.93
HITM0010506,HORD003342,PRD0891,2,2138.63,4277.26
HITM0010507,HORD003342,PRD0124,1,2854.48,2854.48
HITM0010508,HORD003342,PRD0176,1,662.86,662.86
HITM0010509,HORD003343,PRD0069,1,398.01,398.01
HITM0010510,HORD003343,PRD0103,3,1002.58,3007.74
HITM0010511,HORD003344,PRD0007,1,1146.82,1146.82
HITM0010512,HORD003344,PRD0856,1,429.74,429.74
HITM0010513,HORD003344,PRD0926,1,455.41,455.41
HITM0010514,HORD003345,PRD0609,1,83.83,83.83
HITM0010515,HORD003345,PRD0263,2,618.52,1237.04
HITM0010516,HORD003346,PRD0546,1,361.61,361.61
HITM0010517,HORD003346,PRD0430,1,348.93,348.93
HITM0010518,HORD003346,PRD0384,1,1325.18,1325.18
HITM0010519,HORD003346,PRD0750,1,262.52,262.52
HITM0010520,HORD003346,PRD0065,1,446.02,446.02
HITM0010521,HORD003347,PRD0747,2,2580.17,5160.34
HITM0010522,HORD003347,PRD0157,2,1264.96,2529.92
HITM0010523,HORD003347,PRD0348,2,857.27,1714.54
HITM0010524,HORD003347,PRD0601,1,2366.92,2366.92
HITM0010525,HORD003347,PRD0430,1,348.93,348.93
HITM0010526,HORD003348,PRD0568,2,299.47,598.94
HITM0010527,HORD003348,PRD0870,2,360.59,721.18
HITM0010528,HORD003348,PRD0669,1,387.51,387.51
HITM0010529,HORD003349,PRD0951,3,2559.57,7678.71
HITM0010530,HORD003349,PRD0921,1,3109.79,3109.79
HITM0010531,HORD003349,PRD0028,1,160.23,160.23
HITM0010532,HORD003349,PRD0569,1,1425.79,1425.79
HITM0010533,HORD003350,PRD0118,1,156.33,156.33
HITM0010534,HORD003350,PRD0689,1,277.28,277.28
HITM0010535,HORD003350,PRD0010,2,39.45,78.9
HITM0010536,HORD003351,PRD0736,1,171.3,171.3
HITM0010537,HORD003352,PRD0868,1,594.16,594.16
HITM0010538,HORD003352,PRD0526,1,44.24,44.24
HITM0010539,HORD003353,PRD0089,1,561.13,561.13
HITM0010540,HORD003353,PRD0304,2,3629.59,7259.18
HITM0010541,HORD003353,PRD0624,1,2196.66,2196.66
HITM0010542,HORD003353,PRD0695,2,908.69,1817.38
HITM0010543,HORD003353,PRD0160,3,21.4,64.2
HITM0010544,HORD003354,PRD0905,1,470.11,470.11
HITM0010545,HORD003354,PRD0170,1,275.39,275.39
HITM0010546,HORD003354,PRD0989,1,535.6,535.6
HITM0010547,HORD003355,PRD0539,1,369.11,369.11
HITM0010548,HORD003355,PRD0489,3,376.72,1130.16
HITM0010549,HORD003355,PRD0996,1,440.1,440.1
HITM0010550,HORD003355,PRD0901,2,1749.28,3498.56
HITM0010551,HORD003356,PRD0169,1,445.45,445.45
HITM0010552,HORD003356,PRD0946,1,810.85,810.85
HITM0010553,HORD003356,PRD0180,2,356.72,713.44
HITM0010554,HORD003356,PRD0975,2,723.09,1446.18
HITM0010555,HORD003357,PRD0066,1,545.23,545.23
HITM0010556,HORD003357,PRD0028,1,160.23,160.23
HITM0010557,HORD003357,PRD0186,2,778.69,1557.38
HITM0010558,HORD003357,PRD0598,1,522.01,522.01
HITM0010559,HORD003357,PRD0180,1,356.72,356.72
HITM0010560,HORD003358,PRD0520,2,188.8,377.6
HITM0010561,HORD003358,PRD0133,1,334.91,334.91
HITM0010562,HORD003358,PRD0450,3,56.05,168.15
HITM0010563,HORD003359,PRD0053,1,1429.67,1429.67
HITM0010564,HORD003359,PRD0043,1,1005.0,1005.0
HITM0010565,HORD003359,PRD0238,1,1033.13,1033.13
HITM0010566,HORD003359,PRD0290,1,53.02,53.02
HITM0010567,HORD003360,PRD0368,2,759.57,1519.14
HITM0010568,HORD003361,PRD0866,2,369.1,738.2
HITM0010569,HORD003361,PRD0129,1,584.17,584.17
HITM0010570,HORD003361,PRD0423,1,610.02,610.02
HITM0010571,HORD003361,PRD0849,1,115.9,115.9
HITM0010572,HORD003361,PRD0796,2,46.19,92.38
HITM0010573,HORD003362,PRD0158,1,224.45,224.45
HITM0010574,HORD003362,PRD0045,2,306.29,612.58
HITM0010575,HORD003362,PRD0795,1,574.53,574.53
HITM0010576,HORD003363,PRD0119,2,756.54,1513.08
HITM0010577,HORD003363,PRD0969,1,99.89,99.89
HITM0010578,HORD003363,PRD0928,1,834.91,834.91
HITM0010579,HORD003363,PRD0062,2,551.76,1103.52
HITM0010580,HORD003364,PRD0716,2,120.76,241.52
HITM0010581,HORD003364,PRD0519,1,268.64,268.64
HITM0010582,HORD003364,PRD0567,1,1572.22,1572.22
HITM0010583,HORD003365,PRD0830,1,146.02,146.02
HITM0010584,HORD003365,PRD0415,1,191.7,191.7
HITM0010585,HORD003366,PRD0134,1,878.86,878.86
HITM0010586,HORD003367,PRD0586,1,751.47,751.47
HITM0010587,HORD003367,PRD0039,1,735.79,735.79
HITM0010588,HORD003368,PRD0299,2,150.48,300.96
HITM0010589,HORD003368,PRD0553,1,1597.7,1597.7
HITM0010590,HORD003368,PRD0925,1,56.69,56.69
HITM0010591,HORD003369,PRD0515,1,1179.28,1179.28
HITM0010592,HORD003369,PRD0618,2,208.79,417.58
HITM0010593,HORD003369,PRD0680,1,103.14,103.14
HITM0010594,HORD003370,PRD0478,1,917.54,917.54
HITM0010595,HORD003370,PRD0928,1,834.91,834.91
HITM0010596,HORD003370,PRD0026,1,122.12,122.12
HITM0010597,HORD003370,PRD0729,2,1304.27,2608.54
HITM0010598,HORD003370,PRD0053,1,1429.67,1429.67
HITM0010599,HORD003371,PRD0331,1,2135.57,2135.57
HITM0010600,HORD003371,PRD0968,2,861.46,1722.92
HITM0010601,HORD003371,PRD0527,1,2128.95,2128.95
HITM0010602,HORD003372,PRD0006,1,35.37,35.37
HITM0010603,HORD003372,PRD0710,1,161.67,161.67
HITM0010604,HORD003372,PRD0133,2,334.91,669.82
HITM0010605,HORD003372,PRD0620,1,339.14,339.14
HITM0010606,HORD003373,PRD0917,2,1133.22,2266.44
HITM0010607,HORD003373,PRD0243,3,854.67,2564.01
HITM0010608,HORD003373,PRD0703,2,716.42,1432.84
HITM0010609,HORD003374,PRD0507,2,135.21,270.42
HITM0010610,HORD003374,PRD0294,1,1563.92,1563.92
HITM0010611,HORD003374,PRD0477,2,654.36,1308.72
HITM0010612,HORD003375,PRD0808,1,69.84,69.84
HITM0010613,HORD003375,PRD0795,1,574.53,574.53
HITM0010614,HORD003375,PRD0515,1,1179.28,1179.28
HITM0010615,HORD003376,PRD0644,1,3406.46,3406.46
HITM0010616,HORD003377,PRD0936,1,279.68,279.68
HITM0010617,HORD003377,PRD0329,1,100.62,100.62
HITM0010618,HORD003377,PRD0468,1,388.69,388.69
HITM0010619,HORD003378,PRD0791,2,2467.42,4934.84
HITM0010620,HORD003378,PRD0426,1,726.65,726.65
HITM0010621,HORD003378,PRD0850,1,37.87,37.87
HITM0010622,HORD003378,PRD0170,1,275.39,275.39
HITM0010623,HORD003379,PRD0372,1,330.93,330.93
HITM0010624,HORD003379,PRD0893,1,1495.82,1495.82
HITM0010625,HORD003379,PRD0676,1,117.14,117.14
HITM0010626,HORD003379,PRD0755,2,229.0,458.0
HITM0010627,HORD003380,PRD0009,1,354.96,354.96
HITM0010628,HORD003380,PRD0137,1,125.48,125.48
HITM0010629,HORD003380,PRD0384,1,1325.18,1325.18
HITM0010630,HORD003381,PRD0515,2,1179.28,2358.56
HITM0010631,HORD003381,PRD0953,1,968.69,968.69
HITM0010632,HORD003382,PRD0162,1,1711.96,1711.96
HITM0010633,HORD003382,PRD0345,1,752.34,752.34
HITM0010634,HORD003382,PRD0227,1,922.85,922.85
HITM0010635,HORD003382,PRD0562,1,1881.67,1881.67
HITM0010636,HORD003383,PRD0506,1,187.88,187.88
HITM0010637,HORD003383,PRD0177,2,535.99,1071.98
HITM0010638,HORD003384,PRD0300,2,243.64,487.28
HITM0010639,HORD003384,PRD0011,1,2618.24,2618.24
HITM0010640,HORD003385,PRD0652,1,1711.11,1711.11
HITM0010641,HORD003386,PRD0515,2,1179.28,2358.56
HITM0010642,HORD003386,PRD0569,2,1425.79,2851.58
HITM0010643,HORD003387,PRD0166,1,486.74,486.74
HITM0010644,HORD003387,PRD0779,1,234.12,234.12
HITM0010645,HORD003388,PRD0927,1,138.39,138.39
HITM0010646,HORD003388,PRD0942,1,437.56,437.56
HITM0010647,HORD003388,PRD0566,1,306.33,306.33
HITM0010648,HORD003389,PRD0990,2,373.88,747.76
HITM0010649,HORD003389,PRD0256,2,432.88,865.76
HITM0010650,HORD003389,PRD0963,1,648.79,648.79
HITM0010651,HORD003390,PRD0574,1,1085.51,1085.51
HITM0010652,HORD003390,PRD0756,1,61.89,61.89
HITM0010653,HORD003390,PRD0302,1,462.63,462.63
HITM0010654,HORD003391,PRD0588,1,544.11,544.11
HITM0010655,HORD003391,PRD0295,1,607.48,607.48
HITM0010656,HORD003392,PRD0390,2,153.47,306.94
HITM0010657,HORD003393,PRD0875,1,73.21,73.21
HITM0010658,HORD003393,PRD0035,1,1129.26,1129.26
HITM0010659,HORD003393,PRD0039,2,735.79,1471.58
HITM0010660,HORD003393,PRD0022,1,778.88,778.88
HITM0010661,HORD003394,PRD0567,2,1572.22,3144.44
HITM0010662,HORD003394,PRD0197,1,847.92,847.92
HITM0010663,HORD003394,PRD0692,2,1665.58,3331.16
HITM0010664,HORD003394,PRD0696,1,119.65,119.65
HITM0010665,HORD003394,PRD0078,1,451.23,451.23
HITM0010666,HORD003395,PRD0756,2,61.89,123.78
HITM0010667,HORD003395,PRD0853,1,1167.89,1167.89
HITM0010668,HORD003396,PRD0246,1,758.55,758.55
HITM0010669,HORD003396,PRD0313,1,1045.09,1045.09
HITM0010670,HORD003396,PRD0138,1,99.85,99.85
HITM0010671,HORD003396,PRD0360,1,326.09,326.09
HITM0010672,HORD003397,PRD0415,1,191.7,191.7
HITM0010673,HORD003397,PRD0578,1,383.34,383.34
HITM0010674,HORD003398,PRD0137,1,125.48,125.48
HITM0010675,HORD003398,PRD0431,2,2880.93,5761.86
HITM0010676,HORD003398,PRD0210,1,371.54,371.54
HITM0010677,HORD003399,PRD0003,1,342.16,342.16
HITM0010678,HORD003399,PRD0778,1,1004.54,1004.54
HITM0010679,HORD003400,PRD0526,1,44.24,44.24
HITM0010680,HORD003400,PRD0860,2,397.97,795.94
HITM0010681,HORD003400,PRD0845,1,45.19,45.19
HITM0010682,HORD003401,PRD0268,2,226.89,453.78
HITM0010683,HORD003401,PRD0349,1,469.34,469.34
HITM0010684,HORD003401,PRD0959,1,182.03,182.03
HITM0010685,HORD003402,PRD0456,1,117.59,117.59
HITM0010686,HORD003402,PRD0569,1,1425.79,1425.79
HITM0010687,HORD003402,PRD0412,1,1822.18,1822.18
HITM0010688,HORD003402,PRD0097,1,458.08,458.08
HITM0010689,HORD003402,PRD0203,1,489.43,489.43
HITM0010690,HORD003403,PRD0471,1,1547.86,1547.86
HITM0010691,HORD003403,PRD0964,1,887.89,887.89
HITM0010692,HORD003403,PRD0485,1,939.87,939.87
HITM0010693,HORD003403,PRD0901,1,1749.28,1749.28
HITM0010694,HORD003404,PRD0753,1,372.43,372.43
HITM0010695,HORD003404,PRD0403,1,1295.0,1295.0
HITM0010696,HORD003405,PRD0751,2,1174.19,2348.38
HITM0010697,HORD003405,PRD0677,2,1000.46,2000.92
HITM0010698,HORD003405,PRD0662,1,477.61,477.61
HITM0010699,HORD003405,PRD0252,1,879.59,879.59
HITM0010700,HORD003406,PRD0826,1,89.12,89.12
HITM0010701,HORD003406,PRD0647,1,754.04,754.04
HITM0010702,HORD003406,PRD0417,1,1221.03,1221.03
HITM0010703,HORD003406,PRD0655,1,424.11,424.11
HITM0010704,HORD003407,PRD0365,1,380.49,380.49
HITM0010705,HORD003407,PRD0858,1,363.41,363.41
HITM0010706,HORD003407,PRD0815,1,962.19,962.19
HITM0010707,HORD003408,PRD0357,2,1006.85,2013.7
HITM0010708,HORD003408,PRD0961,1,985.63,985.63
HITM0010709,HORD003408,PRD0119,1,756.54,756.54
HITM0010710,HORD003408,PRD0636,2,418.01,836.02
HITM0010711,HORD003408,PRD0543,1,1583.54,1583.54
HITM0010712,HORD003409,PRD0688,2,611.89,1223.78
HITM0010713,HORD003409,PRD0685,2,987.86,1975.72
HITM0010714,HORD003409,PRD0017,1,1435.41,1435.41
HITM0010715,HORD003409,PRD0920,1,123.07,123.07
HITM0010716,HORD003410,PRD0554,1,611.35,611.35
HITM0010717,HORD003410,PRD0126,2,499.59,999.18
HITM0010718,HORD003410,PRD0036,2,226.94,453.88
HITM0010719,HORD003410,PRD0197,1,847.92,847.92
HITM0010720,HORD003411,PRD0882,1,989.33,989.33
HITM0010721,HORD003412,PRD0552,1,470.47,470.47
HITM0010722,HORD003413,PRD0065,2,446.02,892.04
HITM0010723,HORD003413,PRD0180,1,356.72,356.72
HITM0010724,HORD003414,PRD0111,2,2254.79,4509.58
HITM0010725,HORD003414,PRD0547,1,394.5,394.5
HITM0010726,HORD003414,PRD0438,1,104.09,104.09
HITM0010727,HORD003414,PRD0320,2,227.72,455.44
HITM0010728,HORD003414,PRD0841,1,1110.67,1110.67
HITM0010729,HORD003415,PRD0668,2,641.02,1282.04
HITM0010730,HORD003415,PRD0186,2,778.69,1557.38
HITM0010731,HORD003416,PRD0806,1,499.24,499.24
HITM0010732,HORD003416,PRD0656,1,300.51,300.51
HITM0010733,HORD003417,PRD0691,1,2519.24,2519.24
HITM0010734,HORD003417,PRD0611,1,1417.98,1417.98
HITM0010735,HORD003417,PRD0074,1,3394.49,3394.49
HITM0010736,HORD003418,PRD0135,2,715.95,1431.9
HITM0010737,HORD003418,PRD0757,1,915.35,915.35
HITM0010738,HORD003419,PRD0227,1,922.85,922.85
HITM0010739,HORD003420,PRD0270,1,218.48,218.48
HITM0010740,HORD003420,PRD0638,1,675.35,675.35
HITM0010741,HORD003420,PRD0619,1,238.4,238.4
HITM0010742,HORD003420,PRD0163,1,1059.22,1059.22
HITM0010743,HORD003421,PRD0456,2,117.59,235.18
HITM0010744,HORD003421,PRD0627,1,857.8,857.8
HITM0010745,HORD003421,PRD0592,1,448.87,448.87
HITM0010746,HORD003421,PRD0703,1,716.42,716.42
HITM0010747,HORD003422,PRD0340,1,42.57,42.57
HITM0010748,HORD003422,PRD0665,2,191.97,383.94
HITM0010749,HORD003422,PRD0445,1,589.84,589.84
HITM0010750,HORD003422,PRD0812,1,1404.46,1404.46
HITM0010751,HORD003423,PRD0215,1,616.18,616.18
HITM0010752,HORD003423,PRD0840,1,102.1,102.1
HITM0010753,HORD003423,PRD0343,1,1288.78,1288.78
HITM0010754,HORD003423,PRD0617,1,2097.21,2097.21
HITM0010755,HORD003423,PRD0376,1,811.77,811.77
HITM0010756,HORD003424,PRD0318,1,971.41,971.41
HITM0010757,HORD003424,PRD0881,1,1385.81,1385.81
HITM0010758,HORD003424,PRD0977,1,327.77,327.77
HITM0010759,HORD003425,PRD0696,1,119.65,119.65
HITM0010760,HORD003425,PRD0486,1,180.26,180.26
HITM0010761,HORD003425,PRD0747,1,2580.17,2580.17
HITM0010762,HORD003426,PRD0332,1,449.5,449.5
HITM0010763,HORD003426,PRD0181,1,1201.83,1201.83
HITM0010764,HORD003426,PRD0728,1,122.0,122.0
HITM0010765,HORD003427,PRD0650,1,297.34,297.34
HITM0010766,HORD003428,PRD0840,1,102.1,102.1
HITM0010767,HORD003428,PRD0402,1,782.5,782.5
HITM0010768,HORD003429,PRD0180,1,356.72,356.72
HITM0010769,HORD003429,PRD0128,1,394.68,394.68
HITM0010770,HORD003429,PRD0706,2,377.51,755.02
HITM0010771,HORD003429,PRD0415,2,191.7,383.4
HITM0010772,HORD003430,PRD0488,2,780.13,1560.26
HITM0010773,HORD003431,PRD0588,2,544.11,1088.22
HITM0010774,HORD003431,PRD0140,1,347.21,347.21
HITM0010775,HORD003431,PRD0244,1,807.13,807.13
HITM0010776,HORD003432,PRD0831,1,1878.68,1878.68
HITM0010777,HORD003432,PRD0288,1,151.78,151.78
HITM0010778,HORD003432,PRD0726,1,256.01,256.01
HITM0010779,HORD003432,PRD0374,1,759.14,759.14
HITM0010780,HORD003433,PRD0609,1,83.83,83.83
HITM0010781,HORD003433,PRD0573,1,1394.74,1394.74
HITM0010782,HORD003433,PRD0362,1,1598.01,1598.01
HITM0010783,HORD003434,PRD0126,1,499.59,499.59
HITM0010784,HORD003434,PRD0534,1,458.42,458.42
HITM0010785,HORD003434,PRD0920,1,123.07,123.07
HITM0010786,HORD003435,PRD0504,1,2203.43,2203.43
HITM0010787,HORD003435,PRD0136,1,339.97,339.97
HITM0010788,HORD003436,PRD0508,1,323.95,323.95
HITM0010789,HORD003436,PRD0445,2,589.84,1179.68
HITM0010790,HORD003436,PRD0959,2,182.03,364.06
HITM0010791,HORD003436,PRD0694,1,1978.51,1978.51
HITM0010792,HORD003437,PRD0915,1,551.31,551.31
HITM0010793,HORD003437,PRD0820,1,31.29,31.29
HITM0010794,HORD003437,PRD0708,1,1093.2,1093.2
HITM0010795,HORD003438,PRD0719,1,876.46,876.46
HITM0010796,HORD003439,PRD0275,1,394.33,394.33
HITM0010797,HORD003440,PRD0262,1,893.46,893.46
HITM0010798,HORD003440,PRD0496,1,519.08,519.08
HITM0010799,HORD003441,PRD0323,1,1563.09,1563.09
HITM0010800,HORD003441,PRD0773,1,310.58,310.58
HITM0010801,HORD003441,PRD0036,1,226.94,226.94
HITM0010802,HORD003442,PRD0541,2,2989.04,5978.08
HITM0010803,HORD003442,PRD0765,1,724.29,724.29
HITM0010804,HORD003442,PRD0939,1,522.59,522.59
HITM0010805,HORD003443,PRD0045,1,306.29,306.29
HITM0010806,HORD003443,PRD0168,1,451.79,451.79
HITM0010807,HORD003444,PRD0562,1,1881.67,1881.67
HITM0010808,HORD003444,PRD0826,3,89.12,267.36
HITM0010809,HORD003445,PRD0928,1,834.91,834.91
HITM0010810,HORD003445,PRD0290,2,53.02,106.04
HITM0010811,HORD003445,PRD0453,1,904.43,904.43
HITM0010812,HORD003445,PRD0035,1,1129.26,1129.26
HITM0010813,HORD003446,PRD0975,1,723.09,723.09
HITM0010814,HORD003446,PRD0270,1,218.48,218.48
HITM0010815,HORD003446,PRD0112,2,1578.75,3157.5
HITM0010816,HORD003447,PRD0526,1,44.24,44.24
HITM0010817,HORD003447,PRD0998,1,366.72,366.72
HITM0010818,HORD003447,PRD0244,1,807.13,807.13
HITM0010819,HORD003448,PRD0095,2,590.13,1180.26
HITM0010820,HORD003448,PRD0522,1,1270.84,1270.84
HITM0010821,HORD003448,PRD0498,1,309.85,309.85
HITM0010822,HORD003449,PRD0589,2,824.97,1649.94
HITM0010823,HORD003449,PRD0720,1,416.7,416.7
HITM0010824,HORD003449,PRD0869,2,131.2,262.4
HITM0010825,HORD003449,PRD0328,2,650.32,1300.64
HITM0010826,HORD003450,PRD0249,1,1215.99,1215.99
HITM0010827,HORD003450,PRD0127,1,1131.95,1131.95
HITM0010828,HORD003450,PRD0144,1,816.73,816.73
HITM0010829,HORD003451,PRD0105,1,385.04,385.04
HITM0010830,HORD003452,PRD0781,1,2713.32,2713.32
HITM0010831,HORD003452,PRD0080,1,122.76,122.76
HITM0010832,HORD003452,PRD0990,1,373.88,373.88
HITM0010833,HORD003452,PRD0776,1,294.42,294.42
HITM0010834,HORD003452,PRD0264,2,2624.21,5248.42
HITM0010835,HORD003453,PRD0537,1,717.48,717.48
HITM0010836,HORD003453,PRD0171,2,2475.28,4950.56
HITM0010837,HORD003453,PRD0372,1,330.93,330.93
HITM0010838,HORD003454,PRD0001,1,2639.78,2639.78
HITM0010839,HORD003454,PRD0621,1,1360.63,1360.63
HITM0010840,HORD003454,PRD0026,1,122.12,122.12
HITM0010841,HORD003454,PRD0906,1,553.58,553.58
HITM0010842,HORD003455,PRD0545,1,1132.56,1132.56
HITM0010843,HORD003455,PRD0819,3,269.55,808.65
HITM0010844,HORD003455,PRD0382,1,865.54,865.54
HITM0010845,HORD003455,PRD0555,2,955.38,1910.76
HITM0010846,HORD003456,PRD0810,1,393.15,393.15
HITM0010847,HORD003456,PRD0490,2,63.94,127.88
HITM0010848,HORD003456,PRD0078,1,451.23,451.23
HITM0010849,HORD003457,PRD0348,1,857.27,857.27
HITM0010850,HORD003457,PRD0998,1,366.72,366.72
HITM0010851,HORD003457,PRD0704,1,4048.59,4048.59
HITM0010852,HORD003458,PRD0155,1,673.32,673.32
HITM0010853,HORD003458,PRD0946,2,810.85,1621.7
HITM0010854,HORD003458,PRD0295,1,607.48,607.48
HITM0010855,HORD003459,PRD0608,2,313.58,627.16
HITM0010856,HORD003459,PRD0424,1,4001.95,4001.95
HITM0010857,HORD003459,PRD0123,1,1257.07,1257.07
HITM0010858,HORD003459,PRD0551,1,2253.02,2253.02
HITM0010859,HORD003460,PRD0126,2,499.59,999.18
HITM0010860,HORD003460,PRD0675,1,625.06,625.06
HITM0010861,HORD003460,PRD0812,1,1404.46,1404.46
HITM0010862,HORD003461,PRD0003,1,342.16,342.16
HITM0010863,HORD003461,PRD0619,1,238.4,238.4
HITM0010864,HORD003461,PRD0208,1,940.02,940.02
HITM0010865,HORD003462,PRD0045,2,306.29,612.58
HITM0010866,HORD003462,PRD0178,1,176.94,176.94
HITM0010867,HORD003462,PRD0055,3,371.08,1113.24
HITM0010868,HORD003463,PRD0597,1,2095.04,2095.04
HITM0010869,HORD003463,PRD0207,2,1636.46,3272.92
HITM0010870,HORD003463,PRD0854,1,651.27,651.27
HITM0010871,HORD003463,PRD0700,2,206.13,412.26
HITM0010872,HORD003464,PRD0094,2,1868.0,3736.0
HITM0010873,HORD003464,PRD0676,1,117.14,117.14
HITM0010874,HORD003464,PRD0309,1,621.05,621.05
HITM0010875,HORD003465,PRD0517,2,2094.09,4188.18
HITM0010876,HORD003465,PRD0089,1,561.13,561.13
HITM0010877,HORD003465,PRD0896,2,507.02,1014.04
HITM0010878,HORD003465,PRD0612,2,1437.47,2874.94
HITM0010879,HORD003466,PRD0265,1,542.34,542.34
HITM0010880,HORD003466,PRD0043,1,1005.0,1005.0
HITM0010881,HORD003466,PRD0849,1,115.9,115.9
HITM0010882,HORD003467,PRD0187,1,1511.07,1511.07
HITM0010883,HORD003467,PRD0896,1,507.02,507.02
HITM0010884,HORD003467,PRD0989,1,535.6,535.6
HITM0010885,HORD003468,PRD0253,1,1322.89,1322.89
HITM0010886,HORD003468,PRD0850,2,37.87,75.74
HITM0010887,HORD003468,PRD0488,1,780.13,780.13
HITM0010888,HORD003469,PRD0504,1,2203.43,2203.43
HITM0010889,HORD003469,PRD0849,1,115.9,115.9
HITM0010890,HORD003469,PRD0178,1,176.94,176.94
HITM0010891,HORD003470,PRD0250,1,329.47,329.47
HITM0010892,HORD003470,PRD0600,1,222.54,222.54
HITM0010893,HORD003470,PRD0216,1,241.98,241.98
HITM0010894,HORD003470,PRD1000,3,45.04,135.12
HITM0010895,HORD003471,PRD0459,1,461.78,461.78
HITM0010896,HORD003471,PRD0985,2,77.36,154.72
HITM0010897,HORD003472,PRD0149,1,1414.32,1414.32
HITM0010898,HORD003473,PRD0478,1,917.54,917.54
HITM0010899,HORD003473,PRD0651,1,1981.28,1981.28
HITM0010900,HORD003473,PRD0289,1,1205.3,1205.3
HITM0010901,HORD003473,PRD0069,2,398.01,796.02
HITM0010902,HORD003474,PRD0710,2,161.67,323.34
HITM0010903,HORD003475,PRD0756,2,61.89,123.78
HITM0010904,HORD003475,PRD0976,1,714.76,714.76
HITM0010905,HORD003475,PRD0715,1,809.62,809.62
HITM0010906,HORD003475,PRD0309,1,621.05,621.05
HITM0010907,HORD003476,PRD0467,1,590.42,590.42
HITM0010908,HORD003476,PRD0786,1,326.86,326.86
HITM0010909,HORD003476,PRD0368,2,759.57,1519.14
HITM0010910,HORD003476,PRD0307,1,2338.69,2338.69
HITM0010911,HORD003477,PRD0437,1,892.67,892.67
HITM0010912,HORD003477,PRD0254,3,3553.03,10659.09
HITM0010913,HORD003478,PRD0734,3,3584.06,10752.18
HITM0010914,HORD003478,PRD0220,1,187.94,187.94
HITM0010915,HORD003479,PRD0428,1,491.35,491.35
HITM0010916,HORD003479,PRD0270,1,218.48,218.48
HITM0010917,HORD003479,PRD0468,1,388.69,388.69
HITM0010918,HORD003480,PRD0214,1,1445.79,1445.79
HITM0010919,HORD003480,PRD0947,1,934.61,934.61
HITM0010920,HORD003481,PRD0263,1,618.52,618.52
HITM0010921,HORD003481,PRD0776,1,294.42,294.42
HITM0010922,HORD003481,PRD0045,1,306.29,306.29
HITM0010923,HORD003482,PRD0840,1,102.1,102.1
HITM0010924,HORD003482,PRD0360,2,326.09,652.18
HITM0010925,HORD003482,PRD0696,1,119.65,119.65
HITM0010926,HORD003483,PRD0829,1,328.42,328.42
HITM0010927,HORD003483,PRD0047,1,663.9,663.9
HITM0010928,HORD003483,PRD0130,1,183.26,183.26
HITM0010929,HORD003484,PRD0689,1,277.28,277.28
HITM0010930,HORD003484,PRD0967,3,2053.47,6160.41
HITM0010931,HORD003484,PRD0563,1,651.72,651.72
HITM0010932,HORD003484,PRD0245,1,595.29,595.29
HITM0010933,HORD003485,PRD0405,2,1063.36,2126.72
HITM0010934,HORD003485,PRD0755,1,229.0,229.0
HITM0010935,HORD003485,PRD0742,1,1054.62,1054.62
HITM0010936,HORD003485,PRD0905,2,470.11,940.22
HITM0010937,HORD003486,PRD0278,1,83.35,83.35
HITM0010938,HORD003486,PRD0533,1,1118.9,1118.9
HITM0010939,HORD003486,PRD0038,2,702.97,1405.94
HITM0010940,HORD003487,PRD0761,1,2430.17,2430.17
HITM0010941,HORD003487,PRD0083,1,1406.78,1406.78
HITM0010942,HORD003487,PRD0273,1,409.71,409.71
HITM0010943,HORD003488,PRD0671,1,926.06,926.06
HITM0010944,HORD003488,PRD0219,1,888.21,888.21
HITM0010945,HORD003488,PRD0325,2,607.53,1215.06
HITM0010946,HORD003488,PRD0128,1,394.68,394.68
HITM0010947,HORD003489,PRD0425,1,845.25,845.25
HITM0010948,HORD003489,PRD0994,1,2732.71,2732.71
HITM0010949,HORD003489,PRD0090,2,136.64,273.28
HITM0010950,HORD003489,PRD0149,1,1414.32,1414.32
HITM0010951,HORD003490,PRD0869,1,131.2,131.2
HITM0010952,HORD003490,PRD0821,2,979.52,1959.04
HITM0010953,HORD003490,PRD0353,1,1290.29,1290.29
HITM0010954,HORD003491,PRD0474,1,480.29,480.29
HITM0010955,HORD003491,PRD0526,1,44.24,44.24
HITM0010956,HORD003491,PRD0317,1,2197.9,2197.9
HITM0010957,HORD003492,PRD0276,1,530.49,530.49
HITM0010958,HORD003492,PRD0397,1,1704.15,1704.15
HITM0010959,HORD003492,PRD0718,1,543.69,543.69
HITM0010960,HORD003492,PRD0550,1,229.62,229.62
HITM0010961,HORD003493,PRD0128,1,394.68,394.68
HITM0010962,HORD003493,PRD0254,1,3553.03,3553.03
HITM0010963,HORD003494,PRD0250,1,329.47,329.47
HITM0010964,HORD003494,PRD0472,1,828.5,828.5
HITM0010965,HORD003494,PRD0546,2,361.61,723.22
HITM0010966,HORD003494,PRD0016,1,346.08,346.08
HITM0010967,HORD003494,PRD0013,1,1361.97,1361.97
HITM0010968,HORD003495,PRD0397,1,1704.15,1704.15
HITM0010969,HORD003496,PRD0356,1,246.85,246.85
HITM0010970,HORD003496,PRD0132,1,687.19,687.19
HITM0010971,HORD003496,PRD0924,3,508.67,1526.01
HITM0010972,HORD003496,PRD0849,1,115.9,115.9
HITM0010973,HORD003496,PRD0002,1,1052.85,1052.85
HITM0010974,HORD003497,PRD0444,1,3715.62,3715.62
HITM0010975,HORD003497,PRD0268,3,226.89,680.67
HITM0010976,HORD003497,PRD0320,2,227.72,455.44
HITM0010977,HORD003497,PRD0329,2,100.62,201.24
HITM0010978,HORD003498,PRD0202,1,1558.53,1558.53
HITM0010979,HORD003498,PRD0973,1,573.55,573.55
HITM0010980,HORD003498,PRD0895,1,567.08,567.08
HITM0010981,HORD003498,PRD0071,2,2816.43,5632.86
HITM0010982,HORD003499,PRD0209,1,327.08,327.08
HITM0010983,HORD003499,PRD0862,1,612.88,612.88
HITM0010984,HORD003499,PRD0801,1,1592.9,1592.9
HITM0010985,HORD003499,PRD0086,2,92.8,185.6
HITM0010986,HORD003499,PRD0063,1,1221.39,1221.39
HITM0010987,HORD003500,PRD0758,1,543.13,543.13
HITM0010988,HORD003500,PRD0415,2,191.7,383.4
HITM0010989,HORD003500,PRD0525,1,135.44,135.44
HITM0010990,HORD003500,PRD0435,1,676.32,676.32
HITM0010991,HORD003501,PRD0993,1,750.11,750.11
HITM0010992,HORD003501,PRD0010,1,39.45,39.45
HITM0010993,HORD003501,PRD0869,1,131.2,131.2
HITM0010994,HORD003502,PRD0908,1,136.87,136.87
HITM0010995,HORD003502,PRD0375,1,404.28,404.28
HITM0010996,HORD003502,PRD0752,1,933.7,933.7
HITM0010997,HORD003503,PRD0070,1,396.61,396.61
HITM0010998,HORD003503,PRD0119,2,756.54,1513.08
HITM0010999,HORD003503,PRD0102,1,1498.33,1498.33
HITM0011000,HORD003503,PRD0076,1,232.75,232.75
HITM0011001,HORD003503,PRD0649,2,985.02,1970.04
HITM0011002,HORD003504,PRD0547,1,394.5,394.5
HITM0011003,HORD003504,PRD0530,1,220.26,220.26
HITM0011004,HORD003504,PRD0743,1,939.8,939.8
HITM0011005,HORD003504,PRD0541,1,2989.04,2989.04
HITM0011006,HORD003504,PRD0824,1,1647.74,1647.74
HITM0011007,HORD003505,PRD0726,1,256.01,256.01
HITM0011008,HORD003505,PRD0977,1,327.77,327.77
HITM0011009,HORD003505,PRD0010,3,39.45,118.35
HITM0011010,HORD003505,PRD0612,1,1437.47,1437.47
HITM0011011,HORD003505,PRD0150,1,302.63,302.63
HITM0011012,HORD003506,PRD0970,1,107.81,107.81
HITM0011013,HORD003506,PRD0382,1,865.54,865.54
HITM0011014,HORD003506,PRD0528,1,136.95,136.95
HITM0011015,HORD003506,PRD0301,2,2638.87,5277.74
HITM0011016,HORD003507,PRD0231,1,2838.84,2838.84
HITM0011017,HORD003507,PRD0532,2,386.41,772.82
HITM0011018,HORD003508,PRD0478,1,917.54,917.54
HITM0011019,HORD003508,PRD0238,2,1033.13,2066.26
HITM0011020,HORD003508,PRD0561,1,2317.58,2317.58
HITM0011021,HORD003509,PRD0199,1,710.27,710.27
HITM0011022,HORD003509,PRD0109,1,353.29,353.29
HITM0011023,HORD003509,PRD0658,3,665.45,1996.35
HITM0011024,HORD003510,PRD0738,1,520.03,520.03
HITM0011025,HORD003510,PRD0224,1,2004.5,2004.5
HITM0011026,HORD003510,PRD0151,1,2468.6,2468.6
HITM0011027,HORD003510,PRD0686,2,208.32,416.64
HITM0011028,HORD003511,PRD0235,2,248.42,496.84
HITM0011029,HORD003511,PRD0139,1,1069.24,1069.24
HITM0011030,HORD003511,PRD0900,2,369.61,739.22
HITM0011031,HORD003511,PRD0068,1,327.08,327.08
HITM0011032,HORD003512,PRD0786,1,326.86,326.86
HITM0011033,HORD003512,PRD0790,1,55.39,55.39
HITM0011034,HORD003512,PRD0114,1,2620.24,2620.24
HITM0011035,HORD003512,PRD0099,1,892.92,892.92
HITM0011036,HORD003513,PRD0740,1,150.48,150.48
HITM0011037,HORD003513,PRD0296,1,122.37,122.37
HITM0011038,HORD003513,PRD0178,1,176.94,176.94
HITM0011039,HORD003513,PRD0842,1,1294.03,1294.03
HITM0011040,HORD003514,PRD0500,1,162.81,162.81
HITM0011041,HORD003514,PRD0274,2,416.56,833.12
HITM0011042,HORD003514,PRD0405,1,1063.36,1063.36
HITM0011043,HORD003515,PRD0097,1,458.08,458.08
HITM0011044,HORD003515,PRD0662,1,477.61,477.61
HITM0011045,HORD003515,PRD0048,2,490.15,980.3
HITM0011046,HORD003515,PRD0174,1,733.71,733.71
HITM0011047,HORD003516,PRD0532,2,386.41,772.82
HITM0011048,HORD003516,PRD0796,1,46.19,46.19
HITM0011049,HORD003516,PRD0264,1,2624.21,2624.21
HITM0011050,HORD003516,PRD0460,1,289.71,289.71
HITM0011051,HORD003517,PRD0380,1,355.83,355.83
HITM0011052,HORD003517,PRD0335,1,235.04,235.04
HITM0011053,HORD003517,PRD0991,1,2498.97,2498.97
HITM0011054,HORD003518,PRD0293,2,644.4,1288.8
HITM0011055,HORD003518,PRD0107,3,559.52,1678.56
HITM0011056,HORD003519,PRD0052,1,1497.13,1497.13
HITM0011057,HORD003519,PRD0150,2,302.63,605.26
HITM0011058,HORD003520,PRD0948,1,454.84,454.84
HITM0011059,HORD003520,PRD0070,1,396.61,396.61
HITM0011060,HORD003520,PRD0816,1,377.97,377.97
HITM0011061,HORD003520,PRD0875,1,73.21,73.21
HITM0011062,HORD003521,PRD0689,1,277.28,277.28
HITM0011063,HORD003521,PRD0170,1,275.39,275.39
HITM0011064,HORD003521,PRD0143,1,490.94,490.94
HITM0011065,HORD003521,PRD0132,1,687.19,687.19
HITM0011066,HORD003522,PRD0446,2,172.12,344.24
HITM0011067,HORD003522,PRD0136,1,339.97,339.97
HITM0011068,HORD003522,PRD0678,2,904.89,1809.78
HITM0011069,HORD003523,PRD0568,1,299.47,299.47
HITM0011070,HORD003523,PRD0275,1,394.33,394.33
HITM0011071,HORD003523,PRD0239,2,984.36,1968.72
HITM0011072,HORD003524,PRD0696,1,119.65,119.65
HITM0011073,HORD003524,PRD0162,1,1711.96,1711.96
HITM0011074,HORD003525,PRD0496,1,519.08,519.08
HITM0011075,HORD003525,PRD0959,1,182.03,182.03
HITM0011076,HORD003525,PRD0820,1,31.29,31.29
HITM0011077,HORD003526,PRD0868,1,594.16,594.16
HITM0011078,HORD003526,PRD0583,1,1484.65,1484.65
HITM0011079,HORD003526,PRD0880,1,132.59,132.59
HITM0011080,HORD003527,PRD0747,1,2580.17,2580.17
HITM0011081,HORD003527,PRD0390,3,153.47,460.41
HITM0011082,HORD003527,PRD0080,1,122.76,122.76
HITM0011083,HORD003528,PRD0043,1,1005.0,1005.0
HITM0011084,HORD003528,PRD0830,1,146.02,146.02
HITM0011085,HORD003528,PRD0345,1,752.34,752.34
HITM0011086,HORD003529,PRD0284,1,1446.14,1446.14
HITM0011087,HORD003529,PRD0673,1,548.1,548.1
HITM0011088,HORD003529,PRD0677,2,1000.46,2000.92
HITM0011089,HORD003530,PRD0593,1,416.84,416.84
HITM0011090,HORD003530,PRD0407,1,1986.3,1986.3
HITM0011091,HORD003531,PRD0824,1,1647.74,1647.74
HITM0011092,HORD003531,PRD0768,1,73.54,73.54
HITM0011093,HORD003531,PRD0227,1,922.85,922.85
HITM0011094,HORD003531,PRD0569,1,1425.79,1425.79
HITM0011095,HORD003532,PRD0849,1,115.9,115.9
HITM0011096,HORD003532,PRD0497,1,1779.73,1779.73
HITM0011097,HORD003532,PRD0076,1,232.75,232.75
HITM0011098,HORD003533,PRD0020,1,148.97,148.97
HITM0011099,HORD003534,PRD0006,1,35.37,35.37
HITM0011100,HORD003534,PRD0003,1,342.16,342.16
HITM0011101,HORD003534,PRD0480,1,168.51,168.51
HITM0011102,HORD003535,PRD0396,2,485.87,971.74
HITM0011103,HORD003536,PRD0725,1,282.7,282.7
HITM0011104,HORD003536,PRD0046,1,192.34,192.34
HITM0011105,HORD003537,PRD0984,1,2245.63,2245.63
HITM0011106,HORD003537,PRD0212,1,1587.64,1587.64
HITM0011107,HORD003537,PRD0096,1,291.41,291.41
HITM0011108,HORD003538,PRD0447,1,961.68,961.68
HITM0011109,HORD003538,PRD0696,1,119.65,119.65
HITM0011110,HORD003538,PRD0526,3,44.24,132.72
HITM0011111,HORD003539,PRD0270,1,218.48,218.48
HITM0011112,HORD003539,PRD0127,1,1131.95,1131.95
HITM0011113,HORD003539,PRD0333,1,621.74,621.74
HITM0011114,HORD003539,PRD0381,1,2300.27,2300.27
HITM0011115,HORD003539,PRD0736,1,171.3,171.3
HITM0011116,HORD003540,PRD0883,1,1201.31,1201.31
HITM0011117,HORD003540,PRD0220,1,187.94,187.94
HITM0011118,HORD003540,PRD0379,1,888.83,888.83
HITM0011119,HORD003541,PRD0820,1,31.29,31.29
HITM0011120,HORD003541,PRD0255,1,426.01,426.01
HITM0011121,HORD003541,PRD0350,2,133.96,267.92
HITM0011122,HORD003541,PRD0199,1,710.27,710.27
HITM0011123,HORD003541,PRD0675,1,625.06,625.06
HITM0011124,HORD003542,PRD0656,1,300.51,300.51
HITM0011125,HORD003543,PRD0837,1,470.72,470.72
HITM0011126,HORD003544,PRD0915,1,551.31,551.31
HITM0011127,HORD003544,PRD0006,1,35.37,35.37
HITM0011128,HORD003544,PRD0044,1,649.62,649.62
HITM0011129,HORD003545,PRD0884,1,2408.23,2408.23
HITM0011130,HORD003545,PRD0230,1,34.01,34.01
HITM0011131,HORD003546,PRD0330,1,51.67,51.67
HITM0011132,HORD003546,PRD0808,1,69.84,69.84
HITM0011133,HORD003546,PRD0070,1,396.61,396.61
HITM0011134,HORD003546,PRD0075,2,360.03,720.06
HITM0011135,HORD003547,PRD1000,1,45.04,45.04
HITM0011136,HORD003547,PRD0086,1,92.8,92.8
HITM0011137,HORD003547,PRD0435,1,676.32,676.32
HITM0011138,HORD003547,PRD0048,1,490.15,490.15
HITM0011139,HORD003547,PRD0751,2,1174.19,2348.38
HITM0011140,HORD003548,PRD0230,1,34.01,34.01
HITM0011141,HORD003548,PRD0863,1,1472.8,1472.8
HITM0011142,HORD003548,PRD0175,1,340.25,340.25
HITM0011143,HORD003548,PRD0708,1,1093.2,1093.2
HITM0011144,HORD003549,PRD0801,1,1592.9,1592.9
HITM0011145,HORD003549,PRD0646,1,609.53,609.53
HITM0011146,HORD003549,PRD0195,1,951.68,951.68
HITM0011147,HORD003549,PRD0005,1,793.64,793.64
HITM0011148,HORD003550,PRD0711,1,1902.91,1902.91
HITM0011149,HORD003550,PRD0424,1,4001.95,4001.95
HITM0011150,HORD003550,PRD0045,1,306.29,306.29
HITM0011151,HORD003550,PRD0202,1,1558.53,1558.53
HITM0011152,HORD003551,PRD0642,1,1152.43,1152.43
HITM0011153,HORD003551,PRD0055,1,371.08,371.08
HITM0011154,HORD003551,PRD0532,1,386.41,386.41
HITM0011155,HORD003552,PRD0770,1,410.85,410.85
HITM0011156,HORD003552,PRD0488,1,780.13,780.13
HITM0011157,HORD003552,PRD0908,1,136.87,136.87
HITM0011158,HORD003552,PRD0828,1,146.02,146.02
HITM0011159,HORD003553,PRD0566,1,306.33,306.33
HITM0011160,HORD003553,PRD0622,1,1298.2,1298.2
HITM0011161,HORD003554,PRD0455,1,243.16,243.16
HITM0011162,HORD003555,PRD0869,2,131.2,262.4
HITM0011163,HORD003555,PRD0589,1,824.97,824.97
HITM0011164,HORD003555,PRD0731,1,1036.98,1036.98
HITM0011165,HORD003555,PRD0770,2,410.85,821.7
HITM0011166,HORD003555,PRD0230,1,34.01,34.01
HITM0011167,HORD003556,PRD0048,1,490.15,490.15
HITM0011168,HORD003556,PRD0024,1,935.75,935.75
HITM0011169,HORD003557,PRD0653,1,514.7,514.7
HITM0011170,HORD003557,PRD0476,1,658.84,658.84
HITM0011171,HORD003557,PRD0173,2,270.07,540.14
HITM0011172,HORD003557,PRD0413,1,486.14,486.14
HITM0011173,HORD003557,PRD0400,2,411.31,822.62
HITM0011174,HORD003558,PRD0585,1,101.78,101.78
HITM0011175,HORD003558,PRD0501,1,2577.38,2577.38
HITM0011176,HORD003558,PRD0006,1,35.37,35.37
HITM0011177,HORD003559,PRD0292,1,643.6,643.6
HITM0011178,HORD003559,PRD0780,2,308.34,616.68
HITM0011179,HORD003560,PRD0900,1,369.61,369.61
HITM0011180,HORD003560,PRD0206,1,190.8,190.8
HITM0011181,HORD003560,PRD0793,1,760.3,760.3
HITM0011182,HORD003561,PRD0405,2,1063.36,2126.72
HITM0011183,HORD003561,PRD0225,1,1003.93,1003.93
HITM0011184,HORD003561,PRD0129,1,584.17,584.17
HITM0011185,HORD003562,PRD0877,1,1849.07,1849.07
HITM0011186,HORD003562,PRD0826,1,89.12,89.12
HITM0011187,HORD003562,PRD0605,1,964.1,964.1
HITM0011188,HORD003563,PRD0673,1,548.1,548.1
HITM0011189,HORD003563,PRD0972,2,1027.59,2055.18
HITM0011190,HORD003563,PRD0852,1,1779.82,1779.82
HITM0011191,HORD003563,PRD0716,1,120.76,120.76
HITM0011192,HORD003564,PRD0834,1,2762.83,2762.83
HITM0011193,HORD003565,PRD0343,1,1288.78,1288.78
HITM0011194,HORD003565,PRD0448,2,1005.39,2010.78
HITM0011195,HORD003565,PRD0390,1,153.47,153.47
HITM0011196,HORD003565,PRD0771,1,1690.63,1690.63
HITM0011197,HORD003566,PRD0656,2,300.51,601.02
HITM0011198,HORD003566,PRD0849,1,115.9,115.9
HITM0011199,HORD003567,PRD0438,1,104.09,104.09
HITM0011200,HORD003567,PRD0937,1,435.56,435.56
HITM0011201,HORD003567,PRD0581,1,2366.29,2366.29
HITM0011202,HORD003568,PRD0469,1,274.61,274.61
HITM0011203,HORD003568,PRD0826,1,89.12,89.12
HITM0011204,HORD003568,PRD0084,1,1248.72,1248.72
HITM0011205,HORD003569,PRD0510,1,112.56,112.56
HITM0011206,HORD003569,PRD0901,1,1749.28,1749.28
HITM0011207,HORD003570,PRD0956,1,726.92,726.92
HITM0011208,HORD003570,PRD0009,1,354.96,354.96
HITM0011209,HORD003570,PRD0131,1,2191.15,2191.15
HITM0011210,HORD003571,PRD0146,2,212.69,425.38
HITM0011211,HORD003571,PRD0756,1,61.89,61.89
HITM0011212,HORD003571,PRD0024,1,935.75,935.75
HITM0011213,HORD003572,PRD0610,1,167.07,167.07
HITM0011214,HORD003572,PRD0285,1,437.61,437.61
HITM0011215,HORD003573,PRD0976,2,714.76,1429.52
HITM0011216,HORD003573,PRD0757,2,915.35,1830.7
HITM0011217,HORD003573,PRD0062,1,551.76,551.76
HITM0011218,HORD003573,PRD0384,1,1325.18,1325.18
HITM0011219,HORD003573,PRD0787,1,1650.81,1650.81
HITM0011220,HORD003574,PRD0603,1,1120.48,1120.48
HITM0011221,HORD003574,PRD0696,1,119.65,119.65
HITM0011222,HORD003574,PRD0607,1,2415.11,2415.11
HITM0011223,HORD003575,PRD0788,1,1009.9,1009.9
HITM0011224,HORD003575,PRD0160,1,21.4,21.4
HITM0011225,HORD003575,PRD0094,1,1868.0,1868.0
HITM0011226,HORD003575,PRD0657,2,1083.93,2167.86
HITM0011227,HORD003576,PRD0184,1,869.57,869.57
HITM0011228,HORD003576,PRD0245,1,595.29,595.29
HITM0011229,HORD003576,PRD0673,1,548.1,548.1
HITM0011230,HORD003577,PRD0377,1,1501.75,1501.75
HITM0011231,HORD003577,PRD0090,2,136.64,273.28
HITM0011232,HORD003577,PRD0886,1,389.53,389.53
HITM0011233,HORD003577,PRD0595,1,429.07,429.07
HITM0011234,HORD003578,PRD0912,2,1391.06,2782.12
HITM0011235,HORD003579,PRD0752,1,933.7,933.7
HITM0011236,HORD003579,PRD0076,1,232.75,232.75
HITM0011237,HORD003579,PRD0848,1,870.59,870.59
HITM0011238,HORD003580,PRD0918,1,911.04,911.04
HITM0011239,HORD003580,PRD0658,1,665.45,665.45
HITM0011240,HORD003580,PRD0773,1,310.58,310.58
HITM0011241,HORD003580,PRD0603,1,1120.48,1120.48
HITM0011242,HORD003580,PRD0875,1,73.21,73.21
HITM0011243,HORD003581,PRD0306,1,422.96,422.96
HITM0011244,HORD003582,PRD0112,2,1578.75,3157.5
HITM0011245,HORD003582,PRD0746,1,187.06,187.06
HITM0011246,HORD003582,PRD0499,2,779.63,1559.26
HITM0011247,HORD003583,PRD0846,1,417.95,417.95
HITM0011248,HORD003583,PRD0620,1,339.14,339.14
HITM0011249,HORD003583,PRD0260,1,86.88,86.88
HITM0011250,HORD003583,PRD0592,1,448.87,448.87
HITM0011251,HORD003584,PRD0302,1,462.63,462.63
HITM0011252,HORD003584,PRD0561,1,2317.58,2317.58
HITM0011253,HORD003585,PRD0345,1,752.34,752.34
HITM0011254,HORD003585,PRD0875,1,73.21,73.21
HITM0011255,HORD003585,PRD0328,2,650.32,1300.64
HITM0011256,HORD003586,PRD0115,1,671.68,671.68
HITM0011257,HORD003586,PRD0609,1,83.83,83.83
HITM0011258,HORD003586,PRD0237,1,983.57,983.57
HITM0011259,HORD003586,PRD0029,1,418.31,418.31
HITM0011260,HORD003587,PRD0984,1,2245.63,2245.63
HITM0011261,HORD003587,PRD0445,2,589.84,1179.68
HITM0011262,HORD003587,PRD0775,2,668.73,1337.46
HITM0011263,HORD003587,PRD0337,1,408.39,408.39
HITM0011264,HORD003588,PRD0165,1,203.41,203.41
HITM0011265,HORD003588,PRD0490,2,63.94,127.88
HITM0011266,HORD003588,PRD0608,1,313.58,313.58
HITM0011267,HORD003589,PRD0294,1,1563.92,1563.92
HITM0011268,HORD003589,PRD0109,1,353.29,353.29
HITM0011269,HORD003589,PRD0897,1,351.24,351.24
HITM0011270,HORD003590,PRD0328,2,650.32,1300.64
HITM0011271,HORD003590,PRD0946,1,810.85,810.85
HITM0011272,HORD003590,PRD0575,1,996.56,996.56
HITM0011273,HORD003591,PRD0310,1,161.31,161.31
HITM0011274,HORD003591,PRD0485,1,939.87,939.87
HITM0011275,HORD003591,PRD0463,1,564.14,564.14
HITM0011276,HORD003591,PRD0490,1,63.94,63.94
HITM0011277,HORD003591,PRD0384,2,1325.18,2650.36
HITM0011278,HORD003592,PRD0928,1,834.91,834.91
HITM0011279,HORD003592,PRD0042,1,711.35,711.35
HITM0011280,HORD003593,PRD0611,1,1417.98,1417.98
HITM0011281,HORD003593,PRD0186,1,778.69,778.69
HITM0011282,HORD003593,PRD0799,1,114.07,114.07
HITM0011283,HORD003593,PRD0090,1,136.64,136.64
HITM0011284,HORD003594,PRD0133,1,334.91,334.91
HITM0011285,HORD003595,PRD0513,2,453.22,906.44
HITM0011286,HORD003595,PRD0051,1,1390.84,1390.84
HITM0011287,HORD003595,PRD0330,1,51.67,51.67
HITM0011288,HORD003595,PRD0935,1,617.88,617.88
HITM0011289,HORD003596,PRD0981,1,2778.15,2778.15
HITM0011290,HORD003596,PRD0449,1,792.41,792.41
HITM0011291,HORD003596,PRD0059,1,1461.18,1461.18
HITM0011292,HORD003597,PRD0196,1,373.5,373.5
HITM0011293,HORD003597,PRD0850,3,37.87,113.61
HITM0011294,HORD003597,PRD0925,3,56.69,170.07
HITM0011295,HORD003597,PRD0458,1,825.04,825.04
HITM0011296,HORD003598,PRD0671,1,926.06,926.06
HITM0011297,HORD003598,PRD0815,1,962.19,962.19
HITM0011298,HORD003599,PRD0936,2,279.68,559.36
HITM0011299,HORD003599,PRD1000,2,45.04,90.08
HITM0011300,HORD003599,PRD0495,1,692.95,692.95
HITM0011301,HORD003599,PRD0348,1,857.27,857.27
HITM0011302,HORD003600,PRD0766,1,420.5,420.5
HITM0011303,HORD003600,PRD0639,1,1114.83,1114.83
HITM0011304,HORD003600,PRD0884,1,2408.23,2408.23
HITM0011305,HORD003600,PRD0350,3,133.96,401.88
HITM0011306,HORD003600,PRD0336,1,110.53,110.53
HITM0011307,HORD003601,PRD0960,1,321.52,321.52
HITM0011308,HORD003601,PRD0968,1,861.46,861.46
HITM0011309,HORD003601,PRD0580,1,218.53,218.53
HITM0011310,HORD003602,PRD0819,2,269.55,539.1
HITM0011311,HORD003602,PRD0046,1,192.34,192.34
HITM0011312,HORD003602,PRD0715,1,809.62,809.62
HITM0011313,HORD003602,PRD0386,1,567.42,567.42
HITM0011314,HORD003603,PRD0522,1,1270.84,1270.84
HITM0011315,HORD003603,PRD0609,2,83.83,167.66
HITM0011316,HORD003604,PRD0981,2,2778.15,5556.3
HITM0011317,HORD003604,PRD0365,1,380.49,380.49
HITM0011318,HORD003604,PRD0734,1,3584.06,3584.06
HITM0011319,HORD003604,PRD0479,1,660.2,660.2
HITM0011320,HORD003605,PRD0062,1,551.76,551.76
HITM0011321,HORD003605,PRD0169,1,445.45,445.45
HITM0011322,HORD003606,PRD0148,1,1096.52,1096.52
HITM0011323,HORD003606,PRD0644,1,3406.46,3406.46
HITM0011324,HORD003606,PRD0873,1,1172.09,1172.09
HITM0011325,HORD003607,PRD0859,1,664.51,664.51
HITM0011326,HORD003607,PRD0974,1,1232.06,1232.06
HITM0011327,HORD003607,PRD0914,3,2743.18,8229.54
HITM0011328,HORD003607,PRD0350,2,133.96,267.92
HITM0011329,HORD003608,PRD0490,1,63.94,63.94
HITM0011330,HORD003608,PRD0639,1,1114.83,1114.83
HITM0011331,HORD003608,PRD0990,1,373.88,373.88
HITM0011332,HORD003608,PRD0690,2,296.31,592.62
HITM0011333,HORD003608,PRD0711,1,1902.91,1902.91
HITM0011334,HORD003609,PRD0928,2,834.91,1669.82
HITM0011335,HORD003609,PRD0626,1,139.26,139.26
HITM0011336,HORD003609,PRD0604,1,2778.09,2778.09
HITM0011337,HORD003609,PRD0121,2,3030.38,6060.76
HITM0011338,HORD003610,PRD0892,1,375.64,375.64
HITM0011339,HORD003611,PRD0678,2,904.89,1809.78
HITM0011340,HORD003611,PRD0384,2,1325.18,2650.36
HITM0011341,HORD003612,PRD0771,1,1690.63,1690.63
HITM0011342,HORD003612,PRD0985,1,77.36,77.36
HITM0011343,HORD003612,PRD0785,1,739.95,739.95
HITM0011344,HORD003612,PRD0262,2,893.46,1786.92
HITM0011345,HORD003613,PRD0637,2,2457.32,4914.64
HITM0011346,HORD003613,PRD0086,1,92.8,92.8
HITM0011347,HORD003613,PRD0840,2,102.1,204.2
HITM0011348,HORD003614,PRD0438,1,104.09,104.09
HITM0011349,HORD003614,PRD0649,1,985.02,985.02
HITM0011350,HORD003614,PRD0241,1,2620.83,2620.83
HITM0011351,HORD003614,PRD0512,1,1262.67,1262.67
HITM0011352,HORD003615,PRD0441,1,2803.03,2803.03
HITM0011353,HORD003615,PRD0109,1,353.29,353.29
HITM0011354,HORD003615,PRD0105,3,385.04,1155.12
HITM0011355,HORD003615,PRD0665,1,191.97,191.97
HITM0011356,HORD003616,PRD0350,1,133.96,133.96
HITM0011357,HORD003616,PRD0645,2,1142.68,2285.36
HITM0011358,HORD003617,PRD0739,1,784.83,784.83
HITM0011359,HORD003617,PRD0757,1,915.35,915.35
HITM0011360,HORD003618,PRD0393,1,793.28,793.28
HITM0011361,HORD003618,PRD0452,1,687.28,687.28
HITM0011362,HORD003618,PRD0449,2,792.41,1584.82
HITM0011363,HORD003618,PRD0646,1,609.53,609.53
HITM0011364,HORD003618,PRD0286,2,666.41,1332.82
HITM0011365,HORD003619,PRD0410,1,142.89,142.89
HITM0011366,HORD003619,PRD0588,1,544.11,544.11
HITM0011367,HORD003620,PRD0266,2,186.6,373.2
HITM0011368,HORD003620,PRD0712,1,1119.82,1119.82
HITM0011369,HORD003620,PRD0268,3,226.89,680.67
HITM0011370,HORD003620,PRD0077,3,604.37,1813.11
HITM0011371,HORD003620,PRD0867,1,822.76,822.76
HITM0011372,HORD003621,PRD0155,2,673.32,1346.64
HITM0011373,HORD003621,PRD0741,1,1637.14,1637.14
HITM0011374,HORD003621,PRD0209,1,327.08,327.08
HITM0011375,HORD003622,PRD0207,1,1636.46,1636.46
HITM0011376,HORD003622,PRD0642,1,1152.43,1152.43
HITM0011377,HORD003622,PRD0368,2,759.57,1519.14
HITM0011378,HORD003622,PRD0007,1,1146.82,1146.82
HITM0011379,HORD003622,PRD0160,3,21.4,64.2
HITM0011380,HORD003623,PRD0266,2,186.6,373.2
HITM0011381,HORD003623,PRD0893,1,1495.82,1495.82
HITM0011382,HORD003623,PRD0331,1,2135.57,2135.57
HITM0011383,HORD003623,PRD0686,1,208.32,208.32
HITM0011384,HORD003624,PRD0730,1,388.14,388.14
HITM0011385,HORD003624,PRD0188,1,861.47,861.47
HITM0011386,HORD003624,PRD0160,1,21.4,21.4
HITM0011387,HORD003624,PRD0130,3,183.26,549.78
HITM0011388,HORD003625,PRD0241,2,2620.83,5241.66
HITM0011389,HORD003625,PRD0822,1,1288.35,1288.35
HITM0011390,HORD003626,PRD0650,2,297.34,594.68
HITM0011391,HORD003626,PRD0584,1,3190.99,3190.99
HITM0011392,HORD003626,PRD0455,1,243.16,243.16
HITM0011393,HORD003627,PRD0268,2,226.89,453.78
HITM0011394,HORD003627,PRD0643,2,530.41,1060.82
HITM0011395,HORD003627,PRD0436,1,112.2,112.2
HITM0011396,HORD003628,PRD0906,1,553.58,553.58
HITM0011397,HORD003628,PRD0264,1,2624.21,2624.21
HITM0011398,HORD003628,PRD0582,1,1513.23,1513.23
HITM0011399,HORD003629,PRD0995,1,258.22,258.22
HITM0011400,HORD003629,PRD0465,1,778.89,778.89
HITM0011401,HORD003630,PRD0172,1,616.06,616.06
HITM0011402,HORD003630,PRD0640,2,23.59,47.18
HITM0011403,HORD003630,PRD0989,1,535.6,535.6
HITM0011404,HORD003630,PRD0794,1,4029.39,4029.39
HITM0011405,HORD003631,PRD0761,2,2430.17,4860.34
HITM0011406,HORD003631,PRD0015,1,624.09,624.09
HITM0011407,HORD003632,PRD0976,1,714.76,714.76
HITM0011408,HORD003632,PRD0998,2,366.72,733.44
HITM0011409,HORD003633,PRD0519,2,268.64,537.28
HITM0011410,HORD003633,PRD0786,1,326.86,326.86
HITM0011411,HORD003633,PRD0345,2,752.34,1504.68
HITM0011412,HORD003633,PRD0710,1,161.67,161.67
HITM0011413,HORD003634,PRD0250,1,329.47,329.47
HITM0011414,HORD003634,PRD0159,1,897.22,897.22
HITM0011415,HORD003634,PRD0544,1,650.3,650.3
HITM0011416,HORD003634,PRD0542,2,1733.18,3466.36
HITM0011417,HORD003635,PRD0588,1,544.11,544.11
HITM0011418,HORD003635,PRD0072,1,982.29,982.29
HITM0011419,HORD003635,PRD0192,1,687.57,687.57
HITM0011420,HORD003636,PRD0506,1,187.88,187.88
HITM0011421,HORD003636,PRD0042,1,711.35,711.35
HITM0011422,HORD003636,PRD0148,1,1096.52,1096.52
HITM0011423,HORD003637,PRD0586,3,751.47,2254.41
HITM0011424,HORD003637,PRD0632,1,1640.52,1640.52
HITM0011425,HORD003637,PRD0036,1,226.94,226.94
HITM0011426,HORD003638,PRD0047,1,663.9,663.9
HITM0011427,HORD003638,PRD0027,1,116.57,116.57
HITM0011428,HORD003638,PRD0886,2,389.53,779.06
HITM0011429,HORD003639,PRD0420,1,277.28,277.28
HITM0011430,HORD003639,PRD0723,1,867.11,867.11
HITM0011431,HORD003639,PRD0469,1,274.61,274.61
HITM0011432,HORD003640,PRD0950,1,238.05,238.05
HITM0011433,HORD003640,PRD0481,2,1805.28,3610.56
HITM0011434,HORD003640,PRD0222,1,1185.98,1185.98
HITM0011435,HORD003640,PRD0690,1,296.31,296.31
HITM0011436,HORD003640,PRD0028,1,160.23,160.23
HITM0011437,HORD003641,PRD0779,1,234.12,234.12
HITM0011438,HORD003641,PRD0719,1,876.46,876.46
HITM0011439,HORD003642,PRD0768,1,73.54,73.54
HITM0011440,HORD003643,PRD0013,1,1361.97,1361.97
HITM0011441,HORD003643,PRD0916,2,784.31,1568.62
HITM0011442,HORD003643,PRD0372,1,330.93,330.93
HITM0011443,HORD003643,PRD0431,2,2880.93,5761.86
HITM0011444,HORD003643,PRD0240,1,116.74,116.74
HITM0011445,HORD003644,PRD0592,1,448.87,448.87
HITM0011446,HORD003644,PRD0559,2,109.7,219.4
HITM0011447,HORD003644,PRD0966,2,706.39,1412.78
HITM0011448,HORD003644,PRD0499,1,779.63,779.63
HITM0011449,HORD003645,PRD0685,1,987.86,987.86
HITM0011450,HORD003645,PRD0653,1,514.7,514.7
HITM0011451,HORD003646,PRD0121,1,3030.38,3030.38
HITM0011452,HORD003646,PRD0141,1,2328.72,2328.72
HITM0011453,HORD003646,PRD0065,2,446.02,892.04
HITM0011454,HORD003647,PRD0037,2,873.28,1746.56
HITM0011455,HORD003647,PRD0498,3,309.85,929.55
HITM0011456,HORD003647,PRD0870,1,360.59,360.59
HITM0011457,HORD003647,PRD0274,1,416.56,416.56
HITM0011458,HORD003648,PRD0816,2,377.97,755.94
HITM0011459,HORD003648,PRD0451,2,1300.44,2600.88
HITM0011460,HORD003649,PRD0080,1,122.76,122.76
HITM0011461,HORD003649,PRD0335,1,235.04,235.04
HITM0011462,HORD003649,PRD0430,2,348.93,697.86
HITM0011463,HORD003649,PRD0986,2,419.88,839.76
HITM0011464,HORD003650,PRD0995,3,258.22,774.66
HITM0011465,HORD003650,PRD0947,1,934.61,934.61
HITM0011466,HORD003650,PRD0317,2,2197.9,4395.8
HITM0011467,HORD003650,PRD0440,1,112.71,112.71
HITM0011468,HORD003651,PRD0640,1,23.59,23.59
HITM0011469,HORD003651,PRD0443,3,1233.37,3700.11
HITM0011470,HORD003651,PRD0006,2,35.37,70.74
HITM0011471,HORD003651,PRD0208,2,940.02,1880.04
HITM0011472,HORD003652,PRD0432,1,1637.76,1637.76
HITM0011473,HORD003652,PRD0828,1,146.02,146.02
HITM0011474,HORD003652,PRD0191,1,1064.69,1064.69
HITM0011475,HORD003652,PRD0277,1,1516.37,1516.37
HITM0011476,HORD003652,PRD0582,3,1513.23,4539.69
HITM0011477,HORD003653,PRD0667,2,2533.49,5066.98
HITM0011478,HORD003653,PRD0816,1,377.97,377.97
HITM0011479,HORD003653,PRD0228,2,946.39,1892.78
HITM0011480,HORD003654,PRD0876,1,146.18,146.18
HITM0011481,HORD003654,PRD0376,1,811.77,811.77
HITM0011482,HORD003654,PRD0983,1,863.49,863.49
HITM0011483,HORD003654,PRD0793,1,760.3,760.3
HITM0011484,HORD003654,PRD0010,1,39.45,39.45
HITM0011485,HORD003655,PRD0727,2,2045.32,4090.64
HITM0011486,HORD003655,PRD0070,2,396.61,793.22
HITM0011487,HORD003655,PRD0061,1,2127.06,2127.06
HITM0011488,HORD003656,PRD0166,1,486.74,486.74
HITM0011489,HORD003656,PRD0173,1,270.07,270.07
HITM0011490,HORD003656,PRD0843,2,1524.85,3049.7
HITM0011491,HORD003657,PRD0048,1,490.15,490.15
HITM0011492,HORD003657,PRD0160,1,21.4,21.4
HITM0011493,HORD003658,PRD0897,1,351.24,351.24
HITM0011494,HORD003658,PRD0278,1,83.35,83.35
HITM0011495,HORD003658,PRD0133,3,334.91,1004.73
HITM0011496,HORD003659,PRD0761,1,2430.17,2430.17
HITM0011497,HORD003659,PRD0476,1,658.84,658.84
HITM0011498,HORD003660,PRD0238,2,1033.13,2066.26
HITM0011499,HORD003660,PRD0345,3,752.34,2257.02
HITM0011500,HORD003660,PRD0491,1,2056.04,2056.04
HITM0011501,HORD003660,PRD0247,2,1546.72,3093.44
HITM0011502,HORD003661,PRD0590,1,49.98,49.98
HITM0011503,HORD003661,PRD0332,1,449.5,449.5
HITM0011504,HORD003661,PRD0980,1,398.63,398.63
HITM0011505,HORD003662,PRD0728,2,122.0,244.0
HITM0011506,HORD003662,PRD0006,1,35.37,35.37
HITM0011507,HORD003662,PRD0630,1,270.86,270.86
HITM0011508,HORD003663,PRD0703,2,716.42,1432.84
HITM0011509,HORD003663,PRD0425,1,845.25,845.25
HITM0011510,HORD003664,PRD0862,1,612.88,612.88
HITM0011511,HORD003664,PRD0762,1,848.37,848.37
HITM0011512,HORD003664,PRD0805,1,1065.34,1065.34
HITM0011513,HORD003665,PRD0538,1,748.35,748.35
HITM0011514,HORD003665,PRD0902,2,565.32,1130.64
HITM0011515,HORD003666,PRD0790,3,55.39,166.17
HITM0011516,HORD003666,PRD0857,1,1044.86,1044.86
HITM0011517,HORD003666,PRD0941,1,2159.7,2159.7
HITM0011518,HORD003667,PRD0301,1,2638.87,2638.87
HITM0011519,HORD003667,PRD0654,1,1208.24,1208.24
HITM0011520,HORD003667,PRD0961,1,985.63,985.63
HITM0011521,HORD003667,PRD0169,2,445.45,890.9
HITM0011522,HORD003668,PRD0315,1,58.99,58.99
HITM0011523,HORD003668,PRD0824,1,1647.74,1647.74
HITM0011524,HORD003668,PRD0858,2,363.41,726.82
HITM0011525,HORD003669,PRD0556,1,546.84,546.84
HITM0011526,HORD003669,PRD0993,1,750.11,750.11
HITM0011527,HORD003669,PRD0898,1,197.48,197.48
HITM0011528,HORD003669,PRD0869,1,131.2,131.2
HITM0011529,HORD003670,PRD0348,1,857.27,857.27
HITM0011530,HORD003670,PRD0243,3,854.67,2564.01
HITM0011531,HORD003670,PRD0490,2,63.94,127.88
HITM0011532,HORD003671,PRD0773,1,310.58,310.58
HITM0011533,HORD003671,PRD0650,1,297.34,297.34
HITM0011534,HORD003671,PRD0556,1,546.84,546.84
HITM0011535,HORD003672,PRD0780,2,308.34,616.68
HITM0011536,HORD003672,PRD0644,1,3406.46,3406.46
HITM0011537,HORD003673,PRD0438,1,104.09,104.09
HITM0011538,HORD003673,PRD0189,1,634.68,634.68
HITM0011539,HORD003673,PRD0759,1,655.9,655.9
HITM0011540,HORD003673,PRD0802,1,715.6,715.6
HITM0011541,HORD003674,PRD0849,1,115.9,115.9
HITM0011542,HORD003674,PRD0040,1,201.64,201.64
HITM0011543,HORD003675,PRD0345,1,752.34,752.34
HITM0011544,HORD003675,PRD0842,1,1294.03,1294.03
HITM0011545,HORD003675,PRD0134,1,878.86,878.86
HITM0011546,HORD003675,PRD0520,1,188.8,188.8
HITM0011547,HORD003676,PRD0240,1,116.74,116.74
HITM0011548,HORD003676,PRD0913,1,878.51,878.51
HITM0011549,HORD003677,PRD0610,1,167.07,167.07
HITM0011550,HORD003677,PRD0895,1,567.08,567.08
HITM0011551,HORD003677,PRD0036,3,226.94,680.82
HITM0011552,HORD003677,PRD0550,2,229.62,459.24
HITM0011553,HORD003677,PRD0800,2,168.54,337.08
HITM0011554,HORD003678,PRD0452,1,687.28,687.28
HITM0011555,HORD003678,PRD0623,1,1330.89,1330.89
HITM0011556,HORD003678,PRD0450,1,56.05,56.05
HITM0011557,HORD003679,PRD0941,1,2159.7,2159.7
HITM0011558,HORD003679,PRD0147,1,1910.7,1910.7
HITM0011559,HORD003679,PRD0127,1,1131.95,1131.95
HITM0011560,HORD003679,PRD0545,1,1132.56,1132.56
HITM0011561,HORD003679,PRD0630,1,270.86,270.86
HITM0011562,HORD003680,PRD0907,3,2551.71,7655.13
HITM0011563,HORD003680,PRD0125,1,108.47,108.47
HITM0011564,HORD003681,PRD0522,1,1270.84,1270.84
HITM0011565,HORD003681,PRD0555,1,955.38,955.38
HITM0011566,HORD003681,PRD0910,1,28.09,28.09
HITM0011567,HORD003681,PRD0011,2,2618.24,5236.48
HITM0011568,HORD003682,PRD0039,2,735.79,1471.58
HITM0011569,HORD003682,PRD0888,2,734.2,1468.4
HITM0011570,HORD003682,PRD0799,1,114.07,114.07
HITM0011571,HORD003682,PRD0497,1,1779.73,1779.73
HITM0011572,HORD003683,PRD0929,1,131.55,131.55
HITM0011573,HORD003683,PRD0146,1,212.69,212.69
HITM0011574,HORD003683,PRD0044,1,649.62,649.62
HITM0011575,HORD003684,PRD0472,1,828.5,828.5
HITM0011576,HORD003684,PRD0014,1,2897.37,2897.37
HITM0011577,HORD003684,PRD0986,1,419.88,419.88
HITM0011578,HORD003685,PRD0303,1,858.46,858.46
HITM0011579,HORD003685,PRD0450,2,56.05,112.1
HITM0011580,HORD003685,PRD0402,2,782.5,1565.0
HITM0011581,HORD003686,PRD0689,3,277.28,831.84
HITM0011582,HORD003686,PRD0545,2,1132.56,2265.12
HITM0011583,HORD003687,PRD0339,1,1448.64,1448.64
HITM0011584,HORD003687,PRD0480,2,168.51,337.02
HITM0011585,HORD003687,PRD0028,1,160.23,160.23
HITM0011586,HORD003688,PRD0800,2,168.54,337.08
HITM0011587,HORD003688,PRD0418,1,860.3,860.3
HITM0011588,HORD003688,PRD0870,1,360.59,360.59
HITM0011589,HORD003689,PRD0651,1,1981.28,1981.28
HITM0011590,HORD003689,PRD0567,2,1572.22,3144.44
HITM0011591,HORD003689,PRD0949,3,589.87,1769.61
HITM0011592,HORD003689,PRD0872,2,588.52,1177.04
HITM0011593,HORD003690,PRD0027,1,116.57,116.57
HITM0011594,HORD003690,PRD0370,1,233.44,233.44
HITM0011595,HORD003690,PRD0368,1,759.57,759.57
HITM0011596,HORD003691,PRD0907,1,2551.71,2551.71
HITM0011597,HORD003691,PRD0532,1,386.41,386.41
HITM0011598,HORD003691,PRD0799,1,114.07,114.07
HITM0011599,HORD003692,PRD0349,1,469.34,469.34
HITM0011600,HORD003692,PRD0072,1,982.29,982.29
HITM0011601,HORD003692,PRD0174,1,733.71,733.71
HITM0011602,HORD003693,PRD0989,1,535.6,535.6
HITM0011603,HORD003693,PRD0137,1,125.48,125.48
HITM0011604,HORD003694,PRD0872,1,588.52,588.52
HITM0011605,HORD003694,PRD0082,2,1374.63,2749.26
HITM0011606,HORD003694,PRD0663,2,1329.29,2658.58
HITM0011607,HORD003694,PRD0541,1,2989.04,2989.04
HITM0011608,HORD003694,PRD0138,1,99.85,99.85
HITM0011609,HORD003695,PRD0617,1,2097.21,2097.21
HITM0011610,HORD003696,PRD0588,2,544.11,1088.22
HITM0011611,HORD003696,PRD0908,2,136.87,273.74
HITM0011612,HORD003696,PRD0168,2,451.79,903.58
HITM0011613,HORD003696,PRD0370,2,233.44,466.88
HITM0011614,HORD003697,PRD0576,2,680.42,1360.84
HITM0011615,HORD003697,PRD0735,1,1149.06,1149.06
HITM0011616,HORD003697,PRD0983,3,863.49,2590.47
HITM0011617,HORD003698,PRD0271,1,1003.21,1003.21
HITM0011618,HORD003698,PRD0356,2,246.85,493.7
HITM0011619,HORD003698,PRD0762,2,848.37,1696.74
HITM0011620,HORD003698,PRD0330,1,51.67,51.67
HITM0011621,HORD003698,PRD0653,1,514.7,514.7
HITM0011622,HORD003699,PRD0230,1,34.01,34.01
HITM0011623,HORD003699,PRD0830,1,146.02,146.02
HITM0011624,HORD003699,PRD0249,1,1215.99,1215.99
HITM0011625,HORD003700,PRD0807,1,123.14,123.14
HITM0011626,HORD003700,PRD0535,3,878.27,2634.81
HITM0011627,HORD003700,PRD0728,2,122.0,244.0
HITM0011628,HORD003700,PRD0672,1,629.2,629.2
HITM0011629,HORD003701,PRD0107,1,559.52,559.52
HITM0011630,HORD003701,PRD0502,1,553.17,553.17
HITM0011631,HORD003701,PRD0167,1,1477.35,1477.35
HITM0011632,HORD003702,PRD0346,1,519.06,519.06
HITM0011633,HORD003702,PRD0875,1,73.21,73.21
HITM0011634,HORD003702,PRD0750,1,262.52,262.52
HITM0011635,HORD003703,PRD0929,3,131.55,394.65
HITM0011636,HORD003703,PRD0267,2,2030.91,4061.82
HITM0011637,HORD003703,PRD0080,2,122.76,245.52
HITM0011638,HORD003703,PRD0262,3,893.46,2680.38
HITM0011639,HORD003703,PRD0499,1,779.63,779.63
HITM0011640,HORD003704,PRD0915,2,551.31,1102.62
HITM0011641,HORD003705,PRD0571,2,2499.58,4999.16
HITM0011642,HORD003705,PRD0968,1,861.46,861.46
HITM0011643,HORD003706,PRD0194,1,3007.67,3007.67
HITM0011644,HORD003706,PRD0880,1,132.59,132.59
HITM0011645,HORD003706,PRD0676,1,117.14,117.14
HITM0011646,HORD003707,PRD0498,1,309.85,309.85
HITM0011647,HORD003707,PRD0482,1,1837.21,1837.21
HITM0011648,HORD003707,PRD0639,1,1114.83,1114.83
HITM0011649,HORD003708,PRD0186,2,778.69,1557.38
HITM0011650,HORD003708,PRD0536,2,53.59,107.18
HITM0011651,HORD003708,PRD0250,1,329.47,329.47
HITM0011652,HORD003708,PRD0090,1,136.64,136.64
HITM0011653,HORD003708,PRD0348,1,857.27,857.27
HITM0011654,HORD003709,PRD0666,1,688.32,688.32
HITM0011655,HORD003709,PRD0275,2,394.33,788.66
HITM0011656,HORD003710,PRD0621,3,1360.63,4081.89
HITM0011657,HORD003710,PRD0299,3,150.48,451.44
HITM0011658,HORD003710,PRD0146,2,212.69,425.38
HITM0011659,HORD003711,PRD0343,1,1288.78,1288.78
HITM0011660,HORD003711,PRD0228,1,946.39,946.39
HITM0011661,HORD003711,PRD0411,2,2750.24,5500.48
HITM0011662,HORD003711,PRD0044,1,649.62,649.62
HITM0011663,HORD003712,PRD0589,2,824.97,1649.94
HITM0011664,HORD003712,PRD0660,1,89.27,89.27
HITM0011665,HORD003713,PRD0216,2,241.98,483.96
HITM0011666,HORD003713,PRD0378,1,271.63,271.63
HITM0011667,HORD003713,PRD0461,1,1946.88,1946.88
HITM0011668,HORD003713,PRD0510,2,112.56,225.12
HITM0011669,HORD003713,PRD0289,1,1205.3,1205.3
HITM0011670,HORD003714,PRD0371,1,2576.15,2576.15
HITM0011671,HORD003714,PRD0747,1,2580.17,2580.17
HITM0011672,HORD003714,PRD0532,1,386.41,386.41
HITM0011673,HORD003714,PRD0506,1,187.88,187.88
HITM0011674,HORD003714,PRD0581,1,2366.29,2366.29
HITM0011675,HORD003715,PRD0256,1,432.88,432.88
HITM0011676,HORD003715,PRD0406,1,184.6,184.6
HITM0011677,HORD003715,PRD0504,1,2203.43,2203.43
HITM0011678,HORD003716,PRD0068,1,327.08,327.08
HITM0011679,HORD003716,PRD0663,1,1329.29,1329.29
HITM0011680,HORD003716,PRD0568,1,299.47,299.47
HITM0011681,HORD003716,PRD0569,1,1425.79,1425.79
HITM0011682,HORD003717,PRD0068,2,327.08,654.16
HITM0011683,HORD003717,PRD0499,1,779.63,779.63
HITM0011684,HORD003717,PRD0625,1,122.46,122.46
HITM0011685,HORD003717,PRD0777,1,2046.64,2046.64
HITM0011686,HORD003718,PRD0158,2,224.45,448.9
HITM0011687,HORD003718,PRD0570,1,179.75,179.75
HITM0011688,HORD003719,PRD0947,1,934.61,934.61
HITM0011689,HORD003719,PRD0310,1,161.31,161.31
HITM0011690,HORD003720,PRD0865,2,1074.97,2149.94
HITM0011691,HORD003720,PRD0886,1,389.53,389.53
HITM0011692,HORD003720,PRD0776,1,294.42,294.42
HITM0011693,HORD003721,PRD0103,2,1002.58,2005.16
HITM0011694,HORD003721,PRD0918,1,911.04,911.04
HITM0011695,HORD003721,PRD0413,1,486.14,486.14
HITM0011696,HORD003722,PRD0058,1,913.94,913.94
HITM0011697,HORD003722,PRD0606,1,49.01,49.01
HITM0011698,HORD003722,PRD0133,1,334.91,334.91
HITM0011699,HORD003723,PRD0827,2,1653.52,3307.04
HITM0011700,HORD003723,PRD0180,1,356.72,356.72
HITM0011701,HORD003723,PRD0488,2,780.13,1560.26
HITM0011702,HORD003723,PRD0130,1,183.26,183.26
HITM0011703,HORD003724,PRD0099,1,892.92,892.92
HITM0011704,HORD003724,PRD0941,1,2159.7,2159.7
HITM0011705,HORD003725,PRD0006,2,35.37,70.74
HITM0011706,HORD003725,PRD0711,1,1902.91,1902.91
HITM0011707,HORD003725,PRD0360,1,326.09,326.09
HITM0011708,HORD003725,PRD0229,1,1192.23,1192.23
HITM0011709,HORD003725,PRD0750,1,262.52,262.52
HITM0011710,HORD003726,PRD0786,1,326.86,326.86
HITM0011711,HORD003726,PRD0655,1,424.11,424.11
HITM0011712,HORD003726,PRD0656,1,300.51,300.51
HITM0011713,HORD003727,PRD0412,1,1822.18,1822.18
HITM0011714,HORD003727,PRD0682,1,1273.55,1273.55
HITM0011715,HORD003727,PRD0012,2,1122.89,2245.78
HITM0011716,HORD003727,PRD0395,1,1111.47,1111.47
HITM0011717,HORD003727,PRD0954,1,551.46,551.46
HITM0011718,HORD003728,PRD0477,1,654.36,654.36
HITM0011719,HORD003728,PRD0894,3,3415.6,10246.8
HITM0011720,HORD003728,PRD0923,2,1561.37,3122.74
HITM0011721,HORD003728,PRD0139,1,1069.24,1069.24
HITM0011722,HORD003729,PRD0040,2,201.64,403.28
HITM0011723,HORD003730,PRD0280,1,84.08,84.08
HITM0011724,HORD003730,PRD0940,1,227.03,227.03
HITM0011725,HORD003730,PRD0703,1,716.42,716.42
HITM0011726,HORD003731,PRD0699,2,1102.07,2204.14
HITM0011727,HORD003731,PRD0620,1,339.14,339.14
HITM0011728,HORD003731,PRD0991,1,2498.97,2498.97
HITM0011729,HORD003731,PRD0426,2,726.65,1453.3
HITM0011730,HORD003732,PRD0905,1,470.11,470.11
HITM0011731,HORD003732,PRD0463,1,564.14,564.14
HITM0011732,HORD003732,PRD0773,1,310.58,310.58
HITM0011733,HORD003733,PRD0086,2,92.8,185.6
HITM0011734,HORD003733,PRD0508,1,323.95,323.95
HITM0011735,HORD003733,PRD0280,1,84.08,84.08
HITM0011736,HORD003733,PRD0499,1,779.63,779.63
HITM0011737,HORD003734,PRD0955,2,502.79,1005.58
HITM0011738,HORD003735,PRD0144,1,816.73,816.73
HITM0011739,HORD003735,PRD0140,2,347.21,694.42
HITM0011740,HORD003735,PRD0523,1,1405.5,1405.5
HITM0011741,HORD003735,PRD0769,1,798.58,798.58
HITM0011742,HORD003736,PRD0642,1,1152.43,1152.43
HITM0011743,HORD003736,PRD0182,1,986.88,986.88
HITM0011744,HORD003737,PRD0994,1,2732.71,2732.71
HITM0011745,HORD003737,PRD0553,1,1597.7,1597.7
HITM0011746,HORD003737,PRD0740,1,150.48,150.48
HITM0011747,HORD003738,PRD0909,1,346.13,346.13
HITM0011748,HORD003738,PRD0866,1,369.1,369.1
HITM0011749,HORD003738,PRD0564,1,3766.49,3766.49
HITM0011750,HORD003739,PRD0291,1,2155.05,2155.05
HITM0011751,HORD003739,PRD0209,2,327.08,654.16
HITM0011752,HORD003739,PRD0559,1,109.7,109.7
HITM0011753,HORD003740,PRD0627,2,857.8,1715.6
HITM0011754,HORD003741,PRD0702,2,1785.7,3571.4
HITM0011755,HORD003741,PRD0745,1,494.7,494.7
HITM0011756,HORD003741,PRD0280,1,84.08,84.08
HITM0011757,HORD003741,PRD0687,1,1174.99,1174.99
HITM0011758,HORD003742,PRD0379,1,888.83,888.83
HITM0011759,HORD003742,PRD0080,1,122.76,122.76
HITM0011760,HORD003742,PRD0041,2,3019.84,6039.68
HITM0011761,HORD003743,PRD0159,1,897.22,897.22
HITM0011762,HORD003743,PRD0099,1,892.92,892.92
HITM0011763,HORD003743,PRD0500,1,162.81,162.81
HITM0011764,HORD003743,PRD0770,2,410.85,821.7
HITM0011765,HORD003744,PRD0895,1,567.08,567.08
HITM0011766,HORD003744,PRD0723,1,867.11,867.11
HITM0011767,HORD003744,PRD0998,2,366.72,733.44
HITM0011768,HORD003744,PRD0604,1,2778.09,2778.09
HITM0011769,HORD003745,PRD0009,1,354.96,354.96
HITM0011770,HORD003745,PRD0033,1,1096.91,1096.91
HITM0011771,HORD003745,PRD0925,2,56.69,113.38
HITM0011772,HORD003745,PRD0138,2,99.85,199.7
HITM0011773,HORD003746,PRD0345,1,752.34,752.34
HITM0011774,HORD003746,PRD0365,1,380.49,380.49
HITM0011775,HORD003747,PRD0948,2,454.84,909.68
HITM0011776,HORD003747,PRD0366,1,428.57,428.57
HITM0011777,HORD003747,PRD0631,3,2987.02,8961.06
HITM0011778,HORD003747,PRD0315,2,58.99,117.98
HITM0011779,HORD003747,PRD0328,1,650.32,650.32
HITM0011780,HORD003748,PRD0072,1,982.29,982.29
HITM0011781,HORD003748,PRD0123,2,1257.07,2514.14
HITM0011782,HORD003748,PRD0058,1,913.94,913.94
HITM0011783,HORD003749,PRD0381,2,2300.27,4600.54
HITM0011784,HORD003749,PRD0960,1,321.52,321.52
HITM0011785,HORD003749,PRD0482,1,1837.21,1837.21
HITM0011786,HORD003749,PRD0892,1,375.64,375.64
HITM0011787,HORD003750,PRD0716,3,120.76,362.28
HITM0011788,HORD003750,PRD0275,1,394.33,394.33
HITM0011789,HORD003750,PRD0685,1,987.86,987.86
HITM0011790,HORD003751,PRD0228,1,946.39,946.39
HITM0011791,HORD003751,PRD0404,1,2672.02,2672.02
HITM0011792,HORD003751,PRD0485,1,939.87,939.87
HITM0011793,HORD003752,PRD0842,1,1294.03,1294.03
HITM0011794,HORD003752,PRD0455,1,243.16,243.16
HITM0011795,HORD003752,PRD0249,1,1215.99,1215.99
HITM0011796,HORD003752,PRD0336,2,110.53,221.06
HITM0011797,HORD003752,PRD0169,1,445.45,445.45
HITM0011798,HORD003753,PRD0897,1,351.24,351.24
HITM0011799,HORD003753,PRD0837,1,470.72,470.72
HITM0011800,HORD003753,PRD0530,1,220.26,220.26
HITM0011801,HORD003754,PRD0076,1,232.75,232.75
HITM0011802,HORD003755,PRD0795,2,574.53,1149.06
HITM0011803,HORD003755,PRD0080,1,122.76,122.76
HITM0011804,HORD003756,PRD0950,1,238.05,238.05
HITM0011805,HORD003756,PRD0413,1,486.14,486.14
HITM0011806,HORD003756,PRD0479,1,660.2,660.2
HITM0011807,HORD003757,PRD0207,1,1636.46,1636.46
HITM0011808,HORD003757,PRD0687,1,1174.99,1174.99
HITM0011809,HORD003757,PRD0190,1,34.34,34.34
HITM0011810,HORD003757,PRD0055,2,371.08,742.16
HITM0011811,HORD003758,PRD0046,1,192.34,192.34
HITM0011812,HORD003758,PRD0147,1,1910.7,1910.7
HITM0011813,HORD003758,PRD0412,1,1822.18,1822.18
HITM0011814,HORD003758,PRD0694,1,1978.51,1978.51
HITM0011815,HORD003759,PRD0225,1,1003.93,1003.93
HITM0011816,HORD003759,PRD0804,1,3159.06,3159.06
HITM0011817,HORD003759,PRD0705,1,387.12,387.12
HITM0011818,HORD003760,PRD0177,1,535.99,535.99
HITM0011819,HORD003760,PRD0934,1,524.96,524.96
HITM0011820,HORD003760,PRD0606,1,49.01,49.01
HITM0011821,HORD003760,PRD0289,1,1205.3,1205.3
HITM0011822,HORD003760,PRD0881,1,1385.81,1385.81
HITM0011823,HORD003761,PRD0152,1,1406.47,1406.47
HITM0011824,HORD003761,PRD0261,1,3026.48,3026.48
HITM0011825,HORD003762,PRD0335,2,235.04,470.08
HITM0011826,HORD003762,PRD0588,1,544.11,544.11
HITM0011827,HORD003762,PRD0136,2,339.97,679.94
HITM0011828,HORD003762,PRD0578,2,383.34,766.68
HITM0011829,HORD003762,PRD0683,1,571.77,571.77
HITM0011830,HORD003763,PRD0271,1,1003.21,1003.21
HITM0011831,HORD003763,PRD0566,1,306.33,306.33
HITM0011832,HORD003764,PRD0825,3,841.2,2523.6
HITM0011833,HORD003764,PRD0584,1,3190.99,3190.99
HITM0011834,HORD003764,PRD0762,1,848.37,848.37
HITM0011835,HORD003765,PRD0069,1,398.01,398.01
HITM0011836,HORD003765,PRD0055,1,371.08,371.08
HITM0011837,HORD003765,PRD0618,1,208.79,208.79
HITM0011838,HORD003766,PRD0190,1,34.34,34.34
HITM0011839,HORD003766,PRD0799,1,114.07,114.07
HITM0011840,HORD003766,PRD0494,1,2689.23,2689.23
HITM0011841,HORD003766,PRD0957,2,1668.98,3337.96
HITM0011842,HORD003766,PRD0713,3,1129.25,3387.75
HITM0011843,HORD003767,PRD0278,1,83.35,83.35
HITM0011844,HORD003767,PRD0040,1,201.64,201.64
HITM0011845,HORD003767,PRD0606,1,49.01,49.01
HITM0011846,HORD003767,PRD0921,2,3109.79,6219.58
HITM0011847,HORD003768,PRD0054,1,3479.55,3479.55
HITM0011848,HORD003768,PRD0892,1,375.64,375.64
HITM0011849,HORD003768,PRD0735,1,1149.06,1149.06
HITM0011850,HORD003768,PRD0581,2,2366.29,4732.58
HITM0011851,HORD003769,PRD0169,1,445.45,445.45
HITM0011852,HORD003769,PRD0124,2,2854.48,5708.96
HITM0011853,HORD003769,PRD0828,1,146.02,146.02
HITM0011854,HORD003769,PRD0219,2,888.21,1776.42
HITM0011855,HORD003770,PRD0300,2,243.64,487.28
HITM0011856,HORD003770,PRD0699,1,1102.07,1102.07
HITM0011857,HORD003770,PRD0926,2,455.41,910.82
HITM0011858,HORD003771,PRD0748,2,789.67,1579.34
HITM0011859,HORD003771,PRD0969,1,99.89,99.89
HITM0011860,HORD003771,PRD0932,2,326.42,652.84
HITM0011861,HORD003772,PRD0314,1,4090.98,4090.98
HITM0011862,HORD003772,PRD0613,1,1377.73,1377.73
HITM0011863,HORD003772,PRD0963,1,648.79,648.79
HITM0011864,HORD003773,PRD0771,1,1690.63,1690.63
HITM0011865,HORD003773,PRD0826,1,89.12,89.12
HITM0011866,HORD003774,PRD0928,2,834.91,1669.82
HITM0011867,HORD003774,PRD0332,1,449.5,449.5
HITM0011868,HORD003775,PRD0447,1,961.68,961.68
HITM0011869,HORD003775,PRD0736,2,171.3,342.6
HITM0011870,HORD003775,PRD0356,1,246.85,246.85
HITM0011871,HORD003775,PRD0603,1,1120.48,1120.48
HITM0011872,HORD003776,PRD0509,1,400.59,400.59
HITM0011873,HORD003776,PRD0968,1,861.46,861.46
HITM0011874,HORD003776,PRD0093,1,401.55,401.55
HITM0011875,HORD003776,PRD0108,1,997.65,997.65
HITM0011876,HORD003777,PRD0627,1,857.8,857.8
HITM0011877,HORD003777,PRD0196,2,373.5,747.0
HITM0011878,HORD003777,PRD0726,1,256.01,256.01
HITM0011879,HORD003777,PRD0936,2,279.68,559.36
HITM0011880,HORD003778,PRD0816,1,377.97,377.97
HITM0011881,HORD003778,PRD0283,1,405.7,405.7
HITM0011882,HORD003778,PRD0846,1,417.95,417.95
HITM0011883,HORD003779,PRD0906,1,553.58,553.58
HITM0011884,HORD003780,PRD0123,1,1257.07,1257.07
HITM0011885,HORD003780,PRD0135,1,715.95,715.95
HITM0011886,HORD003780,PRD0500,1,162.81,162.81
HITM0011887,HORD003781,PRD0075,1,360.03,360.03
HITM0011888,HORD003781,PRD0611,2,1417.98,2835.96
HITM0011889,HORD003782,PRD0003,1,342.16,342.16
HITM0011890,HORD003783,PRD0275,1,394.33,394.33
HITM0011891,HORD003783,PRD0049,2,598.46,1196.92
HITM0011892,HORD003783,PRD0194,1,3007.67,3007.67
HITM0011893,HORD003784,PRD0233,2,1412.0,2824.0
HITM0011894,HORD003784,PRD0094,2,1868.0,3736.0
HITM0011895,HORD003784,PRD0275,2,394.33,788.66
HITM0011896,HORD003785,PRD0455,1,243.16,243.16
HITM0011897,HORD003785,PRD0212,1,1587.64,1587.64
HITM0011898,HORD003785,PRD0530,1,220.26,220.26
HITM0011899,HORD003785,PRD0330,2,51.67,103.34
HITM0011900,HORD003785,PRD0408,1,384.62,384.62
HITM0011901,HORD003786,PRD0559,2,109.7,219.4
HITM0011902,HORD003786,PRD0779,1,234.12,234.12
HITM0011903,HORD003786,PRD0455,2,243.16,486.32
HITM0011904,HORD003786,PRD0976,1,714.76,714.76
HITM0011905,HORD003787,PRD0596,1,497.18,497.18
HITM0011906,HORD003787,PRD0956,1,726.92,726.92
HITM0011907,HORD003787,PRD0606,1,49.01,49.01
HITM0011908,HORD003788,PRD0256,1,432.88,432.88
HITM0011909,HORD003788,PRD0801,1,1592.9,1592.9
HITM0011910,HORD003788,PRD0868,1,594.16,594.16
HITM0011911,HORD003789,PRD0366,1,428.57,428.57
HITM0011912,HORD003789,PRD0120,1,266.59,266.59
HITM0011913,HORD003789,PRD0237,1,983.57,983.57
HITM0011914,HORD003790,PRD0640,1,23.59,23.59
HITM0011915,HORD003790,PRD0733,1,1110.2,1110.2
HITM0011916,HORD003790,PRD0845,1,45.19,45.19
HITM0011917,HORD003791,PRD0425,2,845.25,1690.5
HITM0011918,HORD003791,PRD0214,1,1445.79,1445.79
HITM0011919,HORD003791,PRD0606,1,49.01,49.01
HITM0011920,HORD003791,PRD0453,1,904.43,904.43
HITM0011921,HORD003792,PRD0538,1,748.35,748.35
HITM0011922,HORD003792,PRD0810,1,393.15,393.15
HITM0011923,HORD003793,PRD0134,1,878.86,878.86
HITM0011924,HORD003793,PRD0415,2,191.7,383.4
HITM0011925,HORD003793,PRD0821,1,979.52,979.52
HITM0011926,HORD003793,PRD0535,1,878.27,878.27
HITM0011927,HORD003794,PRD0664,1,3200.22,3200.22
HITM0011928,HORD003794,PRD0872,1,588.52,588.52
HITM0011929,HORD003794,PRD0636,1,418.01,418.01
HITM0011930,HORD003795,PRD0013,1,1361.97,1361.97
HITM0011931,HORD003795,PRD0669,1,387.51,387.51
HITM0011932,HORD003795,PRD0306,1,422.96,422.96
HITM0011933,HORD003795,PRD0460,1,289.71,289.71
HITM0011934,HORD003796,PRD0096,1,291.41,291.41
HITM0011935,HORD003797,PRD0640,1,23.59,23.59
HITM0011936,HORD003797,PRD0468,2,388.69,777.38
HITM0011937,HORD003797,PRD0929,1,131.55,131.55
HITM0011938,HORD003798,PRD0690,1,296.31,296.31
HITM0011939,HORD003798,PRD0333,1,621.74,621.74
HITM0011940,HORD003798,PRD0358,1,1045.44,1045.44
HITM0011941,HORD003798,PRD0330,1,51.67,51.67
HITM0011942,HORD003799,PRD0608,1,313.58,313.58
HITM0011943,HORD003799,PRD0858,1,363.41,363.41
HITM0011944,HORD003799,PRD0168,1,451.79,451.79
HITM0011945,HORD003799,PRD0773,1,310.58,310.58
HITM0011946,HORD003800,PRD0029,1,418.31,418.31
HITM0011947,HORD003800,PRD0547,1,394.5,394.5
HITM0011948,HORD003800,PRD0695,3,908.69,2726.07
HITM0011949,HORD003801,PRD0506,1,187.88,187.88
HITM0011950,HORD003802,PRD0550,1,229.62,229.62
HITM0011951,HORD003802,PRD0200,1,231.67,231.67
HITM0011952,HORD003802,PRD0315,2,58.99,117.98
HITM0011953,HORD003803,PRD0194,1,3007.67,3007.67
HITM0011954,HORD003803,PRD0332,1,449.5,449.5
HITM0011955,HORD003803,PRD0961,1,985.63,985.63
HITM0011956,HORD003804,PRD0790,1,55.39,55.39
HITM0011957,HORD003804,PRD0918,3,911.04,2733.12
HITM0011958,HORD003804,PRD0791,1,2467.42,2467.42
HITM0011959,HORD003805,PRD0961,1,985.63,985.63
HITM0011960,HORD003805,PRD0806,1,499.24,499.24
HITM0011961,HORD003806,PRD0366,1,428.57,428.57
HITM0011962,HORD003806,PRD0400,1,411.31,411.31
HITM0011963,HORD003807,PRD0920,3,123.07,369.21
HITM0011964,HORD003808,PRD0491,1,2056.04,2056.04
HITM0011965,HORD003808,PRD0463,1,564.14,564.14
HITM0011966,HORD003808,PRD0964,3,887.89,2663.67
HITM0011967,HORD003808,PRD0556,1,546.84,546.84
HITM0011968,HORD003808,PRD0131,2,2191.15,4382.3
HITM0011969,HORD003809,PRD0507,1,135.21,135.21
HITM0011970,HORD003809,PRD0100,1,328.27,328.27
HITM0011971,HORD003809,PRD0550,3,229.62,688.86
HITM0011972,HORD003809,PRD0970,2,107.81,215.62
HITM0011973,HORD003810,PRD0355,1,1138.32,1138.32
HITM0011974,HORD003810,PRD0903,2,332.35,664.7
HITM0011975,HORD003810,PRD0975,2,723.09,1446.18
HITM0011976,HORD003811,PRD0731,2,1036.98,2073.96
HITM0011977,HORD003811,PRD0591,1,2930.44,2930.44
HITM0011978,HORD003811,PRD0741,2,1637.14,3274.28
HITM0011979,HORD003811,PRD0653,2,514.7,1029.4
HITM0011980,HORD003812,PRD0473,1,370.27,370.27
HITM0011981,HORD003812,PRD0906,1,553.58,553.58
HITM0011982,HORD003812,PRD0527,1,2128.95,2128.95
HITM0011983,HORD003813,PRD0786,1,326.86,326.86
HITM0011984,HORD003813,PRD0665,2,191.97,383.94
HITM0011985,HORD003814,PRD0409,2,165.4,330.8
HITM0011986,HORD003814,PRD0501,1,2577.38,2577.38
HITM0011987,HORD003814,PRD0508,1,323.95,323.95
HITM0011988,HORD003814,PRD0900,3,369.61,1108.83
HITM0011989,HORD003815,PRD0728,1,122.0,122.0
HITM0011990,HORD003815,PRD0487,2,968.55,1937.1
HITM0011991,HORD003815,PRD0228,1,946.39,946.39
HITM0011992,HORD003815,PRD0339,2,1448.64,2897.28
HITM0011993,HORD003815,PRD0093,1,401.55,401.55
HITM0011994,HORD003816,PRD0629,1,402.79,402.79
HITM0011995,HORD003816,PRD0511,1,1297.34,1297.34
HITM0011996,HORD003816,PRD0729,1,1304.27,1304.27
HITM0011997,HORD003817,PRD0820,2,31.29,62.58
HITM0011998,HORD003817,PRD0925,2,56.69,113.38
HITM0011999,HORD003817,PRD0300,2,243.64,487.28
HITM0012000,HORD003817,PRD0301,1,2638.87,2638.87
HITM0012001,HORD003817,PRD0972,2,1027.59,2055.18
HITM0012002,HORD003818,PRD0269,1,473.87,473.87
HITM0012003,HORD003819,PRD0086,1,92.8,92.8
HITM0012004,HORD003820,PRD0166,1,486.74,486.74
HITM0012005,HORD003820,PRD0870,2,360.59,721.18
HITM0012006,HORD003820,PRD0496,3,519.08,1557.24
HITM0012007,HORD003821,PRD0648,1,389.72,389.72
HITM0012008,HORD003821,PRD0364,3,914.03,2742.09
HITM0012009,HORD003821,PRD0842,2,1294.03,2588.06
HITM0012010,HORD003822,PRD0470,1,133.45,133.45
HITM0012011,HORD003822,PRD0725,2,282.7,565.4
HITM0012012,HORD003822,PRD0155,3,673.32,2019.96
HITM0012013,HORD003822,PRD0588,1,544.11,544.11
HITM0012014,HORD003823,PRD0526,1,44.24,44.24
HITM0012015,HORD003823,PRD0146,1,212.69,212.69
HITM0012016,HORD003823,PRD0048,1,490.15,490.15
HITM0012017,HORD003823,PRD0056,1,437.03,437.03
HITM0012018,HORD003823,PRD0570,2,179.75,359.5
HITM0012019,HORD003824,PRD0173,1,270.07,270.07
HITM0012020,HORD003824,PRD0925,1,56.69,56.69
HITM0012021,HORD003825,PRD0459,2,461.78,923.56
HITM0012022,HORD003825,PRD0234,1,2489.95,2489.95
HITM0012023,HORD003826,PRD0330,1,51.67,51.67
HITM0012024,HORD003827,PRD0132,1,687.19,687.19
HITM0012025,HORD003827,PRD0336,1,110.53,110.53
HITM0012026,HORD003827,PRD0005,1,793.64,793.64
HITM0012027,HORD003828,PRD0160,2,21.4,42.8
HITM0012028,HORD003828,PRD0460,1,289.71,289.71
HITM0012029,HORD003828,PRD0177,1,535.99,535.99
HITM0012030,HORD003828,PRD0614,2,2452.5,4905.0
HITM0012031,HORD003829,PRD0547,1,394.5,394.5
HITM0012032,HORD003829,PRD0459,2,461.78,923.56
HITM0012033,HORD003829,PRD0296,1,122.37,122.37
HITM0012034,HORD003830,PRD0436,1,112.2,112.2
HITM0012035,HORD003830,PRD0957,1,1668.98,1668.98
HITM0012036,HORD003830,PRD0628,1,904.82,904.82
HITM0012037,HORD003831,PRD0768,1,73.54,73.54
HITM0012038,HORD003831,PRD0137,1,125.48,125.48
HITM0012039,HORD003831,PRD0468,1,388.69,388.69
HITM0012040,HORD003831,PRD0090,1,136.64,136.64
HITM0012041,HORD003831,PRD0992,2,1098.67,2197.34
HITM0012042,HORD003832,PRD0019,1,353.47,353.47
HITM0012043,HORD003832,PRD0076,1,232.75,232.75
HITM0012044,HORD003832,PRD0305,1,346.95,346.95
HITM0012045,HORD003833,PRD0198,2,737.1,1474.2
HITM0012046,HORD003833,PRD0102,1,1498.33,1498.33
HITM0012047,HORD003833,PRD0329,2,100.62,201.24
HITM0012048,HORD003833,PRD0147,1,1910.7,1910.7
HITM0012049,HORD003833,PRD0981,2,2778.15,5556.3
HITM0012050,HORD003834,PRD0975,1,723.09,723.09
HITM0012051,HORD003834,PRD0647,1,754.04,754.04
HITM0012052,HORD003834,PRD0927,1,138.39,138.39
HITM0012053,HORD003834,PRD0703,2,716.42,1432.84
HITM0012054,HORD003834,PRD0400,1,411.31,411.31
HITM0012055,HORD003835,PRD0048,1,490.15,490.15
HITM0012056,HORD003835,PRD0925,2,56.69,113.38
HITM0012057,HORD003835,PRD0551,1,2253.02,2253.02
HITM0012058,HORD003835,PRD0178,1,176.94,176.94
HITM0012059,HORD003836,PRD0409,1,165.4,165.4
HITM0012060,HORD003836,PRD0639,1,1114.83,1114.83
HITM0012061,HORD003837,PRD0249,1,1215.99,1215.99
HITM0012062,HORD003837,PRD0396,1,485.87,485.87
HITM0012063,HORD003837,PRD0759,2,655.9,1311.8
HITM0012064,HORD003837,PRD0791,1,2467.42,2467.42
HITM0012065,HORD003838,PRD0329,1,100.62,100.62
HITM0012066,HORD003838,PRD0376,2,811.77,1623.54
HITM0012067,HORD003838,PRD0436,1,112.2,112.2
HITM0012068,HORD003838,PRD0950,2,238.05,476.1
HITM0012069,HORD003838,PRD0982,1,1474.96,1474.96
HITM0012070,HORD003839,PRD0086,1,92.8,92.8
HITM0012071,HORD003839,PRD0180,1,356.72,356.72
HITM0012072,HORD003839,PRD0074,1,3394.49,3394.49
HITM0012073,HORD003839,PRD0893,1,1495.82,1495.82
HITM0012074,HORD003840,PRD0670,1,137.8,137.8
HITM0012075,HORD003840,PRD0373,3,1452.1,4356.3
HITM0012076,HORD003841,PRD0261,1,3026.48,3026.48
HITM0012077,HORD003842,PRD0845,1,45.19,45.19
HITM0012078,HORD003842,PRD0010,2,39.45,78.9
HITM0012079,HORD003842,PRD0123,1,1257.07,1257.07
HITM0012080,HORD003842,PRD0730,2,388.14,776.28
HITM0012081,HORD003842,PRD0095,1,590.13,590.13
HITM0012082,HORD003843,PRD0616,1,819.39,819.39
HITM0012083,HORD003844,PRD0989,1,535.6,535.6
HITM0012084,HORD003844,PRD0430,1,348.93,348.93
HITM0012085,HORD003844,PRD0289,1,1205.3,1205.3
HITM0012086,HORD003844,PRD0379,1,888.83,888.83
HITM0012087,HORD003845,PRD0035,1,1129.26,1129.26
HITM0012088,HORD003846,PRD0666,1,688.32,688.32
HITM0012089,HORD003846,PRD0450,1,56.05,56.05
HITM0012090,HORD003847,PRD0475,1,357.18,357.18
HITM0012091,HORD003847,PRD0491,2,2056.04,4112.08
HITM0012092,HORD003847,PRD0667,1,2533.49,2533.49
HITM0012093,HORD003848,PRD0843,2,1524.85,3049.7
HITM0012094,HORD003849,PRD0661,1,1942.53,1942.53
HITM0012095,HORD003849,PRD0238,1,1033.13,1033.13
HITM0012096,HORD003849,PRD0903,1,332.35,332.35
HITM0012097,HORD003850,PRD0270,1,218.48,218.48
HITM0012098,HORD003850,PRD0058,1,913.94,913.94
HITM0012099,HORD003850,PRD0868,1,594.16,594.16
HITM0012100,HORD003851,PRD0667,1,2533.49,2533.49
HITM0012101,HORD003851,PRD0709,1,1109.44,1109.44
HITM0012102,HORD003851,PRD0705,3,387.12,1161.36
HITM0012103,HORD003852,PRD0209,2,327.08,654.16
HITM0012104,HORD003852,PRD0936,2,279.68,559.36
HITM0012105,HORD003853,PRD0792,1,1480.93,1480.93
HITM0012106,HORD003853,PRD0203,2,489.43,978.86
HITM0012107,HORD003854,PRD0523,1,1405.5,1405.5
HITM0012108,HORD003854,PRD0870,2,360.59,721.18
HITM0012109,HORD003855,PRD0929,1,131.55,131.55
HITM0012110,HORD003855,PRD0294,1,1563.92,1563.92
HITM0012111,HORD003855,PRD0854,1,651.27,651.27
HITM0012112,HORD003856,PRD0555,1,955.38,955.38
HITM0012113,HORD003856,PRD0050,1,289.02,289.02
HITM0012114,HORD003857,PRD0783,1,1427.48,1427.48
HITM0012115,HORD003857,PRD0848,1,870.59,870.59
HITM0012116,HORD003857,PRD0138,1,99.85,99.85
HITM0012117,HORD003857,PRD0373,1,1452.1,1452.1
HITM0012118,HORD003858,PRD0578,3,383.34,1150.02
HITM0012119,HORD003858,PRD0490,2,63.94,127.88
HITM0012120,HORD003858,PRD0847,1,1756.67,1756.67
HITM0012121,HORD003858,PRD0436,1,112.2,112.2
HITM0012122,HORD003859,PRD0229,2,1192.23,2384.46
HITM0012123,HORD003859,PRD0233,3,1412.0,4236.0
HITM0012124,HORD003859,PRD0340,2,42.57,85.14
HITM0012125,HORD003860,PRD0135,2,715.95,1431.9
HITM0012126,HORD003860,PRD0577,1,649.4,649.4
HITM0012127,HORD003860,PRD0871,1,3071.93,3071.93
HITM0012128,HORD003861,PRD0611,2,1417.98,2835.96
HITM0012129,HORD003861,PRD0110,1,197.81,197.81
HITM0012130,HORD003861,PRD0534,1,458.42,458.42
HITM0012131,HORD003861,PRD0725,1,282.7,282.7
HITM0012132,HORD003862,PRD0299,1,150.48,150.48
HITM0012133,HORD003863,PRD0566,1,306.33,306.33
HITM0012134,HORD003864,PRD0339,1,1448.64,1448.64
HITM0012135,HORD003864,PRD0421,1,2974.43,2974.43
HITM0012136,HORD003864,PRD0137,1,125.48,125.48
HITM0012137,HORD003865,PRD0370,1,233.44,233.44
HITM0012138,HORD003865,PRD0469,2,274.61,549.22
HITM0012139,HORD003866,PRD0023,1,268.14,268.14
HITM0012140,HORD003866,PRD0150,1,302.63,302.63
HITM0012141,HORD003866,PRD0905,1,470.11,470.11
HITM0012142,HORD003867,PRD0714,1,3727.82,3727.82
HITM0012143,HORD003867,PRD0934,1,524.96,524.96
HITM0012144,HORD003867,PRD0168,1,451.79,451.79
HITM0012145,HORD003867,PRD0483,1,863.5,863.5
HITM0012146,HORD003867,PRD0801,1,1592.9,1592.9
HITM0012147,HORD003868,PRD0718,1,543.69,543.69
HITM0012148,HORD003868,PRD0880,1,132.59,132.59
HITM0012149,HORD003868,PRD0992,1,1098.67,1098.67
HITM0012150,HORD003869,PRD0840,1,102.1,102.1
HITM0012151,HORD003869,PRD0624,2,2196.66,4393.32
HITM0012152,HORD003870,PRD0631,3,2987.02,8961.06
HITM0012153,HORD003870,PRD0133,1,334.91,334.91
HITM0012154,HORD003871,PRD0104,1,3475.57,3475.57
HITM0012155,HORD003871,PRD0834,1,2762.83,2762.83
HITM0012156,HORD003872,PRD0508,1,323.95,323.95
HITM0012157,HORD003872,PRD0854,1,651.27,651.27
HITM0012158,HORD003873,PRD0456,1,117.59,117.59
HITM0012159,HORD003873,PRD0985,1,77.36,77.36
HITM0012160,HORD003873,PRD0492,1,541.59,541.59
HITM0012161,HORD003873,PRD0134,1,878.86,878.86
HITM0012162,HORD003873,PRD0989,1,535.6,535.6
HITM0012163,HORD003874,PRD0419,1,1353.51,1353.51
HITM0012164,HORD003875,PRD0476,2,658.84,1317.68
HITM0012165,HORD003875,PRD0428,1,491.35,491.35
HITM0012166,HORD003875,PRD0678,2,904.89,1809.78
HITM0012167,HORD003876,PRD0490,1,63.94,63.94
HITM0012168,HORD003876,PRD0773,2,310.58,621.16
HITM0012169,HORD003876,PRD0378,1,271.63,271.63
HITM0012170,HORD003876,PRD0998,1,366.72,366.72
HITM0012171,HORD003876,PRD0692,1,1665.58,1665.58
HITM0012172,HORD003877,PRD0465,1,778.89,778.89
HITM0012173,HORD003877,PRD0940,3,227.03,681.09
HITM0012174,HORD003877,PRD0876,2,146.18,292.36
HITM0012175,HORD003878,PRD0613,1,1377.73,1377.73
HITM0012176,HORD003878,PRD0985,1,77.36,77.36
HITM0012177,HORD003879,PRD0271,1,1003.21,1003.21
HITM0012178,HORD003879,PRD0540,1,301.77,301.77
HITM0012179,HORD003879,PRD0518,1,127.55,127.55
HITM0012180,HORD003880,PRD0101,1,1796.81,1796.81
HITM0012181,HORD003880,PRD0327,2,812.84,1625.68
HITM0012182,HORD003880,PRD0106,1,840.97,840.97
HITM0012183,HORD003881,PRD0687,1,1174.99,1174.99
HITM0012184,HORD003881,PRD0995,1,258.22,258.22
HITM0012185,HORD003881,PRD0993,1,750.11,750.11
HITM0012186,HORD003882,PRD0530,1,220.26,220.26
HITM0012187,HORD003882,PRD0028,2,160.23,320.46
HITM0012188,HORD003882,PRD0698,2,981.72,1963.44
HITM0012189,HORD003882,PRD0556,2,546.84,1093.68
HITM0012190,HORD003882,PRD0690,1,296.31,296.31
HITM0012191,HORD003883,PRD0880,1,132.59,132.59
HITM0012192,HORD003883,PRD0661,1,1942.53,1942.53
HITM0012193,HORD003883,PRD0408,1,384.62,384.62
HITM0012194,HORD003884,PRD0266,1,186.6,186.6
HITM0012195,HORD003884,PRD0634,1,3567.92,3567.92
HITM0012196,HORD003884,PRD0769,1,798.58,798.58
HITM0012197,HORD003885,PRD0550,1,229.62,229.62
HITM0012198,HORD003885,PRD0440,1,112.71,112.71
HITM0012199,HORD003885,PRD0510,3,112.56,337.68
HITM0012200,HORD003885,PRD0668,3,641.02,1923.06
HITM0012201,HORD003886,PRD0268,1,226.89,226.89
HITM0012202,HORD003886,PRD0283,1,405.7,405.7
HITM0012203,HORD003886,PRD0221,1,2212.0,2212.0
HITM0012204,HORD003886,PRD0160,2,21.4,42.8
HITM0012205,HORD003887,PRD0851,1,2627.27,2627.27
HITM0012206,HORD003887,PRD0332,1,449.5,449.5
HITM0012207,HORD003887,PRD0306,1,422.96,422.96
HITM0012208,HORD003887,PRD0655,1,424.11,424.11
HITM0012209,HORD003888,PRD0322,2,1216.91,2433.82
HITM0012210,HORD003888,PRD0137,1,125.48,125.48
HITM0012211,HORD003888,PRD0715,1,809.62,809.62
HITM0012212,HORD003889,PRD0016,3,346.08,1038.24
HITM0012213,HORD003889,PRD0829,1,328.42,328.42
HITM0012214,HORD003889,PRD0945,1,693.93,693.93
HITM0012215,HORD003890,PRD0793,3,760.3,2280.9
HITM0012216,HORD003890,PRD0483,1,863.5,863.5
HITM0012217,HORD003890,PRD0782,1,492.79,492.79
HITM0012218,HORD003891,PRD0490,2,63.94,127.88
HITM0012219,HORD003891,PRD1000,1,45.04,45.04
HITM0012220,HORD003892,PRD0979,1,1067.2,1067.2
HITM0012221,HORD003893,PRD0624,1,2196.66,2196.66
HITM0012222,HORD003893,PRD0850,1,37.87,37.87
HITM0012223,HORD003893,PRD0809,3,1365.76,4097.28
HITM0012224,HORD003893,PRD0828,3,146.02,438.06
HITM0012225,HORD003894,PRD0598,1,522.01,522.01
HITM0012226,HORD003894,PRD0888,1,734.2,734.2
HITM0012227,HORD003894,PRD0875,2,73.21,146.42
HITM0012228,HORD003894,PRD0090,1,136.64,136.64
HITM0012229,HORD003894,PRD0836,2,610.89,1221.78
HITM0012230,HORD003895,PRD0988,2,721.76,1443.52
HITM0012231,HORD003895,PRD0270,1,218.48,218.48
HITM0012232,HORD003895,PRD0613,1,1377.73,1377.73
HITM0012233,HORD003896,PRD0952,1,1636.67,1636.67
HITM0012234,HORD003896,PRD0432,2,1637.76,3275.52
HITM0012235,HORD003897,PRD0510,1,112.56,112.56
HITM0012236,HORD003897,PRD0243,2,854.67,1709.34
HITM0012237,HORD003897,PRD0683,1,571.77,571.77
HITM0012238,HORD003897,PRD0443,1,1233.37,1233.37
HITM0012239,HORD003897,PRD0959,1,182.03,182.03
HITM0012240,HORD003898,PRD0527,2,2128.95,4257.9
HITM0012241,HORD003898,PRD0681,1,1969.92,1969.92
HITM0012242,HORD003898,PRD0323,1,1563.09,1563.09
HITM0012243,HORD003899,PRD0266,2,186.6,373.2
HITM0012244,HORD003899,PRD0252,1,879.59,879.59
HITM0012245,HORD003900,PRD0026,2,122.12,244.24
HITM0012246,HORD003901,PRD0533,2,1118.9,2237.8
HITM0012247,HORD003901,PRD0290,3,53.02,159.06
HITM0012248,HORD003901,PRD0420,2,277.28,554.56
HITM0012249,HORD003902,PRD0605,1,964.1,964.1
HITM0012250,HORD003902,PRD0229,3,1192.23,3576.69
HITM0012251,HORD003902,PRD0808,2,69.84,139.68
HITM0012252,HORD003903,PRD0244,1,807.13,807.13
HITM0012253,HORD003903,PRD0491,1,2056.04,2056.04
HITM0012254,HORD003903,PRD0467,1,590.42,590.42
HITM0012255,HORD003903,PRD0977,1,327.77,327.77
HITM0012256,HORD003904,PRD0914,1,2743.18,2743.18
HITM0012257,HORD003904,PRD0736,1,171.3,171.3
HITM0012258,HORD003905,PRD0639,1,1114.83,1114.83
HITM0012259,HORD003905,PRD0386,1,567.42,567.42
HITM0012260,HORD003905,PRD0725,1,282.7,282.7
HITM0012261,HORD003906,PRD0653,1,514.7,514.7
HITM0012262,HORD003906,PRD0317,1,2197.9,2197.9
HITM0012263,HORD003906,PRD0190,2,34.34,68.68
HITM0012264,HORD003906,PRD0042,1,711.35,711.35
HITM0012265,HORD003906,PRD0620,2,339.14,678.28
HITM0012266,HORD003907,PRD0503,1,896.74,896.74
HITM0012267,HORD003908,PRD0763,1,950.45,950.45
HITM0012268,HORD003908,PRD0916,1,784.31,784.31
HITM0012269,HORD003908,PRD0337,3,408.39,1225.17
HITM0012270,HORD003908,PRD0541,2,2989.04,5978.08
HITM0012271,HORD003908,PRD0441,1,2803.03,2803.03
HITM0012272,HORD003909,PRD0346,3,519.06,1557.18
HITM0012273,HORD003909,PRD0036,1,226.94,226.94
HITM0012274,HORD003909,PRD0382,1,865.54,865.54
HITM0012275,HORD003910,PRD0762,2,848.37,1696.74
HITM0012276,HORD003910,PRD0008,2,205.21,410.42
HITM0012277,HORD003910,PRD0003,1,342.16,342.16
HITM0012278,HORD003911,PRD0294,1,1563.92,1563.92
HITM0012279,HORD003911,PRD0220,1,187.94,187.94
HITM0012280,HORD003911,PRD0849,2,115.9,231.8
HITM0012281,HORD003911,PRD0090,1,136.64,136.64
HITM0012282,HORD003912,PRD0416,3,236.82,710.46
HITM0012283,HORD003912,PRD0949,2,589.87,1179.74
HITM0012284,HORD003913,PRD0779,1,234.12,234.12
HITM0012285,HORD003913,PRD0264,1,2624.21,2624.21
HITM0012286,HORD003914,PRD0160,1,21.4,21.4
HITM0012287,HORD003914,PRD0589,1,824.97,824.97
HITM0012288,HORD003914,PRD0784,1,385.51,385.51
HITM0012289,HORD003914,PRD0576,1,680.42,680.42
HITM0012290,HORD003915,PRD0762,1,848.37,848.37
HITM0012291,HORD003915,PRD0049,1,598.46,598.46
HITM0012292,HORD003915,PRD0349,1,469.34,469.34
HITM0012293,HORD003915,PRD0604,1,2778.09,2778.09
HITM0012294,HORD003916,PRD0240,1,116.74,116.74
HITM0012295,HORD003916,PRD0101,1,1796.81,1796.81
HITM0012296,HORD003916,PRD0870,1,360.59,360.59
HITM0012297,HORD003917,PRD0584,1,3190.99,3190.99
HITM0012298,HORD003917,PRD0409,1,165.4,165.4
HITM0012299,HORD003917,PRD0908,1,136.87,136.87
HITM0012300,HORD003918,PRD0709,1,1109.44,1109.44
HITM0012301,HORD003918,PRD0575,1,996.56,996.56
HITM0012302,HORD003918,PRD0313,1,1045.09,1045.09
HITM0012303,HORD003918,PRD0109,2,353.29,706.58
HITM0012304,HORD003919,PRD0751,2,1174.19,2348.38
HITM0012305,HORD003919,PRD0195,1,951.68,951.68
HITM0012306,HORD003919,PRD0586,2,751.47,1502.94
HITM0012307,HORD003920,PRD0862,2,612.88,1225.76
HITM0012308,HORD003920,PRD0990,2,373.88,747.76
HITM0012309,HORD003920,PRD0324,1,2874.92,2874.92
HITM0012310,HORD003920,PRD0920,1,123.07,123.07
HITM0012311,HORD003921,PRD0197,1,847.92,847.92
HITM0012312,HORD003921,PRD0973,1,573.55,573.55
HITM0012313,HORD003921,PRD0266,1,186.6,186.6
HITM0012314,HORD003922,PRD0541,1,2989.04,2989.04
HITM0012315,HORD003922,PRD0268,1,226.89,226.89
HITM0012316,HORD003922,PRD0278,2,83.35,166.7
HITM0012317,HORD003923,PRD0630,1,270.86,270.86
HITM0012318,HORD003923,PRD0313,1,1045.09,1045.09
HITM0012319,HORD003923,PRD0756,1,61.89,61.89
HITM0012320,HORD003923,PRD0190,1,34.34,34.34
HITM0012321,HORD003923,PRD0434,1,1669.95,1669.95
HITM0012322,HORD003924,PRD0919,1,192.13,192.13
HITM0012323,HORD003924,PRD0892,1,375.64,375.64
HITM0012324,HORD003925,PRD0654,1,1208.24,1208.24
HITM0012325,HORD003925,PRD0669,1,387.51,387.51
HITM0012326,HORD003925,PRD0526,2,44.24,88.48
HITM0012327,HORD003925,PRD0352,1,393.98,393.98
HITM0012328,HORD003926,PRD0167,2,1477.35,2954.7
HITM0012329,HORD003926,PRD0021,1,1350.17,1350.17
HITM0012330,HORD003926,PRD0343,2,1288.78,2577.56
HITM0012331,HORD003926,PRD0273,1,409.71,409.71
HITM0012332,HORD003926,PRD0936,1,279.68,279.68
HITM0012333,HORD003927,PRD0312,1,1834.14,1834.14
HITM0012334,HORD003927,PRD0224,1,2004.5,2004.5
HITM0012335,HORD003927,PRD0690,2,296.31,592.62
HITM0012336,HORD003927,PRD0815,1,962.19,962.19
HITM0012337,HORD003928,PRD0874,1,3409.41,3409.41
HITM0012338,HORD003928,PRD0585,2,101.78,203.56
HITM0012339,HORD003928,PRD0926,1,455.41,455.41
HITM0012340,HORD003929,PRD0761,1,2430.17,2430.17
HITM0012341,HORD003929,PRD0406,2,184.6,369.2
HITM0012342,HORD003929,PRD0549,2,850.69,1701.38
HITM0012343,HORD003930,PRD0953,2,968.69,1937.38
HITM0012344,HORD003930,PRD0027,1,116.57,116.57
HITM0012345,HORD003930,PRD0954,2,551.46,1102.92
HITM0012346,HORD003931,PRD0184,1,869.57,869.57
HITM0012347,HORD003931,PRD0428,2,491.35,982.7
HITM0012348,HORD003931,PRD0076,2,232.75,465.5
HITM0012349,HORD003931,PRD0763,3,950.45,2851.35
HITM0012350,HORD003931,PRD0360,1,326.09,326.09
HITM0012351,HORD003932,PRD0909,2,346.13,692.26
HITM0012352,HORD003932,PRD0179,1,1477.46,1477.46
HITM0012353,HORD003932,PRD0550,2,229.62,459.24
HITM0012354,HORD003933,PRD0404,2,2672.02,5344.04
HITM0012355,HORD003933,PRD1000,1,45.04,45.04
HITM0012356,HORD003933,PRD0526,3,44.24,132.72
HITM0012357,HORD003933,PRD0415,2,191.7,383.4
HITM0012358,HORD003934,PRD0158,1,224.45,224.45
HITM0012359,HORD003934,PRD0340,1,42.57,42.57
HITM0012360,HORD003934,PRD0178,1,176.94,176.94
HITM0012361,HORD003935,PRD0775,2,668.73,1337.46
HITM0012362,HORD003935,PRD0418,1,860.3,860.3
HITM0012363,HORD003936,PRD0121,1,3030.38,3030.38
HITM0012364,HORD003936,PRD0746,1,187.06,187.06
HITM0012365,HORD003936,PRD0296,2,122.37,244.74
HITM0012366,HORD003936,PRD0490,1,63.94,63.94
HITM0012367,HORD003937,PRD0234,1,2489.95,2489.95
HITM0012368,HORD003937,PRD0839,1,1337.75,1337.75
HITM0012369,HORD003937,PRD0268,1,226.89,226.89
HITM0012370,HORD003937,PRD0490,2,63.94,127.88
HITM0012371,HORD003938,PRD0955,1,502.79,502.79
HITM0012372,HORD003938,PRD0926,1,455.41,455.41
HITM0012373,HORD003938,PRD0296,2,122.37,244.74
HITM0012374,HORD003939,PRD0298,1,580.86,580.86
HITM0012375,HORD003939,PRD0309,1,621.05,621.05
HITM0012376,HORD003940,PRD0471,1,1547.86,1547.86
HITM0012377,HORD003940,PRD0465,1,778.89,778.89
HITM0012378,HORD003940,PRD0726,3,256.01,768.03
HITM0012379,HORD003940,PRD0593,2,416.84,833.68
HITM0012380,HORD003940,PRD0100,1,328.27,328.27
HITM0012381,HORD003941,PRD0465,1,778.89,778.89
HITM0012382,HORD003942,PRD0093,1,401.55,401.55
HITM0012383,HORD003942,PRD0976,1,714.76,714.76
HITM0012384,HORD003943,PRD0986,1,419.88,419.88
HITM0012385,HORD003943,PRD0536,2,53.59,107.18
HITM0012386,HORD003943,PRD0065,1,446.02,446.02
HITM0012387,HORD003944,PRD0302,1,462.63,462.63
HITM0012388,HORD003944,PRD0940,1,227.03,227.03
HITM0012389,HORD003945,PRD0193,1,575.14,575.14
HITM0012390,HORD003945,PRD0550,1,229.62,229.62
HITM0012391,HORD003945,PRD0115,1,671.68,671.68
HITM0012392,HORD003945,PRD0922,1,693.11,693.11
HITM0012393,HORD003946,PRD0003,1,342.16,342.16
HITM0012394,HORD003946,PRD0159,1,897.22,897.22
HITM0012395,HORD003946,PRD0921,2,3109.79,6219.58
HITM0012396,HORD003947,PRD0664,3,3200.22,9600.66
HITM0012397,HORD003947,PRD0993,1,750.11,750.11
HITM0012398,HORD003947,PRD0436,2,112.2,224.4
HITM0012399,HORD003948,PRD0766,1,420.5,420.5
HITM0012400,HORD003949,PRD0116,1,328.2,328.2
HITM0012401,HORD003949,PRD0940,1,227.03,227.03
HITM0012402,HORD003949,PRD0833,2,1417.93,2835.86
HITM0012403,HORD003949,PRD0696,1,119.65,119.65
HITM0012404,HORD003950,PRD0188,1,861.47,861.47
HITM0012405,HORD003950,PRD0045,1,306.29,306.29
HITM0012406,HORD003950,PRD0590,2,49.98,99.96
HITM0012407,HORD003950,PRD0049,1,598.46,598.46
HITM0012408,HORD003951,PRD0390,1,153.47,153.47
HITM0012409,HORD003951,PRD0458,1,825.04,825.04
HITM0012410,HORD003952,PRD0275,1,394.33,394.33
HITM0012411,HORD003953,PRD0703,1,716.42,716.42
HITM0012412,HORD003953,PRD0228,1,946.39,946.39
HITM0012413,HORD003953,PRD0619,1,238.4,238.4
HITM0012414,HORD003954,PRD0637,1,2457.32,2457.32
HITM0012415,HORD003954,PRD0129,1,584.17,584.17
HITM0012416,HORD003954,PRD0278,3,83.35,250.05
HITM0012417,HORD003954,PRD0909,1,346.13,346.13
HITM0012418,HORD003954,PRD0989,1,535.6,535.6
HITM0012419,HORD003955,PRD0094,1,1868.0,1868.0
HITM0012420,HORD003955,PRD0927,1,138.39,138.39
HITM0012421,HORD003956,PRD0120,1,266.59,266.59
HITM0012422,HORD003956,PRD0596,1,497.18,497.18
HITM0012423,HORD003957,PRD0183,1,667.61,667.61
HITM0012424,HORD003957,PRD0866,1,369.1,369.1
HITM0012425,HORD003958,PRD0105,1,385.04,385.04
HITM0012426,HORD003958,PRD0440,1,112.71,112.71
HITM0012427,HORD003958,PRD0992,1,1098.67,1098.67
HITM0012428,HORD003959,PRD0618,1,208.79,208.79
HITM0012429,HORD003959,PRD0540,1,301.77,301.77
HITM0012430,HORD003959,PRD0358,3,1045.44,3136.32
HITM0012431,HORD003960,PRD0249,1,1215.99,1215.99
HITM0012432,HORD003960,PRD1000,1,45.04,45.04
HITM0012433,HORD003960,PRD0855,2,204.55,409.1
HITM0012434,HORD003960,PRD0863,2,1472.8,2945.6
HITM0012435,HORD003960,PRD0752,1,933.7,933.7
HITM0012436,HORD003961,PRD0536,1,53.59,53.59
HITM0012437,HORD003961,PRD0656,1,300.51,300.51
HITM0012438,HORD003961,PRD0483,1,863.5,863.5
HITM0012439,HORD003962,PRD0086,1,92.8,92.8
HITM0012440,HORD003962,PRD0157,1,1264.96,1264.96
HITM0012441,HORD003962,PRD0495,1,692.95,692.95
HITM0012442,HORD003962,PRD0402,1,782.5,782.5
HITM0012443,HORD003962,PRD0782,1,492.79,492.79
HITM0012444,HORD003963,PRD0617,1,2097.21,2097.21
HITM0012445,HORD003963,PRD0892,1,375.64,375.64
HITM0012446,HORD003963,PRD0508,1,323.95,323.95
HITM0012447,HORD003963,PRD0820,1,31.29,31.29
HITM0012448,HORD003964,PRD0566,1,306.33,306.33
HITM0012449,HORD003964,PRD0001,1,2639.78,2639.78
HITM0012450,HORD003964,PRD0063,1,1221.39,1221.39
HITM0012451,HORD003964,PRD0083,3,1406.78,4220.34
HITM0012452,HORD003965,PRD0843,2,1524.85,3049.7
HITM0012453,HORD003966,PRD0178,3,176.94,530.82
HITM0012454,HORD003966,PRD0016,1,346.08,346.08
HITM0012455,HORD003966,PRD0268,3,226.89,680.67
HITM0012456,HORD003966,PRD0473,1,370.27,370.27
HITM0012457,HORD003967,PRD0687,2,1174.99,2349.98
HITM0012458,HORD003967,PRD0340,1,42.57,42.57
HITM0012459,HORD003967,PRD0438,2,104.09,208.18
HITM0012460,HORD003967,PRD0066,1,545.23,545.23
HITM0012461,HORD003968,PRD0575,1,996.56,996.56
HITM0012462,HORD003968,PRD0808,1,69.84,69.84
HITM0012463,HORD003968,PRD0719,2,876.46,1752.92
HITM0012464,HORD003969,PRD0395,1,1111.47,1111.47
HITM0012465,HORD003969,PRD0708,1,1093.2,1093.2
HITM0012466,HORD003970,PRD0598,1,522.01,522.01
HITM0012467,HORD003970,PRD0216,1,241.98,241.98
HITM0012468,HORD003970,PRD0314,1,4090.98,4090.98
HITM0012469,HORD003970,PRD0091,1,1158.82,1158.82
HITM0012470,HORD003971,PRD0367,1,1222.73,1222.73
HITM0012471,HORD003971,PRD0578,1,383.34,383.34
HITM0012472,HORD003971,PRD0280,1,84.08,84.08
HITM0012473,HORD003971,PRD0747,1,2580.17,2580.17
HITM0012474,HORD003972,PRD0292,2,643.6,1287.2
HITM0012475,HORD003972,PRD0866,1,369.1,369.1
HITM0012476,HORD003972,PRD0598,3,522.01,1566.03
HITM0012477,HORD003972,PRD0034,2,3278.22,6556.44
HITM0012478,HORD003973,PRD0649,1,985.02,985.02
HITM0012479,HORD003973,PRD0023,2,268.14,536.28
HITM0012480,HORD003973,PRD0409,1,165.4,165.4
HITM0012481,HORD003974,PRD0971,1,1694.61,1694.61
HITM0012482,HORD003974,PRD0221,1,2212.0,2212.0
HITM0012483,HORD003974,PRD0269,1,473.87,473.87
HITM0012484,HORD003974,PRD0894,1,3415.6,3415.6
HITM0012485,HORD003975,PRD0907,1,2551.71,2551.71
HITM0012486,HORD003975,PRD0116,1,328.2,328.2
HITM0012487,HORD003976,PRD0416,1,236.82,236.82
HITM0012488,HORD003976,PRD0370,2,233.44,466.88
HITM0012489,HORD003976,PRD0756,2,61.89,123.78
HITM0012490,HORD003977,PRD0005,2,793.64,1587.28
HITM0012491,HORD003977,PRD0431,1,2880.93,2880.93
HITM0012492,HORD003978,PRD0990,2,373.88,747.76
HITM0012493,HORD003978,PRD0985,1,77.36,77.36
HITM0012494,HORD003978,PRD0816,1,377.97,377.97
HITM0012495,HORD003978,PRD0709,2,1109.44,2218.88
HITM0012496,HORD003978,PRD0282,1,1092.79,1092.79
HITM0012497,HORD003979,PRD0568,2,299.47,598.94
HITM0012498,HORD003979,PRD0206,1,190.8,190.8
HITM0012499,HORD003979,PRD0896,1,507.02,507.02
HITM0012500,HORD003979,PRD0845,1,45.19,45.19
HITM0012501,HORD003979,PRD0486,1,180.26,180.26
HITM0012502,HORD003980,PRD0276,2,530.49,1060.98
HITM0012503,HORD003980,PRD0627,2,857.8,1715.6
HITM0012504,HORD003980,PRD0107,1,559.52,559.52
HITM0012505,HORD003981,PRD0752,1,933.7,933.7
HITM0012506,HORD003981,PRD0078,1,451.23,451.23
HITM0012507,HORD003981,PRD0157,1,1264.96,1264.96
HITM0012508,HORD003982,PRD0658,2,665.45,1330.9
HITM0012509,HORD003982,PRD0438,3,104.09,312.27
HITM0012510,HORD003982,PRD0820,1,31.29,31.29
HITM0012511,HORD003982,PRD0100,1,328.27,328.27
HITM0012512,HORD003982,PRD0449,1,792.41,792.41
HITM0012513,HORD003983,PRD0738,1,520.03,520.03
HITM0012514,HORD003983,PRD0052,1,1497.13,1497.13
HITM0012515,HORD003983,PRD0510,2,112.56,225.12
HITM0012516,HORD003984,PRD0317,1,2197.9,2197.9
HITM0012517,HORD003985,PRD0743,3,939.8,2819.4
HITM0012518,HORD003985,PRD0193,1,575.14,575.14
HITM0012519,HORD003985,PRD0792,1,1480.93,1480.93
HITM0012520,HORD003986,PRD0748,1,789.67,789.67
HITM0012521,HORD003986,PRD0178,1,176.94,176.94
HITM0012522,HORD003986,PRD0281,1,3193.12,3193.12
HITM0012523,HORD003987,PRD0072,1,982.29,982.29
HITM0012524,HORD003987,PRD0250,1,329.47,329.47
HITM0012525,HORD003987,PRD0299,1,150.48,150.48
HITM0012526,HORD003988,PRD0409,1,165.4,165.4
HITM0012527,HORD003988,PRD0079,1,1132.99,1132.99
HITM0012528,HORD003988,PRD0727,1,2045.32,2045.32
HITM0012529,HORD003988,PRD0750,1,262.52,262.52
HITM0012530,HORD003989,PRD0860,1,397.97,397.97
HITM0012531,HORD003989,PRD0786,3,326.86,980.58
HITM0012532,HORD003990,PRD0069,1,398.01,398.01
HITM0012533,HORD003990,PRD0988,1,721.76,721.76
HITM0012534,HORD003990,PRD0175,1,340.25,340.25
HITM0012535,HORD003990,PRD0653,1,514.7,514.7
HITM0012536,HORD003991,PRD0595,1,429.07,429.07
HITM0012537,HORD003991,PRD0246,2,758.55,1517.1
HITM0012538,HORD003991,PRD0418,1,860.3,860.3
HITM0012539,HORD003992,PRD0670,1,137.8,137.8
HITM0012540,HORD003992,PRD0098,1,1046.87,1046.87
HITM0012541,HORD003992,PRD0438,1,104.09,104.09
HITM0012542,HORD003993,PRD0446,1,172.12,172.12
HITM0012543,HORD003993,PRD0120,1,266.59,266.59
HITM0012544,HORD003993,PRD0106,1,840.97,840.97
HITM0012545,HORD003993,PRD0048,1,490.15,490.15
HITM0012546,HORD003994,PRD0346,1,519.06,519.06
HITM0012547,HORD003994,PRD0080,1,122.76,122.76
HITM0012548,HORD003994,PRD0728,2,122.0,244.0
HITM0012549,HORD003995,PRD0196,1,373.5,373.5
HITM0012550,HORD003995,PRD0928,2,834.91,1669.82
HITM0012551,HORD003996,PRD0958,1,733.5,733.5
HITM0012552,HORD003996,PRD0827,1,1653.52,1653.52
HITM0012553,HORD003996,PRD0270,1,218.48,218.48
HITM0012554,HORD003996,PRD0321,1,1488.38,1488.38
HITM0012555,HORD003997,PRD0785,1,739.95,739.95
HITM0012556,HORD003997,PRD0841,1,1110.67,1110.67
HITM0012557,HORD003997,PRD0244,1,807.13,807.13
HITM0012558,HORD003997,PRD0397,2,1704.15,3408.3
HITM0012559,HORD003997,PRD0306,1,422.96,422.96
HITM0012560,HORD003998,PRD0298,1,580.86,580.86
HITM0012561,HORD003998,PRD0608,1,313.58,313.58
HITM0012562,HORD003999,PRD0536,1,53.59,53.59
HITM0012563,HORD003999,PRD0133,2,334.91,669.82
HITM0012564,HORD004000,PRD0932,1,326.42,326.42
HITM0012565,HORD004001,PRD0619,1,238.4,238.4
HITM0012566,HORD004001,PRD0090,2,136.64,273.28
HITM0012567,HORD004001,PRD0761,1,2430.17,2430.17
HITM0012568,HORD004002,PRD0374,1,759.14,759.14
HITM0012569,HORD004002,PRD0377,2,1501.75,3003.5
HITM0012570,HORD004002,PRD0226,1,286.78,286.78
HITM0012571,HORD004002,PRD0769,2,798.58,1597.16
HITM0012572,HORD004002,PRD0670,1,137.8,137.8
HITM0012573,HORD004003,PRD0279,2,1189.02,2378.04
HITM0012574,HORD004003,PRD0249,1,1215.99,1215.99
HITM0012575,HORD004003,PRD0827,1,1653.52,1653.52
HITM0012576,HORD004003,PRD0005,1,793.64,793.64
HITM0012577,HORD004003,PRD0510,2,112.56,225.12
HITM0012578,HORD004004,PRD0002,2,1052.85,2105.7
HITM0012579,HORD004004,PRD0047,1,663.9,663.9
HITM0012580,HORD004004,PRD0455,3,243.16,729.48
HITM0012581,HORD004004,PRD0529,1,1028.26,1028.26
HITM0012582,HORD004004,PRD0451,1,1300.44,1300.44
HITM0012583,HORD004005,PRD0230,1,34.01,34.01
HITM0012584,HORD004006,PRD0925,1,56.69,56.69
HITM0012585,HORD004006,PRD0772,1,661.34,661.34
HITM0012586,HORD004006,PRD0891,1,2138.63,2138.63
HITM0012587,HORD004006,PRD0178,1,176.94,176.94
HITM0012588,HORD004007,PRD0910,1,28.09,28.09
HITM0012589,HORD004007,PRD0133,1,334.91,334.91
HITM0012590,HORD004007,PRD0423,2,610.02,1220.04
HITM0012591,HORD004007,PRD0104,2,3475.57,6951.14
HITM0012592,HORD004008,PRD0297,1,902.79,902.79
HITM0012593,HORD004008,PRD0210,1,371.54,371.54
HITM0012594,HORD004008,PRD0868,1,594.16,594.16
HITM0012595,HORD004008,PRD0158,2,224.45,448.9
HITM0012596,HORD004009,PRD0528,1,136.95,136.95
HITM0012597,HORD004009,PRD0679,1,1399.86,1399.86
HITM0012598,HORD004009,PRD0195,2,951.68,1903.36
HITM0012599,HORD004010,PRD0234,2,2489.95,4979.9
HITM0012600,HORD004010,PRD0248,1,207.33,207.33
HITM0012601,HORD004010,PRD0890,1,176.95,176.95
HITM0012602,HORD004010,PRD0113,3,756.1,2268.3
HITM0012603,HORD004011,PRD0719,2,876.46,1752.92
HITM0012604,HORD004011,PRD0268,1,226.89,226.89
HITM0012605,HORD004012,PRD0454,1,1438.89,1438.89
HITM0012606,HORD004012,PRD0136,1,339.97,339.97
HITM0012607,HORD004012,PRD0517,1,2094.09,2094.09
HITM0012608,HORD004013,PRD0801,1,1592.9,1592.9
HITM0012609,HORD004013,PRD0143,1,490.94,490.94
HITM0012610,HORD004013,PRD0597,2,2095.04,4190.08
HITM0012611,HORD004014,PRD0609,1,83.83,83.83
HITM0012612,HORD004014,PRD0568,1,299.47,299.47
HITM0012613,HORD004014,PRD0067,1,2053.61,2053.61
HITM0012614,HORD004015,PRD0139,1,1069.24,1069.24
HITM0012615,HORD004015,PRD0775,1,668.73,668.73
HITM0012616,HORD004016,PRD0645,1,1142.68,1142.68
HITM0012617,HORD004016,PRD0532,1,386.41,386.41
HITM0012618,HORD004016,PRD0531,1,2992.62,2992.62
HITM0012619,HORD004017,PRD0950,1,238.05,238.05
HITM0012620,HORD004017,PRD0100,1,328.27,328.27
HITM0012621,HORD004017,PRD0142,1,1283.99,1283.99
HITM0012622,HORD004017,PRD0496,1,519.08,519.08
HITM0012623,HORD004018,PRD0260,1,86.88,86.88
HITM0012624,HORD004018,PRD0213,1,1247.62,1247.62
HITM0012625,HORD004018,PRD0836,1,610.89,610.89
HITM0012626,HORD004018,PRD0177,2,535.99,1071.98
HITM0012627,HORD004018,PRD0620,3,339.14,1017.42
HITM0012628,HORD004019,PRD0875,1,73.21,73.21
HITM0012629,HORD004020,PRD0462,1,1180.47,1180.47
HITM0012630,HORD004020,PRD0337,2,408.39,816.78
HITM0012631,HORD004020,PRD0443,1,1233.37,1233.37
HITM0012632,HORD004021,PRD0974,1,1232.06,1232.06
HITM0012633,HORD004021,PRD0970,1,107.81,107.81
HITM0012634,HORD004021,PRD0033,1,1096.91,1096.91
HITM0012635,HORD004021,PRD0808,2,69.84,139.68
HITM0012636,HORD004021,PRD0803,2,671.68,1343.36
HITM0012637,HORD004022,PRD0522,1,1270.84,1270.84
HITM0012638,HORD004022,PRD0238,1,1033.13,1033.13
HITM0012639,HORD004022,PRD0841,1,1110.67,1110.67
HITM0012640,HORD004022,PRD0856,1,429.74,429.74
HITM0012641,HORD004022,PRD0621,1,1360.63,1360.63
HITM0012642,HORD004023,PRD0262,1,893.46,893.46
HITM0012643,HORD004023,PRD0067,2,2053.61,4107.22
HITM0012644,HORD004023,PRD0998,1,366.72,366.72
HITM0012645,HORD004023,PRD0302,1,462.63,462.63
HITM0012646,HORD004024,PRD0443,2,1233.37,2466.74
HITM0012647,HORD004024,PRD0655,1,424.11,424.11
HITM0012648,HORD004024,PRD0590,1,49.98,49.98
HITM0012649,HORD004025,PRD0851,1,2627.27,2627.27
HITM0012650,HORD004025,PRD0558,1,1004.64,1004.64
HITM0012651,HORD004025,PRD0351,1,2529.0,2529.0
HITM0012652,HORD004026,PRD0858,2,363.41,726.82
HITM0012653,HORD004026,PRD0275,1,394.33,394.33
HITM0012654,HORD004026,PRD0400,1,411.31,411.31
HITM0012655,HORD004026,PRD0343,1,1288.78,1288.78
HITM0012656,HORD004026,PRD0097,1,458.08,458.08
HITM0012657,HORD004027,PRD0138,1,99.85,99.85
HITM0012658,HORD004027,PRD0082,1,1374.63,1374.63
HITM0012659,HORD004028,PRD0680,2,103.14,206.28
HITM0012660,HORD004028,PRD0837,2,470.72,941.44
HITM0012661,HORD004028,PRD0532,1,386.41,386.41
HITM0012662,HORD004028,PRD0010,1,39.45,39.45
HITM0012663,HORD004028,PRD0726,1,256.01,256.01
HITM0012664,HORD004029,PRD0280,1,84.08,84.08
HITM0012665,HORD004029,PRD0177,1,535.99,535.99
HITM0012666,HORD004029,PRD0351,1,2529.0,2529.0
HITM0012667,HORD004029,PRD0080,2,122.76,245.52
HITM0012668,HORD004030,PRD0738,1,520.03,520.03
HITM0012669,HORD004030,PRD0555,1,955.38,955.38
HITM0012670,HORD004030,PRD0045,1,306.29,306.29
HITM0012671,HORD004031,PRD0703,2,716.42,1432.84
HITM0012672,HORD004032,PRD0618,1,208.79,208.79
HITM0012673,HORD004032,PRD0982,1,1474.96,1474.96
HITM0012674,HORD004032,PRD0968,3,861.46,2584.38
HITM0012675,HORD004032,PRD0513,1,453.22,453.22
HITM0012676,HORD004032,PRD0492,3,541.59,1624.77
HITM0012677,HORD004033,PRD0037,2,873.28,1746.56
HITM0012678,HORD004033,PRD0820,1,31.29,31.29
HITM0012679,HORD004033,PRD0958,1,733.5,733.5
HITM0012680,HORD004033,PRD0363,1,489.25,489.25
HITM0012681,HORD004034,PRD0579,1,1123.35,1123.35
HITM0012682,HORD004034,PRD0290,2,53.02,106.04
HITM0012683,HORD004034,PRD0925,1,56.69,56.69
HITM0012684,HORD004035,PRD0403,1,1295.0,1295.0
HITM0012685,HORD004035,PRD0858,1,363.41,363.41
HITM0012686,HORD004035,PRD0824,1,1647.74,1647.74
HITM0012687,HORD004036,PRD0752,1,933.7,933.7
HITM0012688,HORD004036,PRD0092,1,651.72,651.72
HITM0012689,HORD004036,PRD0101,1,1796.81,1796.81
HITM0012690,HORD004036,PRD0977,2,327.77,655.54
HITM0012691,HORD004037,PRD0250,1,329.47,329.47
HITM0012692,HORD004037,PRD0866,1,369.1,369.1
HITM0012693,HORD004037,PRD0757,1,915.35,915.35
HITM0012694,HORD004037,PRD0496,1,519.08,519.08
HITM0012695,HORD004037,PRD0171,1,2475.28,2475.28
HITM0012696,HORD004038,PRD0956,1,726.92,726.92
HITM0012697,HORD004038,PRD0065,2,446.02,892.04
HITM0012698,HORD004038,PRD0925,1,56.69,56.69
HITM0012699,HORD004039,PRD0629,2,402.79,805.58
HITM0012700,HORD004039,PRD0156,1,115.73,115.73
HITM0012701,HORD004040,PRD0311,1,1786.27,1786.27
HITM0012702,HORD004040,PRD0239,1,984.36,984.36
HITM0012703,HORD004040,PRD0220,2,187.94,375.88
HITM0012704,HORD004040,PRD0457,1,1285.45,1285.45
HITM0012705,HORD004041,PRD0125,2,108.47,216.94
HITM0012706,HORD004041,PRD0550,1,229.62,229.62
HITM0012707,HORD004041,PRD0848,1,870.59,870.59
HITM0012708,HORD004042,PRD0736,1,171.3,171.3
HITM0012709,HORD004042,PRD0845,1,45.19,45.19
HITM0012710,HORD004042,PRD0656,2,300.51,601.02
HITM0012711,HORD004043,PRD0565,1,515.91,515.91
HITM0012712,HORD004043,PRD0343,3,1288.78,3866.34
HITM0012713,HORD004043,PRD0799,1,114.07,114.07
HITM0012714,HORD004043,PRD0024,1,935.75,935.75
HITM0012715,HORD004044,PRD0177,1,535.99,535.99
HITM0012716,HORD004045,PRD0507,1,135.21,135.21
HITM0012717,HORD004045,PRD0076,2,232.75,465.5
HITM0012718,HORD004045,PRD0258,2,816.42,1632.84
HITM0012719,HORD004045,PRD0088,1,141.39,141.39
HITM0012720,HORD004045,PRD0776,1,294.42,294.42
HITM0012721,HORD004046,PRD0476,1,658.84,658.84
HITM0012722,HORD004046,PRD0974,1,1232.06,1232.06
HITM0012723,HORD004046,PRD0655,1,424.11,424.11
HITM0012724,HORD004047,PRD0820,2,31.29,62.58
HITM0012725,HORD004047,PRD0075,2,360.03,720.06
HITM0012726,HORD004047,PRD0567,1,1572.22,1572.22
HITM0012727,HORD004047,PRD0472,1,828.5,828.5
HITM0012728,HORD004048,PRD0975,1,723.09,723.09
HITM0012729,HORD004048,PRD0080,1,122.76,122.76
HITM0012730,HORD004048,PRD0690,1,296.31,296.31
HITM0012731,HORD004048,PRD0817,1,1184.03,1184.03
HITM0012732,HORD004049,PRD0608,1,313.58,313.58
HITM0012733,HORD004049,PRD0826,1,89.12,89.12
HITM0012734,HORD004049,PRD0060,2,207.18,414.36
HITM0012735,HORD004050,PRD0453,1,904.43,904.43
HITM0012736,HORD004050,PRD0501,1,2577.38,2577.38
HITM0012737,HORD004050,PRD0008,1,205.21,205.21
HITM0012738,HORD004051,PRD0359,1,1203.77,1203.77
HITM0012739,HORD004051,PRD0221,1,2212.0,2212.0
HITM0012740,HORD004051,PRD0439,3,323.08,969.24
HITM0012741,HORD004052,PRD0244,1,807.13,807.13
HITM0012742,HORD004052,PRD0896,1,507.02,507.02
HITM0012743,HORD004052,PRD0457,1,1285.45,1285.45
HITM0012744,HORD004053,PRD0317,2,2197.9,4395.8
HITM0012745,HORD004053,PRD0585,1,101.78,101.78
HITM0012746,HORD004054,PRD0173,1,270.07,270.07
HITM0012747,HORD004055,PRD0526,2,44.24,88.48
HITM0012748,HORD004055,PRD0906,1,553.58,553.58
HITM0012749,HORD004055,PRD0160,1,21.4,21.4
HITM0012750,HORD004056,PRD0133,3,334.91,1004.73
HITM0012751,HORD004057,PRD0841,1,1110.67,1110.67
HITM0012752,HORD004057,PRD0379,2,888.83,1777.66
HITM0012753,HORD004057,PRD0101,1,1796.81,1796.81
HITM0012754,HORD004058,PRD0728,1,122.0,122.0
HITM0012755,HORD004058,PRD0279,1,1189.02,1189.02
HITM0012756,HORD004058,PRD0419,1,1353.51,1353.51
HITM0012757,HORD004059,PRD0925,2,56.69,113.38
HITM0012758,HORD004059,PRD0290,1,53.02,53.02
HITM0012759,HORD004059,PRD0711,1,1902.91,1902.91
HITM0012760,HORD004059,PRD0301,2,2638.87,5277.74
HITM0012761,HORD004060,PRD0252,1,879.59,879.59
HITM0012762,HORD004061,PRD0896,2,507.02,1014.04
HITM0012763,HORD004061,PRD0820,1,31.29,31.29
HITM0012764,HORD004061,PRD0372,2,330.93,661.86
HITM0012765,HORD004062,PRD0726,2,256.01,512.02
HITM0012766,HORD004062,PRD0113,1,756.1,756.1
HITM0012767,HORD004062,PRD0575,1,996.56,996.56
HITM0012768,HORD004062,PRD0398,3,341.64,1024.92
HITM0012769,HORD004063,PRD0781,1,2713.32,2713.32
HITM0012770,HORD004063,PRD0262,1,893.46,893.46
HITM0012771,HORD004063,PRD0320,1,227.72,227.72
HITM0012772,HORD004063,PRD0008,2,205.21,410.42
HITM0012773,HORD004064,PRD0436,1,112.2,112.2
HITM0012774,HORD004064,PRD0269,1,473.87,473.87
HITM0012775,HORD004065,PRD0691,1,2519.24,2519.24
HITM0012776,HORD004065,PRD0378,2,271.63,543.26
HITM0012777,HORD004065,PRD0828,1,146.02,146.02
HITM0012778,HORD004065,PRD0815,2,962.19,1924.38
HITM0012779,HORD004065,PRD0432,1,1637.76,1637.76
HITM0012780,HORD004066,PRD0872,1,588.52,588.52
HITM0012781,HORD004066,PRD0488,3,780.13,2340.39
HITM0012782,HORD004066,PRD0826,1,89.12,89.12
HITM0012783,HORD004067,PRD0717,1,2154.07,2154.07
HITM0012784,HORD004067,PRD0170,1,275.39,275.39
HITM0012785,HORD004067,PRD0974,1,1232.06,1232.06
HITM0012786,HORD004068,PRD0046,1,192.34,192.34
HITM0012787,HORD004068,PRD0181,3,1201.83,3605.49
HITM0012788,HORD004068,PRD0529,2,1028.26,2056.52
HITM0012789,HORD004069,PRD0097,1,458.08,458.08
HITM0012790,HORD004069,PRD0840,3,102.1,306.3
HITM0012791,HORD004070,PRD0826,2,89.12,178.24
HITM0012792,HORD004070,PRD0326,1,833.05,833.05
HITM0012793,HORD004070,PRD0190,3,34.34,103.02
HITM0012794,HORD004070,PRD0467,1,590.42,590.42
HITM0012795,HORD004071,PRD0171,1,2475.28,2475.28
HITM0012796,HORD004071,PRD0637,1,2457.32,2457.32
HITM0012797,HORD004072,PRD0928,1,834.91,834.91
HITM0012798,HORD004073,PRD0504,2,2203.43,4406.86
HITM0012799,HORD004073,PRD0222,1,1185.98,1185.98
HITM0012800,HORD004073,PRD0786,2,326.86,653.72
HITM0012801,HORD004074,PRD0009,1,354.96,354.96
HITM0012802,HORD004074,PRD0701,1,2281.85,2281.85
HITM0012803,HORD004074,PRD0710,2,161.67,323.34
HITM0012804,HORD004075,PRD0296,1,122.37,122.37
HITM0012805,HORD004075,PRD0590,1,49.98,49.98
HITM0012806,HORD004075,PRD0824,1,1647.74,1647.74
HITM0012807,HORD004076,PRD0318,1,971.41,971.41
HITM0012808,HORD004076,PRD0187,1,1511.07,1511.07
HITM0012809,HORD004076,PRD0920,1,123.07,123.07
HITM0012810,HORD004077,PRD0158,1,224.45,224.45
HITM0012811,HORD004077,PRD0495,2,692.95,1385.9
HITM0012812,HORD004077,PRD0916,1,784.31,784.31
HITM0012813,HORD004077,PRD0004,2,3297.7,6595.4
HITM0012814,HORD004078,PRD0130,2,183.26,366.52
HITM0012815,HORD004078,PRD0088,1,141.39,141.39
HITM0012816,HORD004078,PRD0277,2,1516.37,3032.74
HITM0012817,HORD004079,PRD0186,2,778.69,1557.38
HITM0012818,HORD004079,PRD0395,1,1111.47,1111.47
HITM0012819,HORD004079,PRD0876,1,146.18,146.18
HITM0012820,HORD004079,PRD0310,2,161.31,322.62
HITM0012821,HORD004079,PRD0168,1,451.79,451.79
HITM0012822,HORD004080,PRD0149,1,1414.32,1414.32
HITM0012823,HORD004080,PRD0490,2,63.94,127.88
HITM0012824,HORD004080,PRD0626,1,139.26,139.26
HITM0012825,HORD004081,PRD0266,1,186.6,186.6
HITM0012826,HORD004081,PRD0252,1,879.59,879.59
HITM0012827,HORD004082,PRD0244,1,807.13,807.13
HITM0012828,HORD004082,PRD0813,1,1117.42,1117.42
HITM0012829,HORD004082,PRD0086,2,92.8,185.6
HITM0012830,HORD004083,PRD0829,2,328.42,656.84
HITM0012831,HORD004083,PRD0033,1,1096.91,1096.91
HITM0012832,HORD004083,PRD0175,1,340.25,340.25
HITM0012833,HORD004084,PRD0349,1,469.34,469.34
HITM0012834,HORD004084,PRD0224,1,2004.5,2004.5
HITM0012835,HORD004084,PRD0044,1,649.62,649.62
HITM0012836,HORD004084,PRD0220,2,187.94,375.88
HITM0012837,HORD004085,PRD0219,1,888.21,888.21
HITM0012838,HORD004085,PRD0812,1,1404.46,1404.46
HITM0012839,HORD004085,PRD0525,2,135.44,270.88
HITM0012840,HORD004086,PRD0510,1,112.56,112.56
HITM0012841,HORD004086,PRD0330,2,51.67,103.34
HITM0012842,HORD004086,PRD0725,2,282.7,565.4
HITM0012843,HORD004087,PRD0569,1,1425.79,1425.79
HITM0012844,HORD004087,PRD0221,1,2212.0,2212.0
HITM0012845,HORD004087,PRD0218,2,409.55,819.1
HITM0012846,HORD004088,PRD0618,1,208.79,208.79
HITM0012847,HORD004088,PRD0909,2,346.13,692.26
HITM0012848,HORD004088,PRD0132,1,687.19,687.19
HITM0012849,HORD004089,PRD0092,2,651.72,1303.44
HITM0012850,HORD004090,PRD0008,1,205.21,205.21
HITM0012851,HORD004090,PRD0129,1,584.17,584.17
HITM0012852,HORD004090,PRD0032,2,742.08,1484.16
HITM0012853,HORD004091,PRD0365,1,380.49,380.49
HITM0012854,HORD004091,PRD0133,1,334.91,334.91
HITM0012855,HORD004091,PRD0139,1,1069.24,1069.24
HITM0012856,HORD004091,PRD0514,1,1738.15,1738.15
HITM0012857,HORD004092,PRD0918,1,911.04,911.04
HITM0012858,HORD004092,PRD0705,1,387.12,387.12
HITM0012859,HORD004092,PRD0826,2,89.12,178.24
HITM0012860,HORD004092,PRD0138,2,99.85,199.7
HITM0012861,HORD004092,PRD0888,2,734.2,1468.4
HITM0012862,HORD004093,PRD0848,1,870.59,870.59
HITM0012863,HORD004093,PRD0585,1,101.78,101.78
HITM0012864,HORD004093,PRD0986,1,419.88,419.88
HITM0012865,HORD004094,PRD0640,1,23.59,23.59
HITM0012866,HORD004094,PRD0495,1,692.95,692.95
HITM0012867,HORD004095,PRD0868,1,594.16,594.16
HITM0012868,HORD004095,PRD0036,1,226.94,226.94
HITM0012869,HORD004095,PRD0796,1,46.19,46.19
HITM0012870,HORD004095,PRD0894,1,3415.6,3415.6
HITM0012871,HORD004095,PRD0502,1,553.17,553.17
HITM0012872,HORD004096,PRD0658,1,665.45,665.45
HITM0012873,HORD004096,PRD0198,1,737.1,737.1
HITM0012874,HORD004096,PRD0448,3,1005.39,3016.17
HITM0012875,HORD004096,PRD0396,1,485.87,485.87
HITM0012876,HORD004097,PRD0544,1,650.3,650.3
HITM0012877,HORD004097,PRD0120,2,266.59,533.18
HITM0012878,HORD004097,PRD0306,1,422.96,422.96
HITM0012879,HORD004097,PRD0536,3,53.59,160.77
HITM0012880,HORD004098,PRD0635,2,576.88,1153.76
HITM0012881,HORD004098,PRD0467,1,590.42,590.42
HITM0012882,HORD004098,PRD0044,1,649.62,649.62
HITM0012883,HORD004098,PRD0292,1,643.6,643.6
HITM0012884,HORD004099,PRD0799,1,114.07,114.07
HITM0012885,HORD004099,PRD0252,1,879.59,879.59
HITM0012886,HORD004099,PRD0358,1,1045.44,1045.44
HITM0012887,HORD004100,PRD0184,2,869.57,1739.14
HITM0012888,HORD004100,PRD0878,1,689.64,689.64
HITM0012889,HORD004100,PRD0509,2,400.59,801.18
HITM0012890,HORD004100,PRD0160,2,21.4,42.8
HITM0012891,HORD004101,PRD0184,1,869.57,869.57
HITM0012892,HORD004101,PRD0777,1,2046.64,2046.64
HITM0012893,HORD004102,PRD0608,1,313.58,313.58
HITM0012894,HORD004102,PRD0793,1,760.3,760.3
HITM0012895,HORD004103,PRD0700,1,206.13,206.13
HITM0012896,HORD004103,PRD0165,1,203.41,203.41
HITM0012897,HORD004104,PRD0193,1,575.14,575.14
HITM0012898,HORD004104,PRD0266,2,186.6,373.2
HITM0012899,HORD004104,PRD0856,1,429.74,429.74
HITM0012900,HORD004104,PRD0741,2,1637.14,3274.28
HITM0012901,HORD004104,PRD0605,2,964.1,1928.2
HITM0012902,HORD004105,PRD0841,1,1110.67,1110.67
HITM0012903,HORD004105,PRD0278,1,83.35,83.35
HITM0012904,HORD004106,PRD0846,2,417.95,835.9
HITM0012905,HORD004106,PRD0108,1,997.65,997.65
HITM0012906,HORD004106,PRD0756,3,61.89,185.67
HITM0012907,HORD004106,PRD0876,1,146.18,146.18
HITM0012908,HORD004106,PRD0408,1,384.62,384.62
HITM0012909,HORD004107,PRD0473,1,370.27,370.27
HITM0012910,HORD004107,PRD0036,1,226.94,226.94
HITM0012911,HORD004108,PRD0390,1,153.47,153.47
HITM0012912,HORD004108,PRD0602,1,1660.35,1660.35
HITM0012913,HORD004109,PRD0464,1,2149.57,2149.57
HITM0012914,HORD004109,PRD0043,1,1005.0,1005.0
HITM0012915,HORD004109,PRD0107,2,559.52,1119.04
HITM0012916,HORD004109,PRD0710,2,161.67,323.34
HITM0012917,HORD004110,PRD0891,2,2138.63,4277.26
HITM0012918,HORD004110,PRD0024,1,935.75,935.75
HITM0012919,HORD004110,PRD0438,1,104.09,104.09
HITM0012920,HORD004110,PRD0089,1,561.13,561.13
HITM0012921,HORD004111,PRD0936,1,279.68,279.68
HITM0012922,HORD004111,PRD0649,2,985.02,1970.04
HITM0012923,HORD004112,PRD0414,3,3953.91,11861.73
HITM0012924,HORD004112,PRD0591,1,2930.44,2930.44
HITM0012925,HORD004112,PRD0167,1,1477.35,1477.35
HITM0012926,HORD004113,PRD0193,1,575.14,575.14
HITM0012927,HORD004113,PRD0761,2,2430.17,4860.34
HITM0012928,HORD004113,PRD0468,1,388.69,388.69
HITM0012929,HORD004114,PRD0302,1,462.63,462.63
HITM0012930,HORD004114,PRD0288,2,151.78,303.56
HITM0012931,HORD004114,PRD0608,1,313.58,313.58
HITM0012932,HORD004115,PRD0002,1,1052.85,1052.85
HITM0012933,HORD004115,PRD0110,2,197.81,395.62
HITM0012934,HORD004115,PRD0659,2,848.34,1696.68
HITM0012935,HORD004116,PRD0993,1,750.11,750.11
HITM0012936,HORD004116,PRD0472,1,828.5,828.5
HITM0012937,HORD004116,PRD0391,1,1836.29,1836.29
HITM0012938,HORD004116,PRD0164,1,3982.07,3982.07
HITM0012939,HORD004117,PRD0364,1,914.03,914.03
HITM0012940,HORD004117,PRD0929,2,131.55,263.1
HITM0012941,HORD004117,PRD0400,1,411.31,411.31
HITM0012942,HORD004118,PRD0578,1,383.34,383.34
HITM0012943,HORD004118,PRD0006,1,35.37,35.37
HITM0012944,HORD004118,PRD0249,3,1215.99,3647.97
HITM0012945,HORD004118,PRD0218,1,409.55,409.55
HITM0012946,HORD004118,PRD0568,1,299.47,299.47
HITM0012947,HORD004119,PRD0368,1,759.57,759.57
HITM0012948,HORD004119,PRD0208,1,940.02,940.02
HITM0012949,HORD004120,PRD0525,1,135.44,135.44
HITM0012950,HORD004120,PRD0566,1,306.33,306.33
HITM0012951,HORD004120,PRD0728,1,122.0,122.0
HITM0012952,HORD004121,PRD0277,1,1516.37,1516.37
HITM0012953,HORD004121,PRD0160,1,21.4,21.4
HITM0012954,HORD004121,PRD0438,2,104.09,208.18
HITM0012955,HORD004122,PRD0840,2,102.1,204.2
HITM0012956,HORD004122,PRD0710,2,161.67,323.34
HITM0012957,HORD004122,PRD0376,1,811.77,811.77
HITM0012958,HORD004123,PRD0086,1,92.8,92.8
HITM0012959,HORD004123,PRD0176,1,662.86,662.86
HITM0012960,HORD004123,PRD0374,1,759.14,759.14
HITM0012961,HORD004124,PRD0162,1,1711.96,1711.96
HITM0012962,HORD004124,PRD0867,1,822.76,822.76
HITM0012963,HORD004124,PRD0472,2,828.5,1657.0
HITM0012964,HORD004125,PRD0820,1,31.29,31.29
HITM0012965,HORD004125,PRD0228,1,946.39,946.39
HITM0012966,HORD004125,PRD0863,2,1472.8,2945.6
HITM0012967,HORD004125,PRD0696,1,119.65,119.65
HITM0012968,HORD004125,PRD0405,1,1063.36,1063.36
HITM0012969,HORD004126,PRD0936,1,279.68,279.68
HITM0012970,HORD004126,PRD0445,1,589.84,589.84
HITM0012971,HORD004126,PRD0459,1,461.78,461.78
HITM0012972,HORD004126,PRD0538,1,748.35,748.35
HITM0012973,HORD004127,PRD0316,1,401.13,401.13
HITM0012974,HORD004127,PRD0131,1,2191.15,2191.15
HITM0012975,HORD004127,PRD0090,1,136.64,136.64
HITM0012976,HORD004128,PRD0472,1,828.5,828.5
HITM0012977,HORD004128,PRD0036,1,226.94,226.94
HITM0012978,HORD004128,PRD0443,1,1233.37,1233.37
HITM0012979,HORD004128,PRD0482,1,1837.21,1837.21
HITM0012980,HORD004129,PRD0570,2,179.75,359.5
HITM0012981,HORD004129,PRD0288,2,151.78,303.56
HITM0012982,HORD004129,PRD0712,1,1119.82,1119.82
HITM0012983,HORD004129,PRD0393,1,793.28,793.28
HITM0012984,HORD004130,PRD0617,2,2097.21,4194.42
HITM0012985,HORD004130,PRD0450,1,56.05,56.05
HITM0012986,HORD004130,PRD0857,2,1044.86,2089.72
HITM0012987,HORD004131,PRD0640,3,23.59,70.77
HITM0012988,HORD004131,PRD0138,2,99.85,199.7
HITM0012989,HORD004132,PRD0692,1,1665.58,1665.58
HITM0012990,HORD004132,PRD0603,1,1120.48,1120.48
HITM0012991,HORD004132,PRD0400,1,411.31,411.31
HITM0012992,HORD004133,PRD0489,1,376.72,376.72
HITM0012993,HORD004133,PRD0209,1,327.08,327.08
HITM0012994,HORD004133,PRD0742,1,1054.62,1054.62
HITM0012995,HORD004134,PRD0478,2,917.54,1835.08
HITM0012996,HORD004134,PRD0204,1,1670.01,1670.01
HITM0012997,HORD004134,PRD0710,1,161.67,161.67
HITM0012998,HORD004134,PRD0400,1,411.31,411.31
HITM0012999,HORD004135,PRD0203,1,489.43,489.43
HITM0013000,HORD004135,PRD0928,1,834.91,834.91
HITM0013001,HORD004136,PRD0608,1,313.58,313.58
HITM0013002,HORD004136,PRD0975,2,723.09,1446.18
HITM0013003,HORD004137,PRD0993,1,750.11,750.11
HITM0013004,HORD004137,PRD0126,1,499.59,499.59
HITM0013005,HORD004138,PRD0890,1,176.95,176.95
HITM0013006,HORD004138,PRD0469,1,274.61,274.61
HITM0013007,HORD004138,PRD0081,1,1855.65,1855.65
HITM0013008,HORD004138,PRD0588,1,544.11,544.11
HITM0013009,HORD004139,PRD0619,1,238.4,238.4
HITM0013010,HORD004139,PRD0542,1,1733.18,1733.18
HITM0013011,HORD004139,PRD0274,2,416.56,833.12
HITM0013012,HORD004140,PRD0044,1,649.62,649.62
HITM0013013,HORD004141,PRD0750,3,262.52,787.56
HITM0013014,HORD004141,PRD0387,1,2107.82,2107.82
HITM0013015,HORD004141,PRD0849,1,115.9,115.9
HITM0013016,HORD004142,PRD0756,1,61.89,61.89
HITM0013017,HORD004143,PRD0409,2,165.4,330.8
HITM0013018,HORD004143,PRD0543,1,1583.54,1583.54
HITM0013019,HORD004143,PRD0630,1,270.86,270.86
HITM0013020,HORD004144,PRD0220,1,187.94,187.94
HITM0013021,HORD004144,PRD0033,1,1096.91,1096.91
HITM0013022,HORD004144,PRD0910,1,28.09,28.09
HITM0013023,HORD004144,PRD0409,3,165.4,496.2
HITM0013024,HORD004145,PRD0765,1,724.29,724.29
HITM0013025,HORD004145,PRD0686,2,208.32,416.64
HITM0013026,HORD004146,PRD0375,1,404.28,404.28
HITM0013027,HORD004146,PRD0966,1,706.39,706.39
HITM0013028,HORD004146,PRD0420,1,277.28,277.28
HITM0013029,HORD004146,PRD0122,1,1579.58,1579.58
HITM0013030,HORD004147,PRD0206,1,190.8,190.8
HITM0013031,HORD004147,PRD0750,1,262.52,262.52
HITM0013032,HORD004148,PRD0905,1,470.11,470.11
HITM0013033,HORD004148,PRD0190,1,34.34,34.34
HITM0013034,HORD004149,PRD0633,1,1341.18,1341.18
HITM0013035,HORD004149,PRD0925,1,56.69,56.69
HITM0013036,HORD004149,PRD0189,2,634.68,1269.36
HITM0013037,HORD004149,PRD0190,1,34.34,34.34
HITM0013038,HORD004150,PRD0625,1,122.46,122.46
HITM0013039,HORD004150,PRD0498,1,309.85,309.85
HITM0013040,HORD004150,PRD0485,1,939.87,939.87
HITM0013041,HORD004150,PRD0421,1,2974.43,2974.43
HITM0013042,HORD004151,PRD0608,2,313.58,627.16
HITM0013043,HORD004151,PRD0605,1,964.1,964.1
HITM0013044,HORD004151,PRD0967,1,2053.47,2053.47
HITM0013045,HORD004152,PRD0345,1,752.34,752.34
HITM0013046,HORD004152,PRD0925,1,56.69,56.69
HITM0013047,HORD004152,PRD0280,1,84.08,84.08
HITM0013048,HORD004152,PRD0130,1,183.26,183.26
HITM0013049,HORD004152,PRD0133,1,334.91,334.91
HITM0013050,HORD004153,PRD0519,1,268.64,268.64
HITM0013051,HORD004153,PRD0960,1,321.52,321.52
HITM0013052,HORD004153,PRD0612,1,1437.47,1437.47
HITM0013053,HORD004154,PRD0382,1,865.54,865.54
HITM0013054,HORD004154,PRD0035,1,1129.26,1129.26
HITM0013055,HORD004154,PRD0356,1,246.85,246.85
HITM0013056,HORD004154,PRD0086,2,92.8,185.6
HITM0013057,HORD004155,PRD0421,1,2974.43,2974.43
HITM0013058,HORD004155,PRD0020,1,148.97,148.97
HITM0013059,HORD004155,PRD0706,1,377.51,377.51
HITM0013060,HORD004156,PRD0145,2,624.72,1249.44
HITM0013061,HORD004156,PRD0313,3,1045.09,3135.27
HITM0013062,HORD004157,PRD0545,1,1132.56,1132.56
HITM0013063,HORD004158,PRD0876,1,146.18,146.18
HITM0013064,HORD004158,PRD0583,1,1484.65,1484.65
HITM0013065,HORD004159,PRD0383,1,1183.76,1183.76
HITM0013066,HORD004159,PRD0110,2,197.81,395.62
HITM0013067,HORD004159,PRD0336,1,110.53,110.53
HITM0013068,HORD004160,PRD0536,1,53.59,53.59
HITM0013069,HORD004160,PRD0620,2,339.14,678.28
HITM0013070,HORD004160,PRD0660,1,89.27,89.27
HITM0013071,HORD004160,PRD0768,1,73.54,73.54
HITM0013072,HORD004161,PRD0824,1,1647.74,1647.74
HITM0013073,HORD004161,PRD0768,2,73.54,147.08
HITM0013074,HORD004161,PRD0581,2,2366.29,4732.58
HITM0013075,HORD004162,PRD0756,1,61.89,61.89
HITM0013076,HORD004162,PRD0393,1,793.28,793.28
HITM0013077,HORD004163,PRD0992,2,1098.67,2197.34
HITM0013078,HORD004163,PRD0907,1,2551.71,2551.71
HITM0013079,HORD004163,PRD0306,1,422.96,422.96
HITM0013080,HORD004164,PRD0088,2,141.39,282.78
HITM0013081,HORD004164,PRD0214,2,1445.79,2891.58
HITM0013082,HORD004164,PRD0581,1,2366.29,2366.29
HITM0013083,HORD004165,PRD0820,1,31.29,31.29
HITM0013084,HORD004165,PRD0889,1,518.76,518.76
HITM0013085,HORD004165,PRD0747,1,2580.17,2580.17
HITM0013086,HORD004165,PRD0010,3,39.45,118.35
HITM0013087,HORD004165,PRD0040,2,201.64,403.28
HITM0013088,HORD004166,PRD0386,1,567.42,567.42
HITM0013089,HORD004166,PRD0935,1,617.88,617.88
HITM0013090,HORD004167,PRD0777,1,2046.64,2046.64
HITM0013091,HORD004167,PRD0026,1,122.12,122.12
HITM0013092,HORD004167,PRD0200,2,231.67,463.34
HITM0013093,HORD004168,PRD0288,1,151.78,151.78
HITM0013094,HORD004168,PRD0086,1,92.8,92.8
HITM0013095,HORD004168,PRD0419,2,1353.51,2707.02
HITM0013096,HORD004169,PRD0498,1,309.85,309.85
HITM0013097,HORD004169,PRD0169,1,445.45,445.45
HITM0013098,HORD004169,PRD0415,2,191.7,383.4
HITM0013099,HORD004169,PRD0382,1,865.54,865.54
HITM0013100,HORD004169,PRD0599,2,1129.79,2259.58
HITM0013101,HORD004170,PRD0500,1,162.81,162.81
HITM0013102,HORD004170,PRD0212,1,1587.64,1587.64
HITM0013103,HORD004171,PRD0120,1,266.59,266.59
HITM0013104,HORD004171,PRD0305,1,346.95,346.95
HITM0013105,HORD004171,PRD0197,1,847.92,847.92
HITM0013106,HORD004172,PRD0841,3,1110.67,3332.01
HITM0013107,HORD004172,PRD0917,1,1133.22,1133.22
HITM0013108,HORD004173,PRD0926,1,455.41,455.41
HITM0013109,HORD004173,PRD0845,1,45.19,45.19
HITM0013110,HORD004174,PRD0391,1,1836.29,1836.29
HITM0013111,HORD004174,PRD0056,1,437.03,437.03
HITM0013112,HORD004174,PRD0494,1,2689.23,2689.23
HITM0013113,HORD004174,PRD0898,1,197.48,197.48
HITM0013114,HORD004175,PRD0711,1,1902.91,1902.91
HITM0013115,HORD004175,PRD0251,1,1871.06,1871.06
HITM0013116,HORD004175,PRD0671,1,926.06,926.06
HITM0013117,HORD004176,PRD0527,1,2128.95,2128.95
HITM0013118,HORD004176,PRD0625,2,122.46,244.92
HITM0013119,HORD004176,PRD0107,1,559.52,559.52
HITM0013120,HORD004177,PRD0590,1,49.98,49.98
HITM0013121,HORD004177,PRD0535,1,878.27,878.27
HITM0013122,HORD004177,PRD0175,1,340.25,340.25
HITM0013123,HORD004177,PRD0246,1,758.55,758.55
HITM0013124,HORD004177,PRD0984,2,2245.63,4491.26
HITM0013125,HORD004178,PRD0772,1,661.34,661.34
HITM0013126,HORD004178,PRD0838,1,955.16,955.16
HITM0013127,HORD004178,PRD0392,2,1492.32,2984.64
HITM0013128,HORD004179,PRD0578,1,383.34,383.34
HITM0013129,HORD004179,PRD0618,2,208.79,417.58
HITM0013130,HORD004179,PRD0085,1,655.93,655.93
HITM0013131,HORD004180,PRD0466,1,460.08,460.08
HITM0013132,HORD004180,PRD0528,2,136.95,273.9
HITM0013133,HORD004181,PRD0515,2,1179.28,2358.56
HITM0013134,HORD004182,PRD0842,1,1294.03,1294.03
HITM0013135,HORD004182,PRD0759,1,655.9,655.9
HITM0013136,HORD004183,PRD0087,1,2521.54,2521.54
HITM0013137,HORD004183,PRD0612,1,1437.47,1437.47
HITM0013138,HORD004183,PRD0428,1,491.35,491.35
HITM0013139,HORD004184,PRD0774,1,1734.69,1734.69
HITM0013140,HORD004185,PRD0925,1,56.69,56.69
HITM0013141,HORD004185,PRD0423,1,610.02,610.02
HITM0013142,HORD004185,PRD0746,2,187.06,374.12
HITM0013143,HORD004185,PRD0032,1,742.08,742.08
HITM0013144,HORD004185,PRD0329,1,100.62,100.62
HITM0013145,HORD004186,PRD0803,1,671.68,671.68
HITM0013146,HORD004186,PRD0736,1,171.3,171.3
HITM0013147,HORD004186,PRD0938,1,103.84,103.84
HITM0013148,HORD004186,PRD0969,2,99.89,199.78
HITM0013149,HORD004187,PRD0835,1,240.61,240.61
HITM0013150,HORD004187,PRD0628,2,904.82,1809.64
HITM0013151,HORD004187,PRD0847,1,1756.67,1756.67
HITM0013152,HORD004188,PRD0933,2,1243.12,2486.24
HITM0013153,HORD004188,PRD0623,1,1330.89,1330.89
HITM0013154,HORD004188,PRD0305,1,346.95,346.95
HITM0013155,HORD004188,PRD0804,1,3159.06,3159.06
HITM0013156,HORD004189,PRD0749,2,1242.7,2485.4
HITM0013157,HORD004189,PRD0290,1,53.02,53.02
HITM0013158,HORD004189,PRD0600,1,222.54,222.54
HITM0013159,HORD004189,PRD0565,1,515.91,515.91
HITM0013160,HORD004190,PRD0734,1,3584.06,3584.06
HITM0013161,HORD004190,PRD0838,1,955.16,955.16
HITM0013162,HORD004190,PRD0611,1,1417.98,1417.98
HITM0013163,HORD004190,PRD0743,1,939.8,939.8
HITM0013164,HORD004190,PRD0618,1,208.79,208.79
HITM0013165,HORD004191,PRD0026,1,122.12,122.12
HITM0013166,HORD004191,PRD0683,1,571.77,571.77
HITM0013167,HORD004192,PRD0569,1,1425.79,1425.79
HITM0013168,HORD004192,PRD0093,1,401.55,401.55
HITM0013169,HORD004192,PRD0550,2,229.62,459.24
HITM0013170,HORD004192,PRD0959,2,182.03,364.06
HITM0013171,HORD004193,PRD0272,1,839.78,839.78
HITM0013172,HORD004193,PRD0078,1,451.23,451.23
HITM0013173,HORD004194,PRD0182,1,986.88,986.88
HITM0013174,HORD004194,PRD0415,2,191.7,383.4
HITM0013175,HORD004194,PRD0245,1,595.29,595.29
HITM0013176,HORD004195,PRD0626,1,139.26,139.26
HITM0013177,HORD004195,PRD0866,2,369.1,738.2
HITM0013178,HORD004195,PRD0061,1,2127.06,2127.06
HITM0013179,HORD004196,PRD0522,2,1270.84,2541.68
HITM0013180,HORD004196,PRD0933,1,1243.12,1243.12
HITM0013181,HORD004196,PRD0568,1,299.47,299.47
HITM0013182,HORD004196,PRD0931,1,1394.59,1394.59
HITM0013183,HORD004196,PRD0925,1,56.69,56.69
HITM0013184,HORD004197,PRD0837,1,470.72,470.72
HITM0013185,HORD004197,PRD0678,1,904.89,904.89
HITM0013186,HORD004197,PRD0824,2,1647.74,3295.48
HITM0013187,HORD004198,PRD0127,2,1131.95,2263.9
HITM0013188,HORD004198,PRD0076,3,232.75,698.25
HITM0013189,HORD004198,PRD0500,2,162.81,325.62
HITM0013190,HORD004199,PRD0471,1,1547.86,1547.86
HITM0013191,HORD004199,PRD0185,1,325.14,325.14
HITM0013192,HORD004199,PRD0190,1,34.34,34.34
HITM0013193,HORD004200,PRD0348,2,857.27,1714.54
HITM0013194,HORD004200,PRD0517,1,2094.09,2094.09
HITM0013195,HORD004201,PRD0156,1,115.73,115.73
HITM0013196,HORD004201,PRD0765,1,724.29,724.29
HITM0013197,HORD004201,PRD0368,1,759.57,759.57
HITM0013198,HORD004201,PRD0528,1,136.95,136.95
HITM0013199,HORD004202,PRD0445,1,589.84,589.84
HITM0013200,HORD004202,PRD0279,1,1189.02,1189.02
HITM0013201,HORD004202,PRD0065,2,446.02,892.04
HITM0013202,HORD004203,PRD0537,1,717.48,717.48
HITM0013203,HORD004203,PRD0473,1,370.27,370.27
HITM0013204,HORD004203,PRD0489,1,376.72,376.72
HITM0013205,HORD004204,PRD0026,1,122.12,122.12
HITM0013206,HORD004204,PRD0960,2,321.52,643.04
HITM0013207,HORD004204,PRD0940,1,227.03,227.03
HITM0013208,HORD004205,PRD0056,1,437.03,437.03
HITM0013209,HORD004205,PRD0235,1,248.42,248.42
HITM0013210,HORD004205,PRD0603,1,1120.48,1120.48
HITM0013211,HORD004205,PRD0534,1,458.42,458.42
HITM0013212,HORD004205,PRD0103,1,1002.58,1002.58
HITM0013213,HORD004206,PRD0718,3,543.69,1631.07
HITM0013214,HORD004206,PRD0454,1,1438.89,1438.89
HITM0013215,HORD004207,PRD0113,2,756.1,1512.2
HITM0013216,HORD004207,PRD0248,2,207.33,414.66
HITM0013217,HORD004208,PRD0880,2,132.59,265.18
HITM0013218,HORD004208,PRD0193,1,575.14,575.14
HITM0013219,HORD004208,PRD0156,2,115.73,231.46
HITM0013220,HORD004208,PRD0735,1,1149.06,1149.06
HITM0013221,HORD004209,PRD0829,2,328.42,656.84
HITM0013222,HORD004209,PRD0643,1,530.41,530.41
HITM0013223,HORD004210,PRD0541,1,2989.04,2989.04
HITM0013224,HORD004210,PRD0736,1,171.3,171.3
HITM0013225,HORD004210,PRD0206,1,190.8,190.8
HITM0013226,HORD004211,PRD0492,1,541.59,541.59
HITM0013227,HORD004211,PRD0756,1,61.89,61.89
HITM0013228,HORD004211,PRD0675,2,625.06,1250.12
HITM0013229,HORD004211,PRD0696,1,119.65,119.65
HITM0013230,HORD004211,PRD0140,2,347.21,694.42
HITM0013231,HORD004212,PRD0991,1,2498.97,2498.97
HITM0013232,HORD004212,PRD0280,1,84.08,84.08
HITM0013233,HORD004212,PRD0022,1,778.88,778.88
HITM0013234,HORD004212,PRD0502,1,553.17,553.17
HITM0013235,HORD004212,PRD0525,1,135.44,135.44
HITM0013236,HORD004213,PRD0848,1,870.59,870.59
HITM0013237,HORD004213,PRD0560,1,258.29,258.29
HITM0013238,HORD004213,PRD0826,2,89.12,178.24
HITM0013239,HORD004214,PRD0623,1,1330.89,1330.89
HITM0013240,HORD004214,PRD0898,1,197.48,197.48
HITM0013241,HORD004214,PRD0051,1,1390.84,1390.84
HITM0013242,HORD004214,PRD0819,1,269.55,269.55
HITM0013243,HORD004214,PRD0277,1,1516.37,1516.37
HITM0013244,HORD004215,PRD0725,1,282.7,282.7
HITM0013245,HORD004215,PRD0195,1,951.68,951.68
HITM0013246,HORD004216,PRD0827,1,1653.52,1653.52
HITM0013247,HORD004216,PRD0054,2,3479.55,6959.1
HITM0013248,HORD004216,PRD0188,2,861.47,1722.94
HITM0013249,HORD004216,PRD0044,1,649.62,649.62
HITM0013250,HORD004217,PRD0086,1,92.8,92.8
HITM0013251,HORD004217,PRD0050,3,289.02,867.06
HITM0013252,HORD004217,PRD0902,1,565.32,565.32
HITM0013253,HORD004217,PRD0588,1,544.11,544.11
HITM0013254,HORD004218,PRD0572,1,678.29,678.29
HITM0013255,HORD004218,PRD0506,1,187.88,187.88
HITM0013256,HORD004219,PRD0208,1,940.02,940.02
HITM0013257,HORD004220,PRD0019,1,353.47,353.47
HITM0013258,HORD004221,PRD0608,1,313.58,313.58
HITM0013259,HORD004221,PRD0886,1,389.53,389.53
HITM0013260,HORD004221,PRD0199,1,710.27,710.27
HITM0013261,HORD004222,PRD0328,1,650.32,650.32
HITM0013262,HORD004222,PRD0593,1,416.84,416.84
HITM0013263,HORD004222,PRD0148,3,1096.52,3289.56
HITM0013264,HORD004223,PRD0452,1,687.28,687.28
HITM0013265,HORD004223,PRD0020,1,148.97,148.97
HITM0013266,HORD004223,PRD0449,1,792.41,792.41
HITM0013267,HORD004224,PRD0625,2,122.46,244.92
HITM0013268,HORD004224,PRD0564,1,3766.49,3766.49
HITM0013269,HORD004224,PRD0240,1,116.74,116.74
HITM0013270,HORD004224,PRD0294,1,1563.92,1563.92
HITM0013271,HORD004224,PRD0445,1,589.84,589.84
HITM0013272,HORD004225,PRD0488,1,780.13,780.13
HITM0013273,HORD004225,PRD0522,1,1270.84,1270.84
HITM0013274,HORD004225,PRD0393,2,793.28,1586.56
HITM0013275,HORD004225,PRD0686,1,208.32,208.32
HITM0013276,HORD004226,PRD0282,1,1092.79,1092.79
HITM0013277,HORD004226,PRD0955,1,502.79,502.79
HITM0013278,HORD004226,PRD0374,1,759.14,759.14
HITM0013279,HORD004227,PRD0790,1,55.39,55.39
HITM0013280,HORD004227,PRD0792,1,1480.93,1480.93
HITM0013281,HORD004227,PRD0056,1,437.03,437.03
HITM0013282,HORD004228,PRD0526,1,44.24,44.24
HITM0013283,HORD004228,PRD0920,1,123.07,123.07
HITM0013284,HORD004228,PRD0255,1,426.01,426.01
HITM0013285,HORD004229,PRD0828,2,146.02,292.04
HITM0013286,HORD004229,PRD0925,1,56.69,56.69
HITM0013287,HORD004229,PRD0238,1,1033.13,1033.13
HITM0013288,HORD004230,PRD0555,1,955.38,955.38
HITM0013289,HORD004231,PRD0628,1,904.82,904.82
HITM0013290,HORD004231,PRD0129,1,584.17,584.17
HITM0013291,HORD004231,PRD0662,1,477.61,477.61
HITM0013292,HORD004231,PRD0018,1,921.55,921.55
HITM0013293,HORD004232,PRD0239,2,984.36,1968.72
HITM0013294,HORD004233,PRD0736,1,171.3,171.3
HITM0013295,HORD004233,PRD0316,1,401.13,401.13
HITM0013296,HORD004233,PRD0952,1,1636.67,1636.67
HITM0013297,HORD004234,PRD0266,1,186.6,186.6
HITM0013298,HORD004234,PRD0282,3,1092.79,3278.37
HITM0013299,HORD004234,PRD0050,1,289.02,289.02
HITM0013300,HORD004235,PRD0114,1,2620.24,2620.24
HITM0013301,HORD004235,PRD0456,1,117.59,117.59
HITM0013302,HORD004235,PRD0405,1,1063.36,1063.36
HITM0013303,HORD004235,PRD0511,2,1297.34,2594.68
HITM0013304,HORD004235,PRD0013,1,1361.97,1361.97
HITM0013305,HORD004236,PRD0473,1,370.27,370.27
HITM0013306,HORD004236,PRD0305,1,346.95,346.95
HITM0013307,HORD004236,PRD0240,1,116.74,116.74
HITM0013308,HORD004236,PRD0463,1,564.14,564.14
HITM0013309,HORD004237,PRD0256,1,432.88,432.88
HITM0013310,HORD004237,PRD0609,1,83.83,83.83
HITM0013311,HORD004237,PRD0845,1,45.19,45.19
HITM0013312,HORD004237,PRD0790,2,55.39,110.78
HITM0013313,HORD004237,PRD0428,2,491.35,982.7
HITM0013314,HORD004238,PRD0781,1,2713.32,2713.32
HITM0013315,HORD004239,PRD0027,1,116.57,116.57
HITM0013316,HORD004239,PRD0386,1,567.42,567.42
HITM0013317,HORD004240,PRD0857,2,1044.86,2089.72
HITM0013318,HORD004240,PRD0210,2,371.54,743.08
HITM0013319,HORD004240,PRD0636,1,418.01,418.01
HITM0013320,HORD004240,PRD0215,1,616.18,616.18
HITM0013321,HORD004240,PRD0290,1,53.02,53.02
HITM0013322,HORD004241,PRD0158,1,224.45,224.45
HITM0013323,HORD004241,PRD0847,1,1756.67,1756.67
HITM0013324,HORD004242,PRD0858,1,363.41,363.41
HITM0013325,HORD004242,PRD0076,1,232.75,232.75
HITM0013326,HORD004242,PRD0095,1,590.13,590.13
HITM0013327,HORD004242,PRD0728,1,122.0,122.0
HITM0013328,HORD004243,PRD0395,1,1111.47,1111.47
HITM0013329,HORD004243,PRD0211,1,2486.18,2486.18
HITM0013330,HORD004243,PRD0020,1,148.97,148.97
HITM0013331,HORD004243,PRD0607,1,2415.11,2415.11
HITM0013332,HORD004243,PRD0574,1,1085.51,1085.51
HITM0013333,HORD004244,PRD0271,1,1003.21,1003.21
HITM0013334,HORD004244,PRD0346,2,519.06,1038.12
HITM0013335,HORD004244,PRD0633,1,1341.18,1341.18
HITM0013336,HORD004245,PRD0663,1,1329.29,1329.29
HITM0013337,HORD004246,PRD0620,1,339.14,339.14
HITM0013338,HORD004246,PRD0540,1,301.77,301.77
HITM0013339,HORD004246,PRD0376,1,811.77,811.77
HITM0013340,HORD004246,PRD0853,1,1167.89,1167.89
HITM0013341,HORD004246,PRD0799,1,114.07,114.07
HITM0013342,HORD004247,PRD0335,1,235.04,235.04
HITM0013343,HORD004247,PRD0966,3,706.39,2119.17
HITM0013344,HORD004248,PRD0408,1,384.62,384.62
HITM0013345,HORD004248,PRD0817,1,1184.03,1184.03
HITM0013346,HORD004248,PRD0005,1,793.64,793.64
HITM0013347,HORD004249,PRD0321,1,1488.38,1488.38
HITM0013348,HORD004249,PRD0258,2,816.42,1632.84
HITM0013349,HORD004249,PRD0068,1,327.08,327.08
HITM0013350,HORD004249,PRD0296,3,122.37,367.11
HITM0013351,HORD004250,PRD0589,1,824.97,824.97
HITM0013352,HORD004250,PRD0121,1,3030.38,3030.38
HITM0013353,HORD004250,PRD0303,1,858.46,858.46
HITM0013354,HORD004251,PRD0729,1,1304.27,1304.27
HITM0013355,HORD004251,PRD0288,1,151.78,151.78
HITM0013356,HORD004251,PRD0410,1,142.89,142.89
HITM0013357,HORD004251,PRD0567,1,1572.22,1572.22
HITM0013358,HORD004252,PRD0159,1,897.22,897.22
HITM0013359,HORD004252,PRD0339,1,1448.64,1448.64
HITM0013360,HORD004252,PRD0451,2,1300.44,2600.88
HITM0013361,HORD004252,PRD0623,1,1330.89,1330.89
HITM0013362,HORD004253,PRD0378,1,271.63,271.63
HITM0013363,HORD004254,PRD0940,1,227.03,227.03
HITM0013364,HORD004254,PRD0574,1,1085.51,1085.51
HITM0013365,HORD004255,PRD0114,2,2620.24,5240.48
HITM0013366,HORD004255,PRD0246,1,758.55,758.55
HITM0013367,HORD004255,PRD0725,1,282.7,282.7
HITM0013368,HORD004256,PRD0003,1,342.16,342.16
HITM0013369,HORD004256,PRD0471,2,1547.86,3095.72
HITM0013370,HORD004256,PRD0170,2,275.39,550.78
HITM0013371,HORD004256,PRD0709,1,1109.44,1109.44
HITM0013372,HORD004256,PRD0668,1,641.02,641.02
HITM0013373,HORD004257,PRD0030,3,239.93,719.79
HITM0013374,HORD004257,PRD0009,1,354.96,354.96
HITM0013375,HORD004257,PRD0841,1,1110.67,1110.67
HITM0013376,HORD004257,PRD0312,2,1834.14,3668.28
HITM0013377,HORD004258,PRD0959,1,182.03,182.03
HITM0013378,HORD004258,PRD0397,1,1704.15,1704.15
HITM0013379,HORD004258,PRD0680,2,103.14,206.28
HITM0013380,HORD004258,PRD0333,2,621.74,1243.48
HITM0013381,HORD004259,PRD0630,1,270.86,270.86
HITM0013382,HORD004259,PRD0185,1,325.14,325.14
HITM0013383,HORD004259,PRD0849,1,115.9,115.9
HITM0013384,HORD004259,PRD0446,1,172.12,172.12
HITM0013385,HORD004260,PRD0668,1,641.02,641.02
HITM0013386,HORD004260,PRD0309,1,621.05,621.05
HITM0013387,HORD004261,PRD0010,1,39.45,39.45
HITM0013388,HORD004262,PRD0634,1,3567.92,3567.92
HITM0013389,HORD004262,PRD0006,1,35.37,35.37
HITM0013390,HORD004263,PRD0011,1,2618.24,2618.24
HITM0013391,HORD004263,PRD0456,1,117.59,117.59
HITM0013392,HORD004263,PRD0036,1,226.94,226.94
HITM0013393,HORD004264,PRD0887,1,569.07,569.07
HITM0013394,HORD004264,PRD0653,2,514.7,1029.4
HITM0013395,HORD004264,PRD0366,1,428.57,428.57
HITM0013396,HORD004264,PRD0336,1,110.53,110.53
HITM0013397,HORD004264,PRD0798,2,418.33,836.66
HITM0013398,HORD004265,PRD0612,2,1437.47,2874.94
HITM0013399,HORD004265,PRD0790,1,55.39,55.39
HITM0013400,HORD004265,PRD0840,1,102.1,102.1
HITM0013401,HORD004266,PRD0718,1,543.69,543.69
HITM0013402,HORD004266,PRD0146,1,212.69,212.69
HITM0013403,HORD004267,PRD0025,1,404.64,404.64
HITM0013404,HORD004267,PRD0514,2,1738.15,3476.3
HITM0013405,HORD004267,PRD0406,1,184.6,184.6
HITM0013406,HORD004268,PRD0823,1,739.71,739.71
HITM0013407,HORD004268,PRD0992,1,1098.67,1098.67
HITM0013408,HORD004268,PRD0536,1,53.59,53.59
HITM0013409,HORD004269,PRD0196,1,373.5,373.5
HITM0013410,HORD004269,PRD0594,1,3438.81,3438.81
HITM0013411,HORD004269,PRD0479,2,660.2,1320.4
HITM0013412,HORD004269,PRD0543,2,1583.54,3167.08
HITM0013413,HORD004269,PRD0589,1,824.97,824.97
HITM0013414,HORD004270,PRD0178,2,176.94,353.88
HITM0013415,HORD004270,PRD0598,1,522.01,522.01
HITM0013416,HORD004270,PRD0069,1,398.01,398.01
HITM0013417,HORD004270,PRD0120,1,266.59,266.59
HITM0013418,HORD004271,PRD0452,1,687.28,687.28
HITM0013419,HORD004271,PRD0948,1,454.84,454.84
HITM0013420,HORD004271,PRD0147,1,1910.7,1910.7
HITM0013421,HORD004271,PRD0750,1,262.52,262.52
HITM0013422,HORD004271,PRD0226,1,286.78,286.78
HITM0013423,HORD004272,PRD0090,2,136.64,273.28
HITM0013424,HORD004272,PRD0880,2,132.59,265.18
HITM0013425,HORD004272,PRD0863,1,1472.8,1472.8
HITM0013426,HORD004272,PRD0197,1,847.92,847.92
HITM0013427,HORD004273,PRD0979,2,1067.2,2134.4
HITM0013428,HORD004273,PRD0698,2,981.72,1963.44
HITM0013429,HORD004274,PRD0692,1,1665.58,1665.58
HITM0013430,HORD004274,PRD0068,1,327.08,327.08
HITM0013431,HORD004275,PRD0160,1,21.4,21.4
HITM0013432,HORD004275,PRD0722,1,1792.17,1792.17
HITM0013433,HORD004275,PRD0300,1,243.64,243.64
HITM0013434,HORD004275,PRD0299,1,150.48,150.48
HITM0013435,HORD004276,PRD0329,1,100.62,100.62
HITM0013436,HORD004276,PRD0530,1,220.26,220.26
HITM0013437,HORD004276,PRD0565,1,515.91,515.91
HITM0013438,HORD004277,PRD0459,1,461.78,461.78
HITM0013439,HORD004277,PRD0465,1,778.89,778.89
HITM0013440,HORD004277,PRD0175,1,340.25,340.25
HITM0013441,HORD004278,PRD0874,1,3409.41,3409.41
HITM0013442,HORD004278,PRD0278,1,83.35,83.35
HITM0013443,HORD004278,PRD0266,2,186.6,373.2
HITM0013444,HORD004278,PRD0382,1,865.54,865.54
HITM0013445,HORD004279,PRD0563,2,651.72,1303.44
HITM0013446,HORD004280,PRD0189,1,634.68,634.68
HITM0013447,HORD004280,PRD0837,2,470.72,941.44
HITM0013448,HORD004280,PRD0409,1,165.4,165.4
HITM0013449,HORD004281,PRD0775,1,668.73,668.73
HITM0013450,HORD004281,PRD0076,1,232.75,232.75
HITM0013451,HORD004282,PRD0922,2,693.11,1386.22
HITM0013452,HORD004283,PRD0454,1,1438.89,1438.89
HITM0013453,HORD004283,PRD0428,1,491.35,491.35
HITM0013454,HORD004283,PRD0485,2,939.87,1879.74
HITM0013455,HORD004284,PRD0120,2,266.59,533.18
HITM0013456,HORD004284,PRD0792,3,1480.93,4442.79
HITM0013457,HORD004284,PRD0633,1,1341.18,1341.18
HITM0013458,HORD004284,PRD0655,1,424.11,424.11
HITM0013459,HORD004285,PRD0223,2,1459.56,2919.12
HITM0013460,HORD004285,PRD0025,1,404.64,404.64
HITM0013461,HORD004285,PRD0274,1,416.56,416.56
HITM0013462,HORD004286,PRD0996,1,440.1,440.1
HITM0013463,HORD004286,PRD0327,1,812.84,812.84
HITM0013464,HORD004287,PRD0041,1,3019.84,3019.84
HITM0013465,HORD004288,PRD0284,1,1446.14,1446.14
HITM0013466,HORD004288,PRD0640,1,23.59,23.59
HITM0013467,HORD004289,PRD0244,1,807.13,807.13
HITM0013468,HORD004289,PRD0196,1,373.5,373.5
HITM0013469,HORD004289,PRD0125,1,108.47,108.47
HITM0013470,HORD004289,PRD0047,2,663.9,1327.8
HITM0013471,HORD004289,PRD0705,1,387.12,387.12
HITM0013472,HORD004290,PRD0869,2,131.2,262.4
HITM0013473,HORD004290,PRD0730,1,388.14,388.14
HITM0013474,HORD004290,PRD0080,1,122.76,122.76
HITM0013475,HORD004291,PRD0896,1,507.02,507.02
HITM0013476,HORD004291,PRD0622,1,1298.2,1298.2
HITM0013477,HORD004291,PRD0407,1,1986.3,1986.3
HITM0013478,HORD004292,PRD0755,3,229.0,687.0
HITM0013479,HORD004292,PRD0092,1,651.72,651.72
HITM0013480,HORD004292,PRD0586,2,751.47,1502.94
HITM0013481,HORD004293,PRD0005,2,793.64,1587.28
HITM0013482,HORD004293,PRD0969,1,99.89,99.89
HITM0013483,HORD004293,PRD0465,2,778.89,1557.78
HITM0013484,HORD004294,PRD0948,1,454.84,454.84
HITM0013485,HORD004294,PRD0206,1,190.8,190.8
HITM0013486,HORD004294,PRD0355,1,1138.32,1138.32
HITM0013487,HORD004294,PRD0188,2,861.47,1722.94
HITM0013488,HORD004295,PRD0569,2,1425.79,2851.58
HITM0013489,HORD004295,PRD0055,1,371.08,371.08
HITM0013490,HORD004295,PRD0780,1,308.34,308.34
HITM0013491,HORD004295,PRD0969,1,99.89,99.89
HITM0013492,HORD004295,PRD0526,1,44.24,44.24
HITM0013493,HORD004296,PRD0036,1,226.94,226.94
HITM0013494,HORD004296,PRD0088,1,141.39,141.39
HITM0013495,HORD004296,PRD0691,1,2519.24,2519.24
HITM0013496,HORD004297,PRD0803,3,671.68,2015.04
HITM0013497,HORD004297,PRD0785,1,739.95,739.95
HITM0013498,HORD004297,PRD0366,1,428.57,428.57
HITM0013499,HORD004298,PRD0156,2,115.73,231.46
HITM0013500,HORD004298,PRD0840,2,102.1,204.2
HITM0013501,HORD004298,PRD0662,2,477.61,955.22
HITM0013502,HORD004298,PRD0439,1,323.08,323.08
HITM0013503,HORD004299,PRD0699,1,1102.07,1102.07
HITM0013504,HORD004299,PRD0692,1,1665.58,1665.58
HITM0013505,HORD004299,PRD0127,1,1131.95,1131.95
HITM0013506,HORD004299,PRD0392,1,1492.32,1492.32
HITM0013507,HORD004300,PRD0903,2,332.35,664.7
HITM0013508,HORD004300,PRD0741,1,1637.14,1637.14
HITM0013509,HORD004300,PRD0490,3,63.94,191.82
HITM0013510,HORD004300,PRD0230,1,34.01,34.01
HITM0013511,HORD004301,PRD0245,1,595.29,595.29
HITM0013512,HORD004301,PRD0508,2,323.95,647.9
HITM0013513,HORD004301,PRD0588,1,544.11,544.11
HITM0013514,HORD004301,PRD0476,1,658.84,658.84
HITM0013515,HORD004301,PRD0125,3,108.47,325.41
HITM0013516,HORD004302,PRD0125,1,108.47,108.47
HITM0013517,HORD004302,PRD0755,1,229.0,229.0
HITM0013518,HORD004303,PRD0006,1,35.37,35.37
HITM0013519,HORD004303,PRD0090,1,136.64,136.64
HITM0013520,HORD004303,PRD0620,2,339.14,678.28
HITM0013521,HORD004303,PRD0897,1,351.24,351.24
HITM0013522,HORD004303,PRD0027,1,116.57,116.57
HITM0013523,HORD004304,PRD0262,1,893.46,893.46
HITM0013524,HORD004305,PRD0591,1,2930.44,2930.44
HITM0013525,HORD004305,PRD0728,1,122.0,122.0
HITM0013526,HORD004305,PRD0497,1,1779.73,1779.73
HITM0013527,HORD004306,PRD0133,2,334.91,669.82
HITM0013528,HORD004306,PRD0394,1,1316.11,1316.11
HITM0013529,HORD004306,PRD0816,2,377.97,755.94
HITM0013530,HORD004307,PRD0060,1,207.18,207.18
HITM0013531,HORD004308,PRD0341,1,2845.05,2845.05
HITM0013532,HORD004308,PRD0703,2,716.42,1432.84
HITM0013533,HORD004308,PRD0190,1,34.34,34.34
HITM0013534,HORD004309,PRD0938,1,103.84,103.84
HITM0013535,HORD004309,PRD0465,1,778.89,778.89
HITM0013536,HORD004309,PRD0824,1,1647.74,1647.74
HITM0013537,HORD004310,PRD0862,2,612.88,1225.76
HITM0013538,HORD004310,PRD0069,1,398.01,398.01
HITM0013539,HORD004310,PRD0592,1,448.87,448.87
HITM0013540,HORD004310,PRD0421,2,2974.43,5948.86
HITM0013541,HORD004311,PRD0703,2,716.42,1432.84
HITM0013542,HORD004311,PRD0114,2,2620.24,5240.48
HITM0013543,HORD004312,PRD0155,3,673.32,2019.96
HITM0013544,HORD004312,PRD0471,1,1547.86,1547.86
HITM0013545,HORD004313,PRD0898,1,197.48,197.48
HITM0013546,HORD004313,PRD0491,1,2056.04,2056.04
HITM0013547,HORD004313,PRD0595,2,429.07,858.14
HITM0013548,HORD004314,PRD0262,1,893.46,893.46
HITM0013549,HORD004314,PRD0152,1,1406.47,1406.47
HITM0013550,HORD004314,PRD0496,1,519.08,519.08
HITM0013551,HORD004314,PRD0610,1,167.07,167.07
HITM0013552,HORD004315,PRD0620,1,339.14,339.14
HITM0013553,HORD004316,PRD0252,1,879.59,879.59
HITM0013554,HORD004316,PRD0360,1,326.09,326.09
HITM0013555,HORD004316,PRD0738,2,520.03,1040.06
HITM0013556,HORD004317,PRD0102,1,1498.33,1498.33
HITM0013557,HORD004317,PRD0784,1,385.51,385.51
HITM0013558,HORD004317,PRD0280,2,84.08,168.16
HITM0013559,HORD004317,PRD0400,1,411.31,411.31
HITM0013560,HORD004317,PRD0537,2,717.48,1434.96
HITM0013561,HORD004318,PRD0340,1,42.57,42.57
HITM0013562,HORD004319,PRD0805,1,1065.34,1065.34
HITM0013563,HORD004319,PRD0065,1,446.02,446.02
HITM0013564,HORD004319,PRD0127,1,1131.95,1131.95
HITM0013565,HORD004319,PRD0340,1,42.57,42.57
HITM0013566,HORD004320,PRD0903,1,332.35,332.35
HITM0013567,HORD004321,PRD0526,2,44.24,88.48
HITM0013568,HORD004321,PRD0750,3,262.52,787.56
HITM0013569,HORD004322,PRD0728,2,122.0,244.0
HITM0013570,HORD004322,PRD0983,1,863.49,863.49
HITM0013571,HORD004322,PRD0450,1,56.05,56.05
HITM0013572,HORD004323,PRD0634,2,3567.92,7135.84
HITM0013573,HORD004323,PRD0801,1,1592.9,1592.9
HITM0013574,HORD004323,PRD0462,1,1180.47,1180.47
HITM0013575,HORD004324,PRD0426,1,726.65,726.65
HITM0013576,HORD004324,PRD0521,2,2461.03,4922.06
HITM0013577,HORD004324,PRD0620,1,339.14,339.14
HITM0013578,HORD004325,PRD0163,1,1059.22,1059.22
HITM0013579,HORD004325,PRD0489,2,376.72,753.44
HITM0013580,HORD004326,PRD0840,1,102.1,102.1
HITM0013581,HORD004326,PRD0266,1,186.6,186.6
HITM0013582,HORD004326,PRD0500,3,162.81,488.43
HITM0013583,HORD004326,PRD0022,1,778.88,778.88
HITM0013584,HORD004327,PRD0425,1,845.25,845.25
HITM0013585,HORD004327,PRD0580,1,218.53,218.53
HITM0013586,HORD004327,PRD0166,2,486.74,973.48
HITM0013587,HORD004327,PRD0546,1,361.61,361.61
HITM0013588,HORD004328,PRD0805,2,1065.34,2130.68
HITM0013589,HORD004328,PRD0616,1,819.39,819.39
HITM0013590,HORD004328,PRD0160,1,21.4,21.4
HITM0013591,HORD004328,PRD0250,1,329.47,329.47
HITM0013592,HORD004329,PRD0713,1,1129.25,1129.25
HITM0013593,HORD004329,PRD0050,3,289.02,867.06
HITM0013594,HORD004330,PRD0308,1,524.45,524.45
HITM0013595,HORD004330,PRD0441,1,2803.03,2803.03
HITM0013596,HORD004331,PRD0976,1,714.76,714.76
HITM0013597,HORD004331,PRD0803,1,671.68,671.68
HITM0013598,HORD004331,PRD0875,1,73.21,73.21
HITM0013599,HORD004332,PRD0160,1,21.4,21.4
HITM0013600,HORD004332,PRD0280,1,84.08,84.08
HITM0013601,HORD004332,PRD0467,1,590.42,590.42
HITM0013602,HORD004333,PRD0189,1,634.68,634.68
HITM0013603,HORD004333,PRD0288,2,151.78,303.56
HITM0013604,HORD004333,PRD0412,1,1822.18,1822.18
HITM0013605,HORD004334,PRD0433,1,1481.25,1481.25
HITM0013606,HORD004334,PRD0998,1,366.72,366.72
HITM0013607,HORD004334,PRD0961,2,985.63,1971.26
HITM0013608,HORD004334,PRD0569,1,1425.79,1425.79
HITM0013609,HORD004335,PRD0209,1,327.08,327.08
HITM0013610,HORD004335,PRD0471,2,1547.86,3095.72
HITM0013611,HORD004336,PRD0933,1,1243.12,1243.12
HITM0013612,HORD004336,PRD0138,1,99.85,99.85
HITM0013613,HORD004336,PRD0112,1,1578.75,1578.75
HITM0013614,HORD004336,PRD0100,1,328.27,328.27
HITM0013615,HORD004337,PRD0250,1,329.47,329.47
HITM0013616,HORD004337,PRD0403,2,1295.0,2590.0
HITM0013617,HORD004337,PRD0949,1,589.87,589.87
HITM0013618,HORD004338,PRD0134,1,878.86,878.86
HITM0013619,HORD004338,PRD0094,1,1868.0,1868.0
HITM0013620,HORD004338,PRD0295,2,607.48,1214.96
HITM0013621,HORD004338,PRD0710,1,161.67,161.67
HITM0013622,HORD004339,PRD0945,1,693.93,693.93
HITM0013623,HORD004339,PRD0976,1,714.76,714.76
HITM0013624,HORD004339,PRD0510,2,112.56,225.12
HITM0013625,HORD004340,PRD0841,2,1110.67,2221.34
HITM0013626,HORD004340,PRD0838,1,955.16,955.16
HITM0013627,HORD004340,PRD0853,1,1167.89,1167.89
HITM0013628,HORD004340,PRD0112,1,1578.75,1578.75
HITM0013629,HORD004341,PRD0455,1,243.16,243.16
HITM0013630,HORD004342,PRD0216,1,241.98,241.98
HITM0013631,HORD004342,PRD0659,1,848.34,848.34
HITM0013632,HORD004342,PRD0808,2,69.84,139.68
HITM0013633,HORD004343,PRD0942,2,437.56,875.12
HITM0013634,HORD004344,PRD0901,1,1749.28,1749.28
HITM0013635,HORD004344,PRD0719,1,876.46,876.46
HITM0013636,HORD004344,PRD0807,1,123.14,123.14
HITM0013637,HORD004345,PRD0880,1,132.59,132.59
HITM0013638,HORD004345,PRD0856,1,429.74,429.74
HITM0013639,HORD004346,PRD0563,2,651.72,1303.44
HITM0013640,HORD004346,PRD0230,1,34.01,34.01
HITM0013641,HORD004347,PRD0611,1,1417.98,1417.98
HITM0013642,HORD004348,PRD0625,1,122.46,122.46
HITM0013643,HORD004349,PRD0544,1,650.3,650.3
HITM0013644,HORD004349,PRD0898,1,197.48,197.48
HITM0013645,HORD004349,PRD0475,2,357.18,714.36
HITM0013646,HORD004349,PRD0525,1,135.44,135.44
HITM0013647,HORD004350,PRD0137,1,125.48,125.48
HITM0013648,HORD004350,PRD0422,1,1820.9,1820.9
HITM0013649,HORD004350,PRD0828,1,146.02,146.02
HITM0013650,HORD004350,PRD0296,1,122.37,122.37
HITM0013651,HORD004351,PRD0384,1,1325.18,1325.18
HITM0013652,HORD004351,PRD0670,1,137.8,137.8
HITM0013653,HORD004351,PRD0385,3,1062.27,3186.81
HITM0013654,HORD004352,PRD0622,2,1298.2,2596.4
HITM0013655,HORD004352,PRD0963,1,648.79,648.79
HITM0013656,HORD004352,PRD0530,1,220.26,220.26
HITM0013657,HORD004353,PRD0858,1,363.41,363.41
HITM0013658,HORD004353,PRD0528,1,136.95,136.95
HITM0013659,HORD004353,PRD0025,2,404.64,809.28
HITM0013660,HORD004354,PRD0150,1,302.63,302.63
HITM0013661,HORD004354,PRD0810,1,393.15,393.15
HITM0013662,HORD004354,PRD0894,2,3415.6,6831.2
HITM0013663,HORD004354,PRD0077,1,604.37,604.37
HITM0013664,HORD004354,PRD0172,2,616.06,1232.12
HITM0013665,HORD004355,PRD0827,1,1653.52,1653.52
HITM0013666,HORD004355,PRD0391,1,1836.29,1836.29
HITM0013667,HORD004355,PRD0775,1,668.73,668.73
HITM0013668,HORD004356,PRD0212,1,1587.64,1587.64
HITM0013669,HORD004356,PRD0700,1,206.13,206.13
HITM0013670,HORD004356,PRD0195,3,951.68,2855.04
HITM0013671,HORD004357,PRD0304,1,3629.59,3629.59
HITM0013672,HORD004357,PRD0219,1,888.21,888.21
HITM0013673,HORD004358,PRD0563,1,651.72,651.72
HITM0013674,HORD004358,PRD0255,2,426.01,852.02
HITM0013675,HORD004359,PRD0526,3,44.24,132.72
HITM0013676,HORD004359,PRD0287,1,2154.08,2154.08
HITM0013677,HORD004359,PRD0490,2,63.94,127.88
HITM0013678,HORD004360,PRD0352,1,393.98,393.98
HITM0013679,HORD004360,PRD0096,2,291.41,582.82
HITM0013680,HORD004361,PRD0817,1,1184.03,1184.03
HITM0013681,HORD004361,PRD0384,1,1325.18,1325.18
HITM0013682,HORD004361,PRD0275,2,394.33,788.66
HITM0013683,HORD004362,PRD0589,1,824.97,824.97
HITM0013684,HORD004362,PRD0074,3,3394.49,10183.47
HITM0013685,HORD004363,PRD0439,1,323.08,323.08
HITM0013686,HORD004363,PRD0088,2,141.39,282.78
HITM0013687,HORD004363,PRD0847,1,1756.67,1756.67
HITM0013688,HORD004363,PRD0020,1,148.97,148.97
HITM0013689,HORD004364,PRD0092,1,651.72,651.72
HITM0013690,HORD004364,PRD0245,2,595.29,1190.58
HITM0013691,HORD004364,PRD0297,1,902.79,902.79
HITM0013692,HORD004364,PRD0981,3,2778.15,8334.45
HITM0013693,HORD004365,PRD0954,2,551.46,1102.92
HITM0013694,HORD004365,PRD0722,1,1792.17,1792.17
HITM0013695,HORD004365,PRD0356,1,246.85,246.85
HITM0013696,HORD004366,PRD0935,3,617.88,1853.64
HITM0013697,HORD004366,PRD0413,2,486.14,972.28
HITM0013698,HORD004366,PRD0959,1,182.03,182.03
HITM0013699,HORD004366,PRD1000,2,45.04,90.08
HITM0013700,HORD004366,PRD0786,1,326.86,326.86
HITM0013701,HORD004367,PRD0473,1,370.27,370.27
HITM0013702,HORD004367,PRD0201,1,1626.1,1626.1
HITM0013703,HORD004367,PRD0818,1,690.8,690.8
HITM0013704,HORD004368,PRD0392,1,1492.32,1492.32
HITM0013705,HORD004368,PRD0365,1,380.49,380.49
HITM0013706,HORD004368,PRD0532,1,386.41,386.41
HITM0013707,HORD004368,PRD0479,1,660.2,660.2
HITM0013708,HORD004369,PRD0917,1,1133.22,1133.22
HITM0013709,HORD004369,PRD0659,3,848.34,2545.02
HITM0013710,HORD004369,PRD0875,1,73.21,73.21
HITM0013711,HORD004370,PRD0430,1,348.93,348.93
HITM0013712,HORD004370,PRD0325,2,607.53,1215.06
HITM0013713,HORD004370,PRD0320,1,227.72,227.72
HITM0013714,HORD004370,PRD0899,1,1072.73,1072.73
HITM0013715,HORD004371,PRD0443,1,1233.37,1233.37
HITM0013716,HORD004371,PRD0911,2,1191.91,2383.82
HITM0013717,HORD004372,PRD0262,3,893.46,2680.38
HITM0013718,HORD004372,PRD0836,1,610.89,610.89
HITM0013719,HORD004372,PRD0271,1,1003.21,1003.21
HITM0013720,HORD004372,PRD0191,2,1064.69,2129.38
HITM0013721,HORD004372,PRD0154,1,2205.21,2205.21
HITM0013722,HORD004373,PRD0335,1,235.04,235.04
HITM0013723,HORD004373,PRD0160,1,21.4,21.4
HITM0013724,HORD004373,PRD0724,1,2896.31,2896.31
HITM0013725,HORD004373,PRD0146,3,212.69,638.07
HITM0013726,HORD004374,PRD0674,2,2519.21,5038.42
HITM0013727,HORD004374,PRD0073,1,1497.77,1497.77
HITM0013728,HORD004374,PRD0121,1,3030.38,3030.38
HITM0013729,HORD004374,PRD0173,1,270.07,270.07
HITM0013730,HORD004374,PRD0004,1,3297.7,3297.7
HITM0013731,HORD004375,PRD0616,1,819.39,819.39
HITM0013732,HORD004375,PRD0568,1,299.47,299.47
HITM0013733,HORD004376,PRD0847,1,1756.67,1756.67
HITM0013734,HORD004376,PRD0841,1,1110.67,1110.67
HITM0013735,HORD004376,PRD0006,1,35.37,35.37
HITM0013736,HORD004377,PRD0332,1,449.5,449.5
HITM0013737,HORD004377,PRD0076,3,232.75,698.25
HITM0013738,HORD004377,PRD0866,1,369.1,369.1
HITM0013739,HORD004377,PRD0399,1,1231.55,1231.55
HITM0013740,HORD004378,PRD0091,2,1158.82,2317.64
HITM0013741,HORD004378,PRD0533,1,1118.9,1118.9
HITM0013742,HORD004378,PRD0536,1,53.59,53.59
HITM0013743,HORD004378,PRD0531,1,2992.62,2992.62
HITM0013744,HORD004378,PRD0513,1,453.22,453.22
HITM0013745,HORD004379,PRD0980,1,398.63,398.63
HITM0013746,HORD004379,PRD0262,1,893.46,893.46
HITM0013747,HORD004379,PRD0370,2,233.44,466.88
HITM0013748,HORD004380,PRD0057,1,2445.72,2445.72
HITM0013749,HORD004380,PRD0537,2,717.48,1434.96
HITM0013750,HORD004380,PRD0110,1,197.81,197.81
HITM0013751,HORD004380,PRD0497,1,1779.73,1779.73
HITM0013752,HORD004380,PRD0617,1,2097.21,2097.21
HITM0013753,HORD004381,PRD0934,1,524.96,524.96
HITM0013754,HORD004382,PRD0486,1,180.26,180.26
HITM0013755,HORD004382,PRD0875,1,73.21,73.21
HITM0013756,HORD004382,PRD0249,1,1215.99,1215.99
HITM0013757,HORD004382,PRD0116,1,328.2,328.2
HITM0013758,HORD004383,PRD0920,1,123.07,123.07
HITM0013759,HORD004383,PRD0290,1,53.02,53.02
HITM0013760,HORD004384,PRD0930,1,298.86,298.86
HITM0013761,HORD004384,PRD0120,1,266.59,266.59
HITM0013762,HORD004384,PRD0490,1,63.94,63.94
HITM0013763,HORD004385,PRD0570,1,179.75,179.75
HITM0013764,HORD004385,PRD0151,1,2468.6,2468.6
HITM0013765,HORD004386,PRD0228,1,946.39,946.39
HITM0013766,HORD004386,PRD0721,2,2913.95,5827.9
HITM0013767,HORD004386,PRD0982,1,1474.96,1474.96
HITM0013768,HORD004387,PRD0517,1,2094.09,2094.09
HITM0013769,HORD004387,PRD0912,1,1391.06,1391.06
HITM0013770,HORD004387,PRD0637,2,2457.32,4914.64
HITM0013771,HORD004387,PRD0882,1,989.33,989.33
HITM0013772,HORD004387,PRD0354,1,1734.06,1734.06
HITM0013773,HORD004388,PRD0076,1,232.75,232.75
HITM0013774,HORD004388,PRD0660,2,89.27,178.54
HITM0013775,HORD004388,PRD0369,1,446.88,446.88
HITM0013776,HORD004388,PRD0445,1,589.84,589.84
HITM0013777,HORD004389,PRD0773,1,310.58,310.58
HITM0013778,HORD004389,PRD0209,1,327.08,327.08
HITM0013779,HORD004389,PRD0766,1,420.5,420.5
HITM0013780,HORD004389,PRD0067,1,2053.61,2053.61
HITM0013781,HORD004390,PRD0984,1,2245.63,2245.63
HITM0013782,HORD004390,PRD0603,1,1120.48,1120.48
HITM0013783,HORD004390,PRD0626,1,139.26,139.26
HITM0013784,HORD004390,PRD0590,2,49.98,99.96
HITM0013785,HORD004390,PRD0901,1,1749.28,1749.28
HITM0013786,HORD004391,PRD0152,1,1406.47,1406.47
HITM0013787,HORD004391,PRD0727,1,2045.32,2045.32
HITM0013788,HORD004392,PRD0685,2,987.86,1975.72
HITM0013789,HORD004392,PRD0088,1,141.39,141.39
HITM0013790,HORD004392,PRD0296,1,122.37,122.37
HITM0013791,HORD004392,PRD0752,1,933.7,933.7
HITM0013792,HORD004393,PRD0940,2,227.03,454.06
HITM0013793,HORD004393,PRD0710,2,161.67,323.34
HITM0013794,HORD004393,PRD0325,1,607.53,607.53
HITM0013795,HORD004393,PRD0922,1,693.11,693.11
HITM0013796,HORD004394,PRD0214,1,1445.79,1445.79
HITM0013797,HORD004394,PRD0299,1,150.48,150.48
HITM0013798,HORD004394,PRD0625,1,122.46,122.46
HITM0013799,HORD004395,PRD0187,2,1511.07,3022.14
HITM0013800,HORD004395,PRD0383,1,1183.76,1183.76
HITM0013801,HORD004396,PRD0964,2,887.89,1775.78
HITM0013802,HORD004396,PRD0099,1,892.92,892.92
HITM0013803,HORD004397,PRD0401,1,2894.25,2894.25
HITM0013804,HORD004397,PRD0840,1,102.1,102.1
HITM0013805,HORD004397,PRD0216,3,241.98,725.94
HITM0013806,HORD004398,PRD0090,1,136.64,136.64
HITM0013807,HORD004398,PRD0917,2,1133.22,2266.44
HITM0013808,HORD004398,PRD0398,1,341.64,341.64
HITM0013809,HORD004398,PRD0989,1,535.6,535.6
HITM0013810,HORD004399,PRD0780,1,308.34,308.34
HITM0013811,HORD004399,PRD0040,2,201.64,403.28
HITM0013812,HORD004399,PRD0835,2,240.61,481.22
HITM0013813,HORD004399,PRD0125,1,108.47,108.47
HITM0013814,HORD004400,PRD0532,1,386.41,386.41
HITM0013815,HORD004400,PRD0981,1,2778.15,2778.15
HITM0013816,HORD004400,PRD0315,1,58.99,58.99
HITM0013817,HORD004400,PRD0646,1,609.53,609.53
HITM0013818,HORD004401,PRD0925,1,56.69,56.69
HITM0013819,HORD004401,PRD0279,2,1189.02,2378.04
HITM0013820,HORD004401,PRD0790,1,55.39,55.39
HITM0013821,HORD004402,PRD0418,1,860.3,860.3
HITM0013822,HORD004402,PRD0076,1,232.75,232.75
HITM0013823,HORD004402,PRD0357,2,1006.85,2013.7
HITM0013824,HORD004402,PRD0874,1,3409.41,3409.41
HITM0013825,HORD004403,PRD0595,1,429.07,429.07
HITM0013826,HORD004403,PRD0340,1,42.57,42.57
HITM0013827,HORD004403,PRD0916,1,784.31,784.31
HITM0013828,HORD004403,PRD0920,1,123.07,123.07
HITM0013829,HORD004404,PRD0345,2,752.34,1504.68
HITM0013830,HORD004405,PRD0008,2,205.21,410.42
HITM0013831,HORD004405,PRD0220,1,187.94,187.94
HITM0013832,HORD004405,PRD0021,1,1350.17,1350.17
HITM0013833,HORD004406,PRD0169,1,445.45,445.45
HITM0013834,HORD004406,PRD0378,2,271.63,543.26
HITM0013835,HORD004406,PRD0271,3,1003.21,3009.63
HITM0013836,HORD004406,PRD0655,1,424.11,424.11
HITM0013837,HORD004406,PRD0506,1,187.88,187.88
HITM0013838,HORD004407,PRD0825,1,841.2,841.2
HITM0013839,HORD004407,PRD0819,1,269.55,269.55
HITM0013840,HORD004407,PRD0478,1,917.54,917.54
HITM0013841,HORD004407,PRD0922,1,693.11,693.11
HITM0013842,HORD004408,PRD0119,2,756.54,1513.08
HITM0013843,HORD004408,PRD0078,1,451.23,451.23
HITM0013844,HORD004408,PRD0706,2,377.51,755.02
HITM0013845,HORD004408,PRD0782,2,492.79,985.58
HITM0013846,HORD004408,PRD0890,1,176.95,176.95
HITM0013847,HORD004409,PRD0575,1,996.56,996.56
HITM0013848,HORD004409,PRD0849,2,115.9,231.8
HITM0013849,HORD004409,PRD0720,1,416.7,416.7
HITM0013850,HORD004409,PRD0475,1,357.18,357.18
HITM0013851,HORD004409,PRD0374,1,759.14,759.14
HITM0013852,HORD004410,PRD0362,1,1598.01,1598.01
HITM0013853,HORD004410,PRD0786,1,326.86,326.86
HITM0013854,HORD004410,PRD0377,1,1501.75,1501.75
HITM0013855,HORD004411,PRD0038,3,702.97,2108.91
HITM0013856,HORD004411,PRD0555,1,955.38,955.38
HITM0013857,HORD004411,PRD0998,1,366.72,366.72
HITM0013858,HORD004411,PRD0840,1,102.1,102.1
HITM0013859,HORD004411,PRD0331,1,2135.57,2135.57
HITM0013860,HORD004412,PRD0065,1,446.02,446.02
HITM0013861,HORD004412,PRD0807,1,123.14,123.14
HITM0013862,HORD004412,PRD0568,1,299.47,299.47
HITM0013863,HORD004413,PRD0958,1,733.5,733.5
HITM0013864,HORD004413,PRD0849,2,115.9,231.8
HITM0013865,HORD004413,PRD0950,1,238.05,238.05
HITM0013866,HORD004414,PRD0494,1,2689.23,2689.23
HITM0013867,HORD004415,PRD0102,1,1498.33,1498.33
HITM0013868,HORD004415,PRD0196,1,373.5,373.5
HITM0013869,HORD004416,PRD0277,1,1516.37,1516.37
HITM0013870,HORD004416,PRD0153,1,1298.08,1298.08
HITM0013871,HORD004416,PRD0345,1,752.34,752.34
HITM0013872,HORD004416,PRD0654,3,1208.24,3624.72
HITM0013873,HORD004417,PRD0676,1,117.14,117.14
HITM0013874,HORD004417,PRD0811,1,3124.99,3124.99
HITM0013875,HORD004417,PRD0305,1,346.95,346.95
HITM0013876,HORD004418,PRD0197,1,847.92,847.92
HITM0013877,HORD004418,PRD0990,1,373.88,373.88
HITM0013878,HORD004418,PRD0130,2,183.26,366.52
HITM0013879,HORD004419,PRD0364,1,914.03,914.03
HITM0013880,HORD004420,PRD0982,1,1474.96,1474.96
HITM0013881,HORD004420,PRD0388,1,341.67,341.67
HITM0013882,HORD004420,PRD0111,1,2254.79,2254.79
HITM0013883,HORD004420,PRD0279,1,1189.02,1189.02
HITM0013884,HORD004421,PRD0351,1,2529.0,2529.0
HITM0013885,HORD004421,PRD0296,1,122.37,122.37
HITM0013886,HORD004421,PRD0472,1,828.5,828.5
HITM0013887,HORD004421,PRD0844,1,3853.97,3853.97
HITM0013888,HORD004422,PRD0423,1,610.02,610.02
HITM0013889,HORD004422,PRD0390,1,153.47,153.47
HITM0013890,HORD004422,PRD0394,2,1316.11,2632.22
HITM0013891,HORD004422,PRD0883,1,1201.31,1201.31
HITM0013892,HORD004423,PRD0430,1,348.93,348.93
HITM0013893,HORD004423,PRD0196,3,373.5,1120.5
HITM0013894,HORD004423,PRD0816,1,377.97,377.97
HITM0013895,HORD004423,PRD0139,1,1069.24,1069.24
HITM0013896,HORD004424,PRD0516,1,742.63,742.63
HITM0013897,HORD004424,PRD0483,1,863.5,863.5
HITM0013898,HORD004425,PRD0858,1,363.41,363.41
HITM0013899,HORD004425,PRD0139,1,1069.24,1069.24
HITM0013900,HORD004425,PRD0788,1,1009.9,1009.9
HITM0013901,HORD004425,PRD0069,1,398.01,398.01
HITM0013902,HORD004426,PRD0976,1,714.76,714.76
HITM0013903,HORD004426,PRD0975,1,723.09,723.09
HITM0013904,HORD004426,PRD0790,2,55.39,110.78
HITM0013905,HORD004427,PRD0623,1,1330.89,1330.89
HITM0013906,HORD004427,PRD0380,1,355.83,355.83
HITM0013907,HORD004427,PRD0923,1,1561.37,1561.37
HITM0013908,HORD004428,PRD0688,1,611.89,611.89
HITM0013909,HORD004428,PRD0596,1,497.18,497.18
HITM0013910,HORD004428,PRD0046,1,192.34,192.34
HITM0013911,HORD004429,PRD0739,2,784.83,1569.66
HITM0013912,HORD004429,PRD0377,2,1501.75,3003.5
HITM0013913,HORD004430,PRD0325,3,607.53,1822.59
HITM0013914,HORD004430,PRD0604,1,2778.09,2778.09
HITM0013915,HORD004431,PRD0616,1,819.39,819.39
HITM0013916,HORD004431,PRD0398,2,341.64,683.28
HITM0013917,HORD004431,PRD0835,2,240.61,481.22
HITM0013918,HORD004432,PRD0445,1,589.84,589.84
HITM0013919,HORD004432,PRD0385,1,1062.27,1062.27
HITM0013920,HORD004432,PRD0526,1,44.24,44.24
HITM0013921,HORD004433,PRD0404,1,2672.02,2672.02
HITM0013922,HORD004433,PRD0728,1,122.0,122.0
HITM0013923,HORD004433,PRD0945,1,693.93,693.93
HITM0013924,HORD004434,PRD0507,1,135.21,135.21
HITM0013925,HORD004434,PRD0745,1,494.7,494.7
HITM0013926,HORD004434,PRD0440,1,112.71,112.71
HITM0013927,HORD004434,PRD0643,2,530.41,1060.82
HITM0013928,HORD004435,PRD0756,1,61.89,61.89
HITM0013929,HORD004435,PRD0875,1,73.21,73.21
HITM0013930,HORD004435,PRD0969,1,99.89,99.89
HITM0013931,HORD004435,PRD0660,1,89.27,89.27
HITM0013932,HORD004436,PRD0502,2,553.17,1106.34
HITM0013933,HORD004436,PRD0865,2,1074.97,2149.94
HITM0013934,HORD004436,PRD0966,1,706.39,706.39
HITM0013935,HORD004436,PRD0898,1,197.48,197.48
HITM0013936,HORD004437,PRD0845,2,45.19,90.38
HITM0013937,HORD004437,PRD0840,1,102.1,102.1
HITM0013938,HORD004437,PRD0910,2,28.09,56.18
HITM0013939,HORD004437,PRD0826,1,89.12,89.12
HITM0013940,HORD004437,PRD0255,1,426.01,426.01
HITM0013941,HORD004438,PRD0617,1,2097.21,2097.21
HITM0013942,HORD004438,PRD0854,1,651.27,651.27
HITM0013943,HORD004438,PRD0626,1,139.26,139.26
HITM0013944,HORD004439,PRD0808,1,69.84,69.84
HITM0013945,HORD004439,PRD0160,1,21.4,21.4
HITM0013946,HORD004439,PRD0764,1,472.57,472.57
HITM0013947,HORD004440,PRD0606,1,49.01,49.01
HITM0013948,HORD004441,PRD0977,3,327.77,983.31
HITM0013949,HORD004441,PRD0044,2,649.62,1299.24
HITM0013950,HORD004441,PRD0288,1,151.78,151.78
HITM0013951,HORD004442,PRD0003,1,342.16,342.16
HITM0013952,HORD004442,PRD0446,1,172.12,172.12
HITM0013953,HORD004442,PRD0888,1,734.2,734.2
HITM0013954,HORD004442,PRD0807,2,123.14,246.28
HITM0013955,HORD004443,PRD0925,1,56.69,56.69
HITM0013956,HORD004443,PRD0716,2,120.76,241.52
HITM0013957,HORD004443,PRD0920,1,123.07,123.07
HITM0013958,HORD004444,PRD0611,1,1417.98,1417.98
HITM0013959,HORD004444,PRD0540,1,301.77,301.77
HITM0013960,HORD004444,PRD0488,1,780.13,780.13
HITM0013961,HORD004444,PRD0544,1,650.3,650.3
HITM0013962,HORD004444,PRD0363,1,489.25,489.25
HITM0013963,HORD004445,PRD0450,2,56.05,112.1
HITM0013964,HORD004445,PRD0174,1,733.71,733.71
HITM0013965,HORD004445,PRD0903,1,332.35,332.35
HITM0013966,HORD004446,PRD0296,1,122.37,122.37
HITM0013967,HORD004446,PRD0468,1,388.69,388.69
HITM0013968,HORD004447,PRD0348,1,857.27,857.27
HITM0013969,HORD004447,PRD0587,2,1244.16,2488.32
HITM0013970,HORD004447,PRD0263,1,618.52,618.52
HITM0013971,HORD004447,PRD0506,1,187.88,187.88
HITM0013972,HORD004447,PRD0256,2,432.88,865.76
HITM0013973,HORD004448,PRD0228,3,946.39,2839.17
HITM0013974,HORD004448,PRD0985,2,77.36,154.72
HITM0013975,HORD004449,PRD0775,1,668.73,668.73
HITM0013976,HORD004449,PRD0445,1,589.84,589.84
HITM0013977,HORD004449,PRD0436,2,112.2,224.4
HITM0013978,HORD004449,PRD0935,1,617.88,617.88
HITM0013979,HORD004450,PRD0510,1,112.56,112.56
HITM0013980,HORD004450,PRD0439,1,323.08,323.08
HITM0013981,HORD004450,PRD0293,1,644.4,644.4
HITM0013982,HORD004450,PRD0252,1,879.59,879.59
HITM0013983,HORD004451,PRD0962,1,1137.0,1137.0
HITM0013984,HORD004451,PRD0526,1,44.24,44.24
HITM0013985,HORD004451,PRD0801,2,1592.9,3185.8
HITM0013986,HORD004452,PRD0620,1,339.14,339.14
HITM0013987,HORD004452,PRD0085,2,655.93,1311.86
HITM0013988,HORD004452,PRD0536,1,53.59,53.59
HITM0013989,HORD004453,PRD0178,1,176.94,176.94
HITM0013990,HORD004453,PRD0898,1,197.48,197.48
HITM0013991,HORD004453,PRD0002,2,1052.85,2105.7
HITM0013992,HORD004453,PRD0094,1,1868.0,1868.0
HITM0013993,HORD004453,PRD0925,1,56.69,56.69
HITM0013994,HORD004454,PRD0660,1,89.27,89.27
HITM0013995,HORD004454,PRD0619,1,238.4,238.4
HITM0013996,HORD004454,PRD0622,1,1298.2,1298.2
HITM0013997,HORD004455,PRD0120,1,266.59,266.59
HITM0013998,HORD004455,PRD0428,1,491.35,491.35
HITM0013999,HORD004455,PRD0010,1,39.45,39.45
HITM0014000,HORD004456,PRD0810,1,393.15,393.15
HITM0014001,HORD004456,PRD0072,1,982.29,982.29
HITM0014002,HORD004456,PRD0940,1,227.03,227.03
HITM0014003,HORD004456,PRD0287,1,2154.08,2154.08
HITM0014004,HORD004456,PRD0138,2,99.85,199.7
HITM0014005,HORD004457,PRD0567,1,1572.22,1572.22
HITM0014006,HORD004457,PRD0134,1,878.86,878.86
HITM0014007,HORD004457,PRD0858,1,363.41,363.41
HITM0014008,HORD004457,PRD0581,1,2366.29,2366.29
HITM0014009,HORD004457,PRD0752,1,933.7,933.7
HITM0014010,HORD004458,PRD0655,1,424.11,424.11
HITM0014011,HORD004458,PRD0876,1,146.18,146.18
HITM0014012,HORD004459,PRD0045,1,306.29,306.29
HITM0014013,HORD004459,PRD0262,1,893.46,893.46
HITM0014014,HORD004459,PRD0560,2,258.29,516.58
HITM0014015,HORD004460,PRD0030,1,239.93,239.93
HITM0014016,HORD004460,PRD0600,1,222.54,222.54
HITM0014017,HORD004460,PRD0431,2,2880.93,5761.86
HITM0014018,HORD004461,PRD0934,1,524.96,524.96
HITM0014019,HORD004461,PRD0866,1,369.1,369.1
HITM0014020,HORD004461,PRD0186,2,778.69,1557.38
HITM0014021,HORD004461,PRD0435,1,676.32,676.32
HITM0014022,HORD004462,PRD0024,3,935.75,2807.25
HITM0014023,HORD004462,PRD0209,1,327.08,327.08
HITM0014024,HORD004462,PRD0072,1,982.29,982.29
HITM0014025,HORD004462,PRD0331,1,2135.57,2135.57
HITM0014026,HORD004463,PRD0020,1,148.97,148.97
HITM0014027,HORD004463,PRD0060,1,207.18,207.18
HITM0014028,HORD004463,PRD0583,1,1484.65,1484.65
HITM0014029,HORD004463,PRD0270,2,218.48,436.96
HITM0014030,HORD004464,PRD0046,1,192.34,192.34
HITM0014031,HORD004464,PRD0716,1,120.76,120.76
HITM0014032,HORD004464,PRD0529,1,1028.26,1028.26
HITM0014033,HORD004465,PRD0498,1,309.85,309.85
HITM0014034,HORD004466,PRD0898,2,197.48,394.96
HITM0014035,HORD004466,PRD0877,2,1849.07,3698.14
HITM0014036,HORD004467,PRD0547,1,394.5,394.5
HITM0014037,HORD004467,PRD0426,3,726.65,2179.95
HITM0014038,HORD004468,PRD0466,1,460.08,460.08
HITM0014039,HORD004468,PRD0939,1,522.59,522.59
HITM0014040,HORD004468,PRD0568,1,299.47,299.47
HITM0014041,HORD004468,PRD0387,2,2107.82,4215.64
HITM0014042,HORD004469,PRD0536,1,53.59,53.59
HITM0014043,HORD004469,PRD0216,1,241.98,241.98
HITM0014044,HORD004470,PRD0562,1,1881.67,1881.67
HITM0014045,HORD004470,PRD0233,1,1412.0,1412.0
HITM0014046,HORD004470,PRD0996,1,440.1,440.1
HITM0014047,HORD004470,PRD0575,1,996.56,996.56
HITM0014048,HORD004471,PRD0276,1,530.49,530.49
HITM0014049,HORD004472,PRD0918,1,911.04,911.04
HITM0014050,HORD004472,PRD0753,1,372.43,372.43
HITM0014051,HORD004472,PRD0973,1,573.55,573.55
HITM0014052,HORD004472,PRD0715,2,809.62,1619.24
HITM0014053,HORD004473,PRD0616,1,819.39,819.39
HITM0014054,HORD004473,PRD0921,1,3109.79,3109.79
HITM0014055,HORD004473,PRD0674,1,2519.21,2519.21
HITM0014056,HORD004473,PRD0635,1,576.88,576.88
HITM0014057,HORD004473,PRD0502,2,553.17,1106.34
HITM0014058,HORD004474,PRD0314,2,4090.98,8181.96
HITM0014059,HORD004474,PRD0147,1,1910.7,1910.7
HITM0014060,HORD004474,PRD0832,1,1613.0,1613.0
HITM0014061,HORD004475,PRD0381,1,2300.27,2300.27
HITM0014062,HORD004475,PRD0909,1,346.13,346.13
HITM0014063,HORD004476,PRD0785,2,739.95,1479.9
HITM0014064,HORD004476,PRD0450,1,56.05,56.05
HITM0014065,HORD004476,PRD0704,2,4048.59,8097.18
HITM0014066,HORD004476,PRD0227,1,922.85,922.85
HITM0014067,HORD004477,PRD0453,2,904.43,1808.86
HITM0014068,HORD004477,PRD0880,1,132.59,132.59
HITM0014069,HORD004477,PRD0519,1,268.64,268.64
HITM0014070,HORD004478,PRD0530,1,220.26,220.26
HITM0014071,HORD004478,PRD0070,2,396.61,793.22
HITM0014072,HORD004479,PRD0945,1,693.93,693.93
HITM0014073,HORD004479,PRD0632,1,1640.52,1640.52
HITM0014074,HORD004479,PRD0020,1,148.97,148.97
HITM0014075,HORD004480,PRD0460,1,289.71,289.71
HITM0014076,HORD004480,PRD0634,3,3567.92,10703.76
HITM0014077,HORD004480,PRD0220,1,187.94,187.94
HITM0014078,HORD004480,PRD0978,2,655.83,1311.66
HITM0014079,HORD004481,PRD0348,1,857.27,857.27
HITM0014080,HORD004481,PRD0619,1,238.4,238.4
HITM0014081,HORD004482,PRD0733,2,1110.2,2220.4
HITM0014082,HORD004482,PRD0396,1,485.87,485.87
HITM0014083,HORD004482,PRD0546,1,361.61,361.61
HITM0014084,HORD004482,PRD0374,1,759.14,759.14
HITM0014085,HORD004482,PRD0076,1,232.75,232.75
HITM0014086,HORD004483,PRD0171,2,2475.28,4950.56
HITM0014087,HORD004483,PRD0012,2,1122.89,2245.78
HITM0014088,HORD004483,PRD0269,2,473.87,947.74
HITM0014089,HORD004483,PRD0420,3,277.28,831.84
HITM0014090,HORD004484,PRD0877,1,1849.07,1849.07
HITM0014091,HORD004484,PRD0058,1,913.94,913.94
HITM0014092,HORD004484,PRD0519,2,268.64,537.28
HITM0014093,HORD004485,PRD0949,1,589.87,589.87
HITM0014094,HORD004485,PRD0161,1,2870.46,2870.46
HITM0014095,HORD004485,PRD0102,1,1498.33,1498.33
HITM0014096,HORD004485,PRD0086,1,92.8,92.8
HITM0014097,HORD004485,PRD0072,2,982.29,1964.58
HITM0014098,HORD004486,PRD0159,1,897.22,897.22
HITM0014099,HORD004486,PRD0537,2,717.48,1434.96
HITM0014100,HORD004486,PRD0136,1,339.97,339.97
HITM0014101,HORD004487,PRD0145,1,624.72,624.72
HITM0014102,HORD004487,PRD0745,1,494.7,494.7
HITM0014103,HORD004488,PRD0927,2,138.39,276.78
HITM0014104,HORD004488,PRD0019,1,353.47,353.47
HITM0014105,HORD004488,PRD0395,1,1111.47,1111.47
HITM0014106,HORD004489,PRD0939,1,522.59,522.59
HITM0014107,HORD004489,PRD0819,1,269.55,269.55
HITM0014108,HORD004489,PRD0683,2,571.77,1143.54
HITM0014109,HORD004490,PRD0415,1,191.7,191.7
HITM0014110,HORD004490,PRD0315,1,58.99,58.99
HITM0014111,HORD004490,PRD0929,1,131.55,131.55
HITM0014112,HORD004491,PRD0720,2,416.7,833.4
HITM0014113,HORD004491,PRD0126,1,499.59,499.59
HITM0014114,HORD004491,PRD0488,1,780.13,780.13
HITM0014115,HORD004491,PRD0302,1,462.63,462.63
HITM0014116,HORD004492,PRD0982,1,1474.96,1474.96
HITM0014117,HORD004492,PRD0864,1,631.67,631.67
HITM0014118,HORD004492,PRD0294,1,1563.92,1563.92
HITM0014119,HORD004493,PRD0335,3,235.04,705.12
HITM0014120,HORD004493,PRD0809,1,1365.76,1365.76
HITM0014121,HORD004493,PRD0010,3,39.45,118.35
HITM0014122,HORD004494,PRD0450,1,56.05,56.05
HITM0014123,HORD004495,PRD0876,1,146.18,146.18
HITM0014124,HORD004496,PRD0080,2,122.76,245.52
HITM0014125,HORD004496,PRD0134,1,878.86,878.86
HITM0014126,HORD004497,PRD0158,1,224.45,224.45
HITM0014127,HORD004497,PRD0455,1,243.16,243.16
HITM0014128,HORD004497,PRD0815,1,962.19,962.19
HITM0014129,HORD004498,PRD0984,1,2245.63,2245.63
HITM0014130,HORD004498,PRD0135,1,715.95,715.95
HITM0014131,HORD004498,PRD0385,1,1062.27,1062.27
HITM0014132,HORD004499,PRD0940,1,227.03,227.03
HITM0014133,HORD004499,PRD0109,2,353.29,706.58
HITM0014134,HORD004499,PRD0098,2,1046.87,2093.74
HITM0014135,HORD004499,PRD0846,1,417.95,417.95
HITM0014136,HORD004500,PRD0760,1,187.91,187.91
HITM0014137,HORD004500,PRD0628,1,904.82,904.82
HITM0014138,HORD004500,PRD0736,1,171.3,171.3
HITM0014139,HORD004500,PRD0815,1,962.19,962.19
HITM0014140,HORD004501,PRD0178,1,176.94,176.94
HITM0014141,HORD004501,PRD0526,1,44.24,44.24
HITM0014142,HORD004501,PRD0140,2,347.21,694.42
HITM0014143,HORD004502,PRD0372,3,330.93,992.79
HITM0014144,HORD004502,PRD0200,1,231.67,231.67
HITM0014145,HORD004502,PRD0361,1,2052.76,2052.76
HITM0014146,HORD004503,PRD0716,1,120.76,120.76
HITM0014147,HORD004503,PRD0210,3,371.54,1114.62
HITM0014148,HORD004503,PRD0640,1,23.59,23.59
HITM0014149,HORD004503,PRD0459,1,461.78,461.78
HITM0014150,HORD004504,PRD0409,3,165.4,496.2
HITM0014151,HORD004504,PRD0520,1,188.8,188.8
HITM0014152,HORD004504,PRD0705,1,387.12,387.12
HITM0014153,HORD004505,PRD0962,1,1137.0,1137.0
HITM0014154,HORD004505,PRD0268,2,226.89,453.78
HITM0014155,HORD004505,PRD0686,3,208.32,624.96
HITM0014156,HORD004505,PRD0133,1,334.91,334.91
HITM0014157,HORD004506,PRD0125,1,108.47,108.47
HITM0014158,HORD004507,PRD0075,1,360.03,360.03
HITM0014159,HORD004507,PRD0003,1,342.16,342.16
HITM0014160,HORD004507,PRD0228,1,946.39,946.39
HITM0014161,HORD004507,PRD0437,1,892.67,892.67
HITM0014162,HORD004508,PRD0490,1,63.94,63.94
HITM0014163,HORD004508,PRD0057,2,2445.72,4891.44
HITM0014164,HORD004508,PRD0028,1,160.23,160.23
HITM0014165,HORD004508,PRD0629,1,402.79,402.79
HITM0014166,HORD004509,PRD0716,1,120.76,120.76
HITM0014167,HORD004509,PRD0040,2,201.64,403.28
HITM0014168,HORD004509,PRD0215,2,616.18,1232.36
HITM0014169,HORD004509,PRD0472,2,828.5,1657.0
HITM0014170,HORD004510,PRD0245,1,595.29,595.29
HITM0014171,HORD004510,PRD0274,1,416.56,416.56
HITM0014172,HORD004510,PRD0502,1,553.17,553.17
HITM0014173,HORD004510,PRD0467,1,590.42,590.42
HITM0014174,HORD004511,PRD0262,1,893.46,893.46
HITM0014175,HORD004511,PRD0921,1,3109.79,3109.79
HITM0014176,HORD004511,PRD0252,1,879.59,879.59
HITM0014177,HORD004512,PRD0134,1,878.86,878.86
HITM0014178,HORD004512,PRD0807,1,123.14,123.14
HITM0014179,HORD004513,PRD0438,1,104.09,104.09
HITM0014180,HORD004514,PRD0559,1,109.7,109.7
HITM0014181,HORD004514,PRD0450,1,56.05,56.05
HITM0014182,HORD004514,PRD0075,1,360.03,360.03
HITM0014183,HORD004514,PRD0113,1,756.1,756.1
HITM0014184,HORD004515,PRD0151,1,2468.6,2468.6
HITM0014185,HORD004516,PRD0034,1,3278.22,3278.22
HITM0014186,HORD004516,PRD0649,1,985.02,985.02
HITM0014187,HORD004516,PRD0689,1,277.28,277.28
HITM0014188,HORD004516,PRD0402,2,782.5,1565.0
HITM0014189,HORD004517,PRD0626,1,139.26,139.26
HITM0014190,HORD004517,PRD0276,1,530.49,530.49
HITM0014191,HORD004517,PRD0603,1,1120.48,1120.48
HITM0014192,HORD004518,PRD0850,1,37.87,37.87
HITM0014193,HORD004518,PRD0517,1,2094.09,2094.09
HITM0014194,HORD004518,PRD0219,2,888.21,1776.42
HITM0014195,HORD004518,PRD0620,1,339.14,339.14
HITM0014196,HORD004519,PRD0180,1,356.72,356.72
HITM0014197,HORD004519,PRD0207,1,1636.46,1636.46
HITM0014198,HORD004519,PRD0684,1,3458.02,3458.02
HITM0014199,HORD004519,PRD0725,1,282.7,282.7
HITM0014200,HORD004520,PRD0625,1,122.46,122.46
HITM0014201,HORD004520,PRD0233,1,1412.0,1412.0
HITM0014202,HORD004521,PRD0820,2,31.29,62.58
HITM0014203,HORD004521,PRD0292,1,643.6,643.6
HITM0014204,HORD004521,PRD0402,1,782.5,782.5
HITM0014205,HORD004521,PRD0762,2,848.37,1696.74
HITM0014206,HORD004521,PRD0009,1,354.96,354.96
HITM0014207,HORD004522,PRD0666,1,688.32,688.32
HITM0014208,HORD004522,PRD0974,2,1232.06,2464.12
HITM0014209,HORD004522,PRD0917,1,1133.22,1133.22
HITM0014210,HORD004523,PRD0923,1,1561.37,1561.37
HITM0014211,HORD004523,PRD0574,2,1085.51,2171.02
HITM0014212,HORD004523,PRD0296,1,122.37,122.37
HITM0014213,HORD004524,PRD0479,1,660.2,660.2
HITM0014214,HORD004524,PRD0694,1,1978.51,1978.51
HITM0014215,HORD004524,PRD0637,1,2457.32,2457.32
HITM0014216,HORD004525,PRD0051,1,1390.84,1390.84
HITM0014217,HORD004525,PRD0016,1,346.08,346.08
HITM0014218,HORD004525,PRD0174,2,733.71,1467.42
HITM0014219,HORD004525,PRD0182,1,986.88,986.88
HITM0014220,HORD004525,PRD0070,1,396.61,396.61
HITM0014221,HORD004526,PRD0886,1,389.53,389.53
HITM0014222,HORD004526,PRD0142,1,1283.99,1283.99
HITM0014223,HORD004526,PRD0547,1,394.5,394.5
HITM0014224,HORD004527,PRD0454,1,1438.89,1438.89
HITM0014225,HORD004527,PRD0274,2,416.56,833.12
HITM0014226,HORD004527,PRD0252,1,879.59,879.59
HITM0014227,HORD004527,PRD0025,3,404.64,1213.92
HITM0014228,HORD004528,PRD0486,1,180.26,180.26
HITM0014229,HORD004528,PRD0483,1,863.5,863.5
HITM0014230,HORD004528,PRD0097,1,458.08,458.08
HITM0014231,HORD004529,PRD0368,2,759.57,1519.14
HITM0014232,HORD004529,PRD0498,1,309.85,309.85
HITM0014233,HORD004529,PRD0255,1,426.01,426.01
HITM0014234,HORD004529,PRD0135,1,715.95,715.95
HITM0014235,HORD004529,PRD0807,1,123.14,123.14
HITM0014236,HORD004530,PRD0109,1,353.29,353.29
HITM0014237,HORD004530,PRD0886,1,389.53,389.53
HITM0014238,HORD004530,PRD0986,2,419.88,839.76
HITM0014239,HORD004530,PRD0665,1,191.97,191.97
HITM0014240,HORD004530,PRD0768,1,73.54,73.54
HITM0014241,HORD004531,PRD0173,1,270.07,270.07
HITM0014242,HORD004531,PRD0746,1,187.06,187.06
HITM0014243,HORD004531,PRD0207,2,1636.46,3272.92
HITM0014244,HORD004531,PRD0292,1,643.6,643.6
HITM0014245,HORD004532,PRD0173,2,270.07,540.14
HITM0014246,HORD004532,PRD0178,2,176.94,353.88
HITM0014247,HORD004532,PRD0868,1,594.16,594.16
HITM0014248,HORD004532,PRD0020,1,148.97,148.97
HITM0014249,HORD004533,PRD0081,1,1855.65,1855.65
HITM0014250,HORD004533,PRD0248,1,207.33,207.33
HITM0014251,HORD004534,PRD0168,1,451.79,451.79
HITM0014252,HORD004534,PRD0830,1,146.02,146.02
HITM0014253,HORD004534,PRD0600,1,222.54,222.54
HITM0014254,HORD004535,PRD0419,1,1353.51,1353.51
HITM0014255,HORD004535,PRD0094,1,1868.0,1868.0
HITM0014256,HORD004535,PRD0449,1,792.41,792.41
HITM0014257,HORD004535,PRD0603,1,1120.48,1120.48
HITM0014258,HORD004536,PRD0183,1,667.61,667.61
HITM0014259,HORD004536,PRD0881,2,1385.81,2771.62
HITM0014260,HORD004536,PRD0955,1,502.79,502.79
HITM0014261,HORD004536,PRD0330,1,51.67,51.67
HITM0014262,HORD004537,PRD0239,1,984.36,984.36
HITM0014263,HORD004537,PRD0708,1,1093.2,1093.2
HITM0014264,HORD004538,PRD0591,1,2930.44,2930.44
HITM0014265,HORD004538,PRD0241,1,2620.83,2620.83
HITM0014266,HORD004539,PRD0210,2,371.54,743.08
HITM0014267,HORD004540,PRD0457,1,1285.45,1285.45
HITM0014268,HORD004540,PRD0032,1,742.08,742.08
HITM0014269,HORD004540,PRD0006,1,35.37,35.37
HITM0014270,HORD004541,PRD0742,3,1054.62,3163.86
HITM0014271,HORD004541,PRD0449,1,792.41,792.41
HITM0014272,HORD004542,PRD0220,1,187.94,187.94
HITM0014273,HORD004542,PRD0440,3,112.71,338.13
HITM0014274,HORD004542,PRD0090,1,136.64,136.64
HITM0014275,HORD004542,PRD0739,1,784.83,784.83
HITM0014276,HORD004542,PRD0933,1,1243.12,1243.12
HITM0014277,HORD004543,PRD0862,1,612.88,612.88
HITM0014278,HORD004543,PRD0430,1,348.93,348.93
HITM0014279,HORD004543,PRD0450,1,56.05,56.05
HITM0014280,HORD004543,PRD0428,1,491.35,491.35
HITM0014281,HORD004543,PRD0647,1,754.04,754.04
HITM0014282,HORD004544,PRD1000,1,45.04,45.04
HITM0014283,HORD004544,PRD0855,1,204.55,204.55
HITM0014284,HORD004544,PRD0193,2,575.14,1150.28
HITM0014285,HORD004544,PRD0593,2,416.84,833.68
HITM0014286,HORD004545,PRD0131,1,2191.15,2191.15
HITM0014287,HORD004545,PRD0794,2,4029.39,8058.78
HITM0014288,HORD004545,PRD0752,1,933.7,933.7
HITM0014289,HORD004545,PRD0196,1,373.5,373.5
HITM0014290,HORD004546,PRD0110,3,197.81,593.43
HITM0014291,HORD004546,PRD0730,1,388.14,388.14
HITM0014292,HORD004546,PRD0553,1,1597.7,1597.7
HITM0014293,HORD004547,PRD0286,1,666.41,666.41
HITM0014294,HORD004547,PRD0805,1,1065.34,1065.34
HITM0014295,HORD004547,PRD0578,1,383.34,383.34
HITM0014296,HORD004547,PRD0624,1,2196.66,2196.66
HITM0014297,HORD004547,PRD0565,1,515.91,515.91
HITM0014298,HORD004548,PRD0102,1,1498.33,1498.33
HITM0014299,HORD004548,PRD0532,1,386.41,386.41
HITM0014300,HORD004548,PRD0164,1,3982.07,3982.07
HITM0014301,HORD004549,PRD0180,1,356.72,356.72
HITM0014302,HORD004549,PRD0719,1,876.46,876.46
HITM0014303,HORD004549,PRD0790,1,55.39,55.39
HITM0014304,HORD004549,PRD0833,1,1417.93,1417.93
HITM0014305,HORD004550,PRD0062,1,551.76,551.76
HITM0014306,HORD004550,PRD0767,1,380.35,380.35
HITM0014307,HORD004550,PRD0454,2,1438.89,2877.78
HITM0014308,HORD004550,PRD0097,1,458.08,458.08
HITM0014309,HORD004551,PRD0639,1,1114.83,1114.83
HITM0014310,HORD004551,PRD0822,1,1288.35,1288.35
HITM0014311,HORD004551,PRD0574,1,1085.51,1085.51
HITM0014312,HORD004551,PRD0476,3,658.84,1976.52
HITM0014313,HORD004552,PRD0539,1,369.11,369.11
HITM0014314,HORD004552,PRD0046,2,192.34,384.68
HITM0014315,HORD004552,PRD0120,1,266.59,266.59
HITM0014316,HORD004553,PRD0430,2,348.93,697.86
HITM0014317,HORD004553,PRD0919,1,192.13,192.13
HITM0014318,HORD004553,PRD0866,1,369.1,369.1
HITM0014319,HORD004554,PRD0661,2,1942.53,3885.06
HITM0014320,HORD004554,PRD0523,2,1405.5,2811.0
HITM0014321,HORD004554,PRD0050,1,289.02,289.02
HITM0014322,HORD004554,PRD0228,3,946.39,2839.17
HITM0014323,HORD004554,PRD0678,1,904.89,904.89
HITM0014324,HORD004555,PRD0664,1,3200.22,3200.22
HITM0014325,HORD004555,PRD0771,3,1690.63,5071.89
HITM0014326,HORD004555,PRD0575,1,996.56,996.56
HITM0014327,HORD004555,PRD0806,1,499.24,499.24
HITM0014328,HORD004556,PRD0796,2,46.19,92.38
HITM0014329,HORD004556,PRD0207,3,1636.46,4909.38
HITM0014330,HORD004556,PRD0392,1,1492.32,1492.32
HITM0014331,HORD004557,PRD0393,1,793.28,793.28
HITM0014332,HORD004557,PRD0075,1,360.03,360.03
HITM0014333,HORD004557,PRD0970,1,107.81,107.81
HITM0014334,HORD004557,PRD0380,1,355.83,355.83
HITM0014335,HORD004557,PRD0037,1,873.28,873.28
HITM0014336,HORD004558,PRD0782,1,492.79,492.79
HITM0014337,HORD004558,PRD0755,2,229.0,458.0
HITM0014338,HORD004558,PRD0281,1,3193.12,3193.12
HITM0014339,HORD004558,PRD0191,1,1064.69,1064.69
HITM0014340,HORD004558,PRD0651,1,1981.28,1981.28
HITM0014341,HORD004559,PRD0149,1,1414.32,1414.32
HITM0014342,HORD004559,PRD0093,1,401.55,401.55
HITM0014343,HORD004560,PRD0960,1,321.52,321.52
HITM0014344,HORD004561,PRD0025,1,404.64,404.64
HITM0014345,HORD004561,PRD0490,1,63.94,63.94
HITM0014346,HORD004561,PRD0530,2,220.26,440.52
HITM0014347,HORD004561,PRD0550,3,229.62,688.86
HITM0014348,HORD004562,PRD0342,2,615.51,1231.02
HITM0014349,HORD004562,PRD0617,1,2097.21,2097.21
HITM0014350,HORD004562,PRD0567,1,1572.22,1572.22
HITM0014351,HORD004562,PRD0571,2,2499.58,4999.16
HITM0014352,HORD004562,PRD0897,1,351.24,351.24
HITM0014353,HORD004563,PRD0365,1,380.49,380.49
HITM0014354,HORD004563,PRD0874,1,3409.41,3409.41
HITM0014355,HORD004564,PRD0009,2,354.96,709.92
HITM0014356,HORD004564,PRD0440,1,112.71,112.71
HITM0014357,HORD004564,PRD0269,1,473.87,473.87
HITM0014358,HORD004564,PRD0047,1,663.9,663.9
HITM0014359,HORD004565,PRD0688,2,611.89,1223.78
HITM0014360,HORD004565,PRD0381,1,2300.27,2300.27
HITM0014361,HORD004565,PRD0525,2,135.44,270.88
HITM0014362,HORD004566,PRD0921,1,3109.79,3109.79
HITM0014363,HORD004566,PRD0247,1,1546.72,1546.72
HITM0014364,HORD004566,PRD0492,1,541.59,541.59
HITM0014365,HORD004566,PRD0033,1,1096.91,1096.91
HITM0014366,HORD004567,PRD0531,1,2992.62,2992.62
HITM0014367,HORD004567,PRD0696,1,119.65,119.65
HITM0014368,HORD004567,PRD0802,1,715.6,715.6
HITM0014369,HORD004567,PRD0559,2,109.7,219.4
HITM0014370,HORD004567,PRD0618,1,208.79,208.79
HITM0014371,HORD004568,PRD0463,1,564.14,564.14
HITM0014372,HORD004568,PRD0689,1,277.28,277.28
HITM0014373,HORD004568,PRD0886,1,389.53,389.53
HITM0014374,HORD004568,PRD0065,3,446.02,1338.06
HITM0014375,HORD004569,PRD0278,1,83.35,83.35
HITM0014376,HORD004570,PRD0045,2,306.29,612.58
HITM0014377,HORD004570,PRD0833,1,1417.93,1417.93
HITM0014378,HORD004570,PRD0796,1,46.19,46.19
HITM0014379,HORD004571,PRD0959,1,182.03,182.03
HITM0014380,HORD004571,PRD0610,2,167.07,334.14
HITM0014381,HORD004571,PRD0954,1,551.46,551.46
HITM0014382,HORD004572,PRD0589,1,824.97,824.97
HITM0014383,HORD004572,PRD0450,1,56.05,56.05
HITM0014384,HORD004572,PRD0240,1,116.74,116.74
HITM0014385,HORD004572,PRD0713,2,1129.25,2258.5
HITM0014386,HORD004573,PRD0640,1,23.59,23.59
HITM0014387,HORD004573,PRD0744,1,3085.44,3085.44
HITM0014388,HORD004573,PRD0346,1,519.06,519.06
HITM0014389,HORD004574,PRD0695,1,908.69,908.69
HITM0014390,HORD004574,PRD0525,2,135.44,270.88
HITM0014391,HORD004575,PRD0679,1,1399.86,1399.86
HITM0014392,HORD004575,PRD0144,2,816.73,1633.46
HITM0014393,HORD004575,PRD0981,3,2778.15,8334.45
HITM0014394,HORD004576,PRD0026,1,122.12,122.12
HITM0014395,HORD004576,PRD0955,1,502.79,502.79
HITM0014396,HORD004576,PRD0537,1,717.48,717.48
HITM0014397,HORD004576,PRD0418,1,860.3,860.3
HITM0014398,HORD004577,PRD0283,1,405.7,405.7
HITM0014399,HORD004577,PRD0375,3,404.28,1212.84
HITM0014400,HORD004577,PRD0294,1,1563.92,1563.92
HITM0014401,HORD004577,PRD0660,2,89.27,178.54
HITM0014402,HORD004578,PRD0614,1,2452.5,2452.5
HITM0014403,HORD004578,PRD0173,1,270.07,270.07
HITM0014404,HORD004578,PRD0306,1,422.96,422.96
HITM0014405,HORD004578,PRD0076,1,232.75,232.75
HITM0014406,HORD004579,PRD0559,2,109.7,219.4
HITM0014407,HORD004579,PRD0314,1,4090.98,4090.98
HITM0014408,HORD004579,PRD0691,1,2519.24,2519.24
HITM0014409,HORD004579,PRD0943,1,578.85,578.85
HITM0014410,HORD004580,PRD0660,1,89.27,89.27
HITM0014411,HORD004580,PRD0207,2,1636.46,3272.92
HITM0014412,HORD004581,PRD0190,1,34.34,34.34
HITM0014413,HORD004581,PRD0858,3,363.41,1090.23
HITM0014414,HORD004581,PRD0135,2,715.95,1431.9
HITM0014415,HORD004581,PRD0922,1,693.11,693.11
HITM0014416,HORD004582,PRD0562,1,1881.67,1881.67
HITM0014417,HORD004582,PRD0779,2,234.12,468.24
HITM0014418,HORD004582,PRD0905,1,470.11,470.11
HITM0014419,HORD004583,PRD0022,2,778.88,1557.76
HITM0014420,HORD004583,PRD0510,3,112.56,337.68
HITM0014421,HORD004583,PRD0305,1,346.95,346.95
HITM0014422,HORD004584,PRD0756,1,61.89,61.89
HITM0014423,HORD004584,PRD0083,1,1406.78,1406.78
HITM0014424,HORD004584,PRD0203,1,489.43,489.43
HITM0014425,HORD004584,PRD0951,1,2559.57,2559.57
HITM0014426,HORD004584,PRD0626,1,139.26,139.26
HITM0014427,HORD004585,PRD0409,2,165.4,330.8
HITM0014428,HORD004585,PRD0986,1,419.88,419.88
HITM0014429,HORD004585,PRD0290,2,53.02,106.04
HITM0014430,HORD004586,PRD0073,1,1497.77,1497.77
HITM0014431,HORD004586,PRD0230,1,34.01,34.01
HITM0014432,HORD004587,PRD0138,1,99.85,99.85
HITM0014433,HORD004587,PRD0183,1,667.61,667.61
HITM0014434,HORD004588,PRD0660,1,89.27,89.27
HITM0014435,HORD004588,PRD0546,1,361.61,361.61
HITM0014436,HORD004588,PRD0775,1,668.73,668.73
HITM0014437,HORD004588,PRD0889,1,518.76,518.76
HITM0014438,HORD004589,PRD0189,1,634.68,634.68
HITM0014439,HORD004589,PRD0331,1,2135.57,2135.57
HITM0014440,HORD004590,PRD0077,1,604.37,604.37
HITM0014441,HORD004590,PRD0705,1,387.12,387.12
HITM0014442,HORD004591,PRD0522,1,1270.84,1270.84
HITM0014443,HORD004591,PRD0678,2,904.89,1809.78
HITM0014444,HORD004591,PRD0041,1,3019.84,3019.84
HITM0014445,HORD004591,PRD0801,1,1592.9,1592.9
HITM0014446,HORD004592,PRD0357,1,1006.85,1006.85
HITM0014447,HORD004592,PRD0526,1,44.24,44.24
HITM0014448,HORD004592,PRD0987,2,1838.0,3676.0
HITM0014449,HORD004593,PRD0017,1,1435.41,1435.41
HITM0014450,HORD004593,PRD0548,2,448.84,897.68
HITM0014451,HORD004593,PRD0410,1,142.89,142.89
HITM0014452,HORD004593,PRD0251,1,1871.06,1871.06
HITM0014453,HORD004593,PRD0842,1,1294.03,1294.03
HITM0014454,HORD004594,PRD0726,1,256.01,256.01
HITM0014455,HORD004594,PRD0592,1,448.87,448.87
HITM0014456,HORD004594,PRD0412,1,1822.18,1822.18
HITM0014457,HORD004594,PRD0244,1,807.13,807.13
HITM0014458,HORD004595,PRD0735,1,1149.06,1149.06
HITM0014459,HORD004595,PRD0687,1,1174.99,1174.99
HITM0014460,HORD004595,PRD0013,2,1361.97,2723.94
HITM0014461,HORD004596,PRD0195,1,951.68,951.68
HITM0014462,HORD004596,PRD0473,1,370.27,370.27
HITM0014463,HORD004596,PRD0584,2,3190.99,6381.98
HITM0014464,HORD004596,PRD0004,2,3297.7,6595.4
HITM0014465,HORD004596,PRD0802,1,715.6,715.6
HITM0014466,HORD004597,PRD0740,1,150.48,150.48
HITM0014467,HORD004597,PRD0589,1,824.97,824.97
HITM0014468,HORD004597,PRD0563,1,651.72,651.72
HITM0014469,HORD004597,PRD0343,1,1288.78,1288.78
HITM0014470,HORD004598,PRD0898,2,197.48,394.96
HITM0014471,HORD004598,PRD0058,1,913.94,913.94
HITM0014472,HORD004598,PRD0892,1,375.64,375.64
HITM0014473,HORD004598,PRD0170,2,275.39,550.78
HITM0014474,HORD004598,PRD0130,1,183.26,183.26
HITM0014475,HORD004599,PRD0982,2,1474.96,2949.92
HITM0014476,HORD004599,PRD0230,1,34.01,34.01
HITM0014477,HORD004600,PRD0511,1,1297.34,1297.34
HITM0014478,HORD004600,PRD0655,1,424.11,424.11
HITM0014479,HORD004600,PRD0138,1,99.85,99.85
HITM0014480,HORD004600,PRD0447,1,961.68,961.68
HITM0014481,HORD004601,PRD0870,1,360.59,360.59
HITM0014482,HORD004601,PRD0934,1,524.96,524.96
HITM0014483,HORD004602,PRD0329,1,100.62,100.62
HITM0014484,HORD004602,PRD0452,2,687.28,1374.56
HITM0014485,HORD004602,PRD0006,3,35.37,106.11
HITM0014486,HORD004602,PRD0349,2,469.34,938.68
HITM0014487,HORD004602,PRD0629,1,402.79,402.79
HITM0014488,HORD004603,PRD0846,1,417.95,417.95
HITM0014489,HORD004603,PRD0419,2,1353.51,2707.02
HITM0014490,HORD004603,PRD0725,1,282.7,282.7
HITM0014491,HORD004604,PRD0203,3,489.43,1468.29
HITM0014492,HORD004604,PRD0547,3,394.5,1183.5
HITM0014493,HORD004604,PRD0248,2,207.33,414.66
HITM0014494,HORD004604,PRD0044,1,649.62,649.62
HITM0014495,HORD004605,PRD0090,3,136.64,409.92
HITM0014496,HORD004605,PRD0511,1,1297.34,1297.34
HITM0014497,HORD004606,PRD0746,1,187.06,187.06
HITM0014498,HORD004606,PRD0720,1,416.7,416.7
HITM0014499,HORD004607,PRD0716,1,120.76,120.76
HITM0014500,HORD004607,PRD0920,1,123.07,123.07
HITM0014501,HORD004607,PRD0005,1,793.64,793.64
HITM0014502,HORD004608,PRD0756,1,61.89,61.89
HITM0014503,HORD004608,PRD0596,2,497.18,994.36
HITM0014504,HORD004608,PRD0929,1,131.55,131.55
HITM0014505,HORD004609,PRD0430,1,348.93,348.93
HITM0014506,HORD004609,PRD0345,3,752.34,2257.02
HITM0014507,HORD004609,PRD0736,1,171.3,171.3
HITM0014508,HORD004609,PRD0469,1,274.61,274.61
HITM0014509,HORD004610,PRD0283,1,405.7,405.7
HITM0014510,HORD004610,PRD0481,1,1805.28,1805.28
HITM0014511,HORD004610,PRD0623,1,1330.89,1330.89
HITM0014512,HORD004611,PRD0390,1,153.47,153.47
HITM0014513,HORD004611,PRD0541,2,2989.04,5978.08
HITM0014514,HORD004611,PRD0078,2,451.23,902.46
HITM0014515,HORD004612,PRD0852,1,1779.82,1779.82
HITM0014516,HORD004612,PRD0369,2,446.88,893.76
HITM0014517,HORD004612,PRD0462,1,1180.47,1180.47
HITM0014518,HORD004612,PRD0929,1,131.55,131.55
HITM0014519,HORD004612,PRD0297,2,902.79,1805.58
HITM0014520,HORD004613,PRD0981,1,2778.15,2778.15
HITM0014521,HORD004613,PRD0030,2,239.93,479.86
HITM0014522,HORD004613,PRD0340,1,42.57,42.57
HITM0014523,HORD004614,PRD0452,2,687.28,1374.56
HITM0014524,HORD004614,PRD0393,1,793.28,793.28
HITM0014525,HORD004614,PRD0296,2,122.37,244.74
HITM0014526,HORD004615,PRD0801,1,1592.9,1592.9
HITM0014527,HORD004615,PRD0645,1,1142.68,1142.68
HITM0014528,HORD004615,PRD0569,1,1425.79,1425.79
HITM0014529,HORD004616,PRD0723,2,867.11,1734.22
HITM0014530,HORD004616,PRD0910,1,28.09,28.09
HITM0014531,HORD004617,PRD0220,1,187.94,187.94
HITM0014532,HORD004617,PRD0939,2,522.59,1045.18
HITM0014533,HORD004617,PRD0140,1,347.21,347.21
HITM0014534,HORD004617,PRD0873,1,1172.09,1172.09
HITM0014535,HORD004618,PRD0110,3,197.81,593.43
HITM0014536,HORD004618,PRD0819,1,269.55,269.55
HITM0014537,HORD004618,PRD0128,2,394.68,789.36
HITM0014538,HORD004619,PRD0220,1,187.94,187.94
HITM0014539,HORD004619,PRD0736,1,171.3,171.3
HITM0014540,HORD004619,PRD0795,1,574.53,574.53
HITM0014541,HORD004619,PRD0750,1,262.52,262.52
HITM0014542,HORD004620,PRD0746,1,187.06,187.06
HITM0014543,HORD004620,PRD0219,2,888.21,1776.42
HITM0014544,HORD004621,PRD0024,1,935.75,935.75
HITM0014545,HORD004622,PRD0934,3,524.96,1574.88
HITM0014546,HORD004623,PRD0695,1,908.69,908.69
HITM0014547,HORD004623,PRD0930,1,298.86,298.86
HITM0014548,HORD004623,PRD0908,1,136.87,136.87
HITM0014549,HORD004624,PRD0626,1,139.26,139.26
HITM0014550,HORD004624,PRD0119,1,756.54,756.54
HITM0014551,HORD004624,PRD0950,1,238.05,238.05
HITM0014552,HORD004625,PRD0743,1,939.8,939.8
HITM0014553,HORD004625,PRD0827,3,1653.52,4960.56
HITM0014554,HORD004625,PRD0566,1,306.33,306.33
HITM0014555,HORD004625,PRD0638,1,675.35,675.35
HITM0014556,HORD004626,PRD0811,1,3124.99,3124.99
HITM0014557,HORD004626,PRD0816,1,377.97,377.97
HITM0014558,HORD004626,PRD0162,1,1711.96,1711.96
HITM0014559,HORD004627,PRD0636,2,418.01,836.02
HITM0014560,HORD004627,PRD0506,2,187.88,375.76
HITM0014561,HORD004628,PRD0679,1,1399.86,1399.86
HITM0014562,HORD004628,PRD0137,1,125.48,125.48
HITM0014563,HORD004628,PRD0253,1,1322.89,1322.89
HITM0014564,HORD004628,PRD0869,2,131.2,262.4
HITM0014565,HORD004628,PRD0041,2,3019.84,6039.68
HITM0014566,HORD004629,PRD0306,3,422.96,1268.88
HITM0014567,HORD004629,PRD0738,1,520.03,520.03
HITM0014568,HORD004629,PRD0985,1,77.36,77.36
HITM0014569,HORD004630,PRD0633,1,1341.18,1341.18
HITM0014570,HORD004630,PRD0739,2,784.83,1569.66
HITM0014571,HORD004630,PRD0600,1,222.54,222.54
HITM0014572,HORD004631,PRD0046,1,192.34,192.34
HITM0014573,HORD004631,PRD0911,1,1191.91,1191.91
HITM0014574,HORD004631,PRD0566,2,306.33,612.66
HITM0014575,HORD004632,PRD0305,1,346.95,346.95
HITM0014576,HORD004632,PRD0560,3,258.29,774.87
HITM0014577,HORD004632,PRD0097,1,458.08,458.08
HITM0014578,HORD004632,PRD0278,1,83.35,83.35
HITM0014579,HORD004633,PRD0358,1,1045.44,1045.44
HITM0014580,HORD004633,PRD0061,1,2127.06,2127.06
HITM0014581,HORD004633,PRD0773,1,310.58,310.58
HITM0014582,HORD004634,PRD0207,2,1636.46,3272.92
HITM0014583,HORD004634,PRD0295,1,607.48,607.48
HITM0014584,HORD004634,PRD0932,1,326.42,326.42
HITM0014585,HORD004635,PRD0745,1,494.7,494.7
HITM0014586,HORD004635,PRD0942,3,437.56,1312.68
HITM0014587,HORD004636,PRD0305,1,346.95,346.95
HITM0014588,HORD004636,PRD0450,1,56.05,56.05
HITM0014589,HORD004637,PRD0238,1,1033.13,1033.13
HITM0014590,HORD004637,PRD0617,1,2097.21,2097.21
HITM0014591,HORD004637,PRD0225,1,1003.93,1003.93
HITM0014592,HORD004637,PRD0011,1,2618.24,2618.24
HITM0014593,HORD004637,PRD0869,1,131.2,131.2
HITM0014594,HORD004638,PRD0490,1,63.94,63.94
HITM0014595,HORD004638,PRD0080,1,122.76,122.76
HITM0014596,HORD004638,PRD0159,2,897.22,1794.44
HITM0014597,HORD004638,PRD0696,1,119.65,119.65
HITM0014598,HORD004638,PRD0423,2,610.02,1220.04
HITM0014599,HORD004639,PRD0569,1,1425.79,1425.79
HITM0014600,HORD004639,PRD0337,1,408.39,408.39
HITM0014601,HORD004639,PRD0488,2,780.13,1560.26
HITM0014602,HORD004640,PRD0895,1,567.08,567.08
HITM0014603,HORD004641,PRD0161,1,2870.46,2870.46
HITM0014604,HORD004641,PRD0465,1,778.89,778.89
HITM0014605,HORD004641,PRD0676,1,117.14,117.14
HITM0014606,HORD004642,PRD0102,2,1498.33,2996.66
HITM0014607,HORD004642,PRD0726,1,256.01,256.01
HITM0014608,HORD004642,PRD0038,1,702.97,702.97
HITM0014609,HORD004643,PRD0006,1,35.37,35.37
HITM0014610,HORD004643,PRD0190,1,34.34,34.34
HITM0014611,HORD004643,PRD0718,1,543.69,543.69
HITM0014612,HORD004644,PRD0635,3,576.88,1730.64
HITM0014613,HORD004644,PRD0876,1,146.18,146.18
HITM0014614,HORD004644,PRD0262,1,893.46,893.46
HITM0014615,HORD004644,PRD0330,1,51.67,51.67
HITM0014616,HORD004645,PRD0468,2,388.69,777.38
HITM0014617,HORD004645,PRD0333,2,621.74,1243.48
HITM0014618,HORD004645,PRD0325,1,607.53,607.53
HITM0014619,HORD004645,PRD0871,1,3071.93,3071.93
HITM0014620,HORD004646,PRD0509,2,400.59,801.18
HITM0014621,HORD004647,PRD0337,1,408.39,408.39
HITM0014622,HORD004647,PRD0896,1,507.02,507.02
HITM0014623,HORD004647,PRD0534,2,458.42,916.84
HITM0014624,HORD004648,PRD0507,3,135.21,405.63
HITM0014625,HORD004649,PRD0572,1,678.29,678.29
HITM0014626,HORD004649,PRD0478,1,917.54,917.54
HITM0014627,HORD004649,PRD0565,2,515.91,1031.82
HITM0014628,HORD004649,PRD0714,1,3727.82,3727.82
HITM0014629,HORD004650,PRD0447,1,961.68,961.68
HITM0014630,HORD004650,PRD0035,1,1129.26,1129.26
HITM0014631,HORD004650,PRD0688,2,611.89,1223.78
HITM0014632,HORD004650,PRD0576,2,680.42,1360.84
HITM0014633,HORD004651,PRD0317,3,2197.9,6593.7
HITM0014634,HORD004651,PRD0905,1,470.11,470.11
HITM0014635,HORD004651,PRD0569,1,1425.79,1425.79
HITM0014636,HORD004651,PRD0396,1,485.87,485.87
HITM0014637,HORD004652,PRD0005,1,793.64,793.64
HITM0014638,HORD004653,PRD0824,1,1647.74,1647.74
HITM0014639,HORD004653,PRD0036,1,226.94,226.94
HITM0014640,HORD004653,PRD0357,1,1006.85,1006.85
HITM0014641,HORD004653,PRD0507,1,135.21,135.21
HITM0014642,HORD004654,PRD0803,1,671.68,671.68
HITM0014643,HORD004654,PRD0200,1,231.67,231.67
HITM0014644,HORD004654,PRD0618,1,208.79,208.79
HITM0014645,HORD004655,PRD0975,1,723.09,723.09
HITM0014646,HORD004656,PRD0003,1,342.16,342.16
HITM0014647,HORD004656,PRD0729,1,1304.27,1304.27
HITM0014648,HORD004656,PRD0688,1,611.89,611.89
HITM0014649,HORD004657,PRD0035,2,1129.26,2258.52
HITM0014650,HORD004657,PRD0474,1,480.29,480.29
HITM0014651,HORD004657,PRD0329,1,100.62,100.62
HITM0014652,HORD004657,PRD0994,1,2732.71,2732.71
HITM0014653,HORD004658,PRD0125,2,108.47,216.94
HITM0014654,HORD004658,PRD0085,1,655.93,655.93
HITM0014655,HORD004658,PRD0741,1,1637.14,1637.14
HITM0014656,HORD004659,PRD0498,1,309.85,309.85
HITM0014657,HORD004659,PRD0007,1,1146.82,1146.82
HITM0014658,HORD004659,PRD0296,1,122.37,122.37
HITM0014659,HORD004660,PRD0838,1,955.16,955.16
HITM0014660,HORD004660,PRD0133,1,334.91,334.91
HITM0014661,HORD004660,PRD0540,2,301.77,603.54
HITM0014662,HORD004660,PRD0002,1,1052.85,1052.85
HITM0014663,HORD004660,PRD0434,1,1669.95,1669.95
HITM0014664,HORD004661,PRD0828,1,146.02,146.02
HITM0014665,HORD004661,PRD0316,1,401.13,401.13
HITM0014666,HORD004661,PRD0030,1,239.93,239.93
HITM0014667,HORD004662,PRD0492,1,541.59,541.59
HITM0014668,HORD004662,PRD0052,1,1497.13,1497.13
HITM0014669,HORD004662,PRD0899,3,1072.73,3218.19
HITM0014670,HORD004663,PRD0206,1,190.8,190.8
HITM0014671,HORD004663,PRD0824,1,1647.74,1647.74
HITM0014672,HORD004663,PRD0819,2,269.55,539.1
HITM0014673,HORD004664,PRD0417,1,1221.03,1221.03
HITM0014674,HORD004664,PRD0588,1,544.11,544.11
HITM0014675,HORD004664,PRD0165,1,203.41,203.41
HITM0014676,HORD004664,PRD0909,1,346.13,346.13
HITM0014677,HORD004664,PRD0722,1,1792.17,1792.17
HITM0014678,HORD004665,PRD0190,1,34.34,34.34
HITM0014679,HORD004665,PRD0714,1,3727.82,3727.82
HITM0014680,HORD004665,PRD0177,2,535.99,1071.98
HITM0014681,HORD004666,PRD0623,1,1330.89,1330.89
HITM0014682,HORD004666,PRD0169,2,445.45,890.9
HITM0014683,HORD004666,PRD0414,2,3953.91,7907.82
HITM0014684,HORD004667,PRD0654,3,1208.24,3624.72
HITM0014685,HORD004667,PRD0077,1,604.37,604.37
HITM0014686,HORD004667,PRD0701,1,2281.85,2281.85
HITM0014687,HORD004668,PRD0798,1,418.33,418.33
HITM0014688,HORD004668,PRD0529,1,1028.26,1028.26
HITM0014689,HORD004668,PRD0344,1,2946.2,2946.2
HITM0014690,HORD004669,PRD0499,1,779.63,779.63
HITM0014691,HORD004670,PRD0690,1,296.31,296.31
HITM0014692,HORD004670,PRD0934,1,524.96,524.96
HITM0014693,HORD004670,PRD0927,1,138.39,138.39
HITM0014694,HORD004670,PRD0969,1,99.89,99.89
HITM0014695,HORD004670,PRD0823,1,739.71,739.71
HITM0014696,HORD004671,PRD0080,1,122.76,122.76
HITM0014697,HORD004671,PRD0944,1,2088.32,2088.32
HITM0014698,HORD004671,PRD0698,3,981.72,2945.16
HITM0014699,HORD004672,PRD0656,3,300.51,901.53
HITM0014700,HORD004672,PRD0248,1,207.33,207.33
HITM0014701,HORD004672,PRD0278,1,83.35,83.35
HITM0014702,HORD004672,PRD0681,2,1969.92,3939.84
HITM0014703,HORD004673,PRD0035,3,1129.26,3387.78
HITM0014704,HORD004673,PRD0753,1,372.43,372.43
HITM0014705,HORD004674,PRD0315,2,58.99,117.98
HITM0014706,HORD004674,PRD0658,1,665.45,665.45
HITM0014707,HORD004675,PRD0376,1,811.77,811.77
HITM0014708,HORD004676,PRD0796,1,46.19,46.19
HITM0014709,HORD004676,PRD0245,1,595.29,595.29
HITM0014710,HORD004676,PRD0840,1,102.1,102.1
HITM0014711,HORD004676,PRD0895,1,567.08,567.08
HITM0014712,HORD004677,PRD0175,1,340.25,340.25
HITM0014713,HORD004677,PRD0378,1,271.63,271.63
HITM0014714,HORD004677,PRD0335,1,235.04,235.04
HITM0014715,HORD004678,PRD0086,1,92.8,92.8
HITM0014716,HORD004678,PRD0451,2,1300.44,2600.88
HITM0014717,HORD004678,PRD0618,1,208.79,208.79
HITM0014718,HORD004678,PRD0498,1,309.85,309.85
HITM0014719,HORD004678,PRD0905,1,470.11,470.11
HITM0014720,HORD004679,PRD0143,2,490.94,981.88
HITM0014721,HORD004679,PRD0364,1,914.03,914.03
HITM0014722,HORD004679,PRD0861,1,3121.0,3121.0
HITM0014723,HORD004680,PRD0290,1,53.02,53.02
HITM0014724,HORD004680,PRD0522,1,1270.84,1270.84
HITM0014725,HORD004680,PRD0386,1,567.42,567.42
HITM0014726,HORD004680,PRD0638,1,675.35,675.35
HITM0014727,HORD004681,PRD1000,1,45.04,45.04
HITM0014728,HORD004681,PRD0137,2,125.48,250.96
HITM0014729,HORD004681,PRD0037,1,873.28,873.28
HITM0014730,HORD004682,PRD0870,2,360.59,721.18
HITM0014731,HORD004682,PRD0902,1,565.32,565.32
HITM0014732,HORD004682,PRD0187,1,1511.07,1511.07
HITM0014733,HORD004682,PRD0896,1,507.02,507.02
HITM0014734,HORD004682,PRD0076,2,232.75,465.5
HITM0014735,HORD004683,PRD0849,2,115.9,231.8
HITM0014736,HORD004683,PRD0037,3,873.28,2619.84
HITM0014737,HORD004683,PRD0660,1,89.27,89.27
HITM0014738,HORD004683,PRD0524,1,782.83,782.83
HITM0014739,HORD004683,PRD0766,1,420.5,420.5
HITM0014740,HORD004684,PRD0356,1,246.85,246.85
HITM0014741,HORD004684,PRD0329,2,100.62,201.24
HITM0014742,HORD004684,PRD0177,1,535.99,535.99
HITM0014743,HORD004685,PRD0682,2,1273.55,2547.1
HITM0014744,HORD004685,PRD0433,1,1481.25,1481.25
HITM0014745,HORD004686,PRD0745,1,494.7,494.7
HITM0014746,HORD004686,PRD0369,2,446.88,893.76
HITM0014747,HORD004686,PRD0210,2,371.54,743.08
HITM0014748,HORD004687,PRD0425,2,845.25,1690.5
HITM0014749,HORD004687,PRD0547,1,394.5,394.5
HITM0014750,HORD004687,PRD0540,1,301.77,301.77
HITM0014751,HORD004688,PRD0160,1,21.4,21.4
HITM0014752,HORD004688,PRD0981,1,2778.15,2778.15
HITM0014753,HORD004688,PRD0980,2,398.63,797.26
HITM0014754,HORD004689,PRD0330,1,51.67,51.67
HITM0014755,HORD004689,PRD0762,1,848.37,848.37
HITM0014756,HORD004690,PRD0220,1,187.94,187.94
HITM0014757,HORD004691,PRD0877,1,1849.07,1849.07
HITM0014758,HORD004691,PRD0826,1,89.12,89.12
HITM0014759,HORD004691,PRD0161,1,2870.46,2870.46
HITM0014760,HORD004691,PRD0165,1,203.41,203.41
HITM0014761,HORD004691,PRD0546,1,361.61,361.61
HITM0014762,HORD004692,PRD0175,1,340.25,340.25
HITM0014763,HORD004692,PRD0363,3,489.25,1467.75
HITM0014764,HORD004692,PRD0528,1,136.95,136.95
HITM0014765,HORD004692,PRD0745,1,494.7,494.7
HITM0014766,HORD004692,PRD0483,1,863.5,863.5
HITM0014767,HORD004693,PRD0638,1,675.35,675.35
HITM0014768,HORD004693,PRD0636,1,418.01,418.01
HITM0014769,HORD004694,PRD0725,1,282.7,282.7
HITM0014770,HORD004694,PRD0339,1,1448.64,1448.64
HITM0014771,HORD004694,PRD0662,2,477.61,955.22
HITM0014772,HORD004695,PRD0682,2,1273.55,2547.1
HITM0014773,HORD004695,PRD0251,1,1871.06,1871.06
HITM0014774,HORD004695,PRD0824,1,1647.74,1647.74
HITM0014775,HORD004696,PRD0910,1,28.09,28.09
HITM0014776,HORD004696,PRD0808,1,69.84,69.84
HITM0014777,HORD004696,PRD0796,1,46.19,46.19
HITM0014778,HORD004697,PRD0371,1,2576.15,2576.15
HITM0014779,HORD004697,PRD0050,1,289.02,289.02
HITM0014780,HORD004697,PRD0728,1,122.0,122.0
HITM0014781,HORD004698,PRD0397,1,1704.15,1704.15
HITM0014782,HORD004698,PRD0013,2,1361.97,2723.94
HITM0014783,HORD004698,PRD0947,1,934.61,934.61
HITM0014784,HORD004699,PRD0320,1,227.72,227.72
HITM0014785,HORD004699,PRD0021,1,1350.17,1350.17
HITM0014786,HORD004699,PRD0519,1,268.64,268.64
HITM0014787,HORD004699,PRD0731,1,1036.98,1036.98
HITM0014788,HORD004700,PRD0043,1,1005.0,1005.0
HITM0014789,HORD004700,PRD0887,1,569.07,569.07
HITM0014790,HORD004700,PRD0648,1,389.72,389.72
HITM0014791,HORD004701,PRD0490,2,63.94,127.88
HITM0014792,HORD004701,PRD0892,1,375.64,375.64
HITM0014793,HORD004702,PRD0406,1,184.6,184.6
HITM0014794,HORD004702,PRD0612,1,1437.47,1437.47
HITM0014795,HORD004703,PRD0428,1,491.35,491.35
HITM0014796,HORD004703,PRD0840,1,102.1,102.1
HITM0014797,HORD004703,PRD0481,1,1805.28,1805.28
HITM0014798,HORD004703,PRD0880,1,132.59,132.59
HITM0014799,HORD004704,PRD0985,1,77.36,77.36
HITM0014800,HORD004704,PRD1000,1,45.04,45.04
HITM0014801,HORD004704,PRD0090,1,136.64,136.64
HITM0014802,HORD004704,PRD0469,1,274.61,274.61
HITM0014803,HORD004705,PRD0088,2,141.39,282.78
HITM0014804,HORD004705,PRD0141,1,2328.72,2328.72
HITM0014805,HORD004705,PRD0463,1,564.14,564.14
HITM0014806,HORD004705,PRD0295,1,607.48,607.48
HITM0014807,HORD004706,PRD0584,1,3190.99,3190.99
HITM0014808,HORD004706,PRD0150,1,302.63,302.63
HITM0014809,HORD004707,PRD0656,1,300.51,300.51
HITM0014810,HORD004707,PRD0450,1,56.05,56.05
HITM0014811,HORD004707,PRD0186,1,778.69,778.69
HITM0014812,HORD004708,PRD0503,1,896.74,896.74
HITM0014813,HORD004708,PRD0326,2,833.05,1666.1
HITM0014814,HORD004709,PRD0616,1,819.39,819.39
HITM0014815,HORD004709,PRD0205,1,696.35,696.35
HITM0014816,HORD004709,PRD0609,1,83.83,83.83
HITM0014817,HORD004709,PRD0497,1,1779.73,1779.73
HITM0014818,HORD004710,PRD0980,1,398.63,398.63
HITM0014819,HORD004710,PRD0840,1,102.1,102.1
HITM0014820,HORD004710,PRD0121,2,3030.38,6060.76
HITM0014821,HORD004711,PRD0817,1,1184.03,1184.03
HITM0014822,HORD004711,PRD0563,3,651.72,1955.16
HITM0014823,HORD004711,PRD0349,1,469.34,469.34
HITM0014824,HORD004711,PRD0406,1,184.6,184.6
HITM0014825,HORD004712,PRD0611,1,1417.98,1417.98
HITM0014826,HORD004712,PRD0831,1,1878.68,1878.68
HITM0014827,HORD004712,PRD0759,1,655.9,655.9
HITM0014828,HORD004713,PRD0830,2,146.02,292.04
HITM0014829,HORD004713,PRD0345,1,752.34,752.34
HITM0014830,HORD004714,PRD0028,1,160.23,160.23
HITM0014831,HORD004714,PRD0659,1,848.34,848.34
HITM0014832,HORD004714,PRD0118,1,156.33,156.33
HITM0014833,HORD004715,PRD0939,1,522.59,522.59
HITM0014834,HORD004715,PRD0139,1,1069.24,1069.24
HITM0014835,HORD004715,PRD0609,2,83.83,167.66
HITM0014836,HORD004715,PRD0985,1,77.36,77.36
HITM0014837,HORD004715,PRD0846,2,417.95,835.9
HITM0014838,HORD004716,PRD0877,1,1849.07,1849.07
HITM0014839,HORD004716,PRD0050,2,289.02,578.04
HITM0014840,HORD004716,PRD0420,2,277.28,554.56
HITM0014841,HORD004716,PRD0623,2,1330.89,2661.78
HITM0014842,HORD004717,PRD0563,1,651.72,651.72
HITM0014843,HORD004717,PRD0216,1,241.98,241.98
HITM0014844,HORD004717,PRD0369,1,446.88,446.88
HITM0014845,HORD004718,PRD0857,1,1044.86,1044.86
HITM0014846,HORD004718,PRD0638,1,675.35,675.35
HITM0014847,HORD004718,PRD0889,2,518.76,1037.52
HITM0014848,HORD004719,PRD0889,1,518.76,518.76
HITM0014849,HORD004719,PRD0178,3,176.94,530.82
HITM0014850,HORD004719,PRD0488,1,780.13,780.13
HITM0014851,HORD004720,PRD0755,2,229.0,458.0
HITM0014852,HORD004720,PRD0592,1,448.87,448.87
HITM0014853,HORD004721,PRD0646,1,609.53,609.53
HITM0014854,HORD004722,PRD0526,1,44.24,44.24
HITM0014855,HORD004722,PRD0081,2,1855.65,3711.3
HITM0014856,HORD004722,PRD0327,1,812.84,812.84
HITM0014857,HORD004722,PRD0502,1,553.17,553.17
HITM0014858,HORD004723,PRD0801,1,1592.9,1592.9
HITM0014859,HORD004724,PRD0083,1,1406.78,1406.78
HITM0014860,HORD004724,PRD0024,1,935.75,935.75
HITM0014861,HORD004724,PRD0150,2,302.63,605.26
HITM0014862,HORD004724,PRD0746,2,187.06,374.12
HITM0014863,HORD004725,PRD0919,1,192.13,192.13
HITM0014864,HORD004725,PRD0798,1,418.33,418.33
HITM0014865,HORD004725,PRD0665,1,191.97,191.97
HITM0014866,HORD004725,PRD0366,1,428.57,428.57
HITM0014867,HORD004725,PRD0426,2,726.65,1453.3
HITM0014868,HORD004726,PRD0073,1,1497.77,1497.77
HITM0014869,HORD004726,PRD0753,1,372.43,372.43
HITM0014870,HORD004726,PRD0879,1,1459.82,1459.82
HITM0014871,HORD004727,PRD0259,2,1267.87,2535.74
HITM0014872,HORD004727,PRD0290,1,53.02,53.02
HITM0014873,HORD004727,PRD0759,2,655.9,1311.8
HITM0014874,HORD004727,PRD0296,1,122.37,122.37
HITM0014875,HORD004728,PRD0681,1,1969.92,1969.92
HITM0014876,HORD004728,PRD0790,1,55.39,55.39
HITM0014877,HORD004728,PRD0821,1,979.52,979.52
HITM0014878,HORD004728,PRD0990,2,373.88,747.76
HITM0014879,HORD004728,PRD0296,1,122.37,122.37
HITM0014880,HORD004729,PRD0177,1,535.99,535.99
HITM0014881,HORD004729,PRD0892,1,375.64,375.64
HITM0014882,HORD004729,PRD0373,2,1452.1,2904.2
HITM0014883,HORD004729,PRD0035,2,1129.26,2258.52
HITM0014884,HORD004729,PRD0823,2,739.71,1479.42
HITM0014885,HORD004730,PRD0255,1,426.01,426.01
HITM0014886,HORD004731,PRD0536,1,53.59,53.59
HITM0014887,HORD004731,PRD0168,1,451.79,451.79
HITM0014888,HORD004731,PRD0813,1,1117.42,1117.42
HITM0014889,HORD004731,PRD0606,1,49.01,49.01
HITM0014890,HORD004731,PRD0710,2,161.67,323.34
HITM0014891,HORD004732,PRD0092,2,651.72,1303.44
HITM0014892,HORD004732,PRD0452,2,687.28,1374.56
HITM0014893,HORD004732,PRD0529,1,1028.26,1028.26
HITM0014894,HORD004732,PRD0925,1,56.69,56.69
HITM0014895,HORD004733,PRD0006,1,35.37,35.37
HITM0014896,HORD004733,PRD0309,1,621.05,621.05
HITM0014897,HORD004733,PRD0051,1,1390.84,1390.84
HITM0014898,HORD004733,PRD0522,2,1270.84,2541.68
HITM0014899,HORD004734,PRD0137,1,125.48,125.48
HITM0014900,HORD004734,PRD0030,1,239.93,239.93
HITM0014901,HORD004734,PRD0251,2,1871.06,3742.12
HITM0014902,HORD004734,PRD0977,2,327.77,655.54
HITM0014903,HORD004735,PRD0983,1,863.49,863.49
HITM0014904,HORD004735,PRD0826,1,89.12,89.12
HITM0014905,HORD004735,PRD0145,1,624.72,624.72
HITM0014906,HORD004735,PRD0208,1,940.02,940.02
HITM0014907,HORD004736,PRD0498,1,309.85,309.85
HITM0014908,HORD004736,PRD0020,2,148.97,297.94
HITM0014909,HORD004736,PRD0506,1,187.88,187.88
HITM0014910,HORD004736,PRD0365,1,380.49,380.49
HITM0014911,HORD004737,PRD0928,1,834.91,834.91
HITM0014912,HORD004737,PRD0518,1,127.55,127.55
HITM0014913,HORD004737,PRD0970,2,107.81,215.62
HITM0014914,HORD004738,PRD0028,1,160.23,160.23
HITM0014915,HORD004738,PRD0587,2,1244.16,2488.32
HITM0014916,HORD004738,PRD0339,1,1448.64,1448.64
HITM0014917,HORD004738,PRD0540,2,301.77,603.54
HITM0014918,HORD004739,PRD0790,1,55.39,55.39
HITM0014919,HORD004739,PRD0350,1,133.96,133.96
HITM0014920,HORD004739,PRD0619,3,238.4,715.2
HITM0014921,HORD004739,PRD0178,1,176.94,176.94
HITM0014922,HORD004740,PRD0905,2,470.11,940.22
HITM0014923,HORD004740,PRD0305,1,346.95,346.95
HITM0014924,HORD004740,PRD0803,1,671.68,671.68
HITM0014925,HORD004740,PRD0760,1,187.91,187.91
HITM0014926,HORD004741,PRD0467,1,590.42,590.42
HITM0014927,HORD004741,PRD0646,1,609.53,609.53
HITM0014928,HORD004742,PRD0781,1,2713.32,2713.32
HITM0014929,HORD004742,PRD0120,2,266.59,533.18
HITM0014930,HORD004743,PRD0930,1,298.86,298.86
HITM0014931,HORD004743,PRD0926,1,455.41,455.41
HITM0014932,HORD004743,PRD0276,1,530.49,530.49
HITM0014933,HORD004744,PRD0229,1,1192.23,1192.23
HITM0014934,HORD004744,PRD0678,1,904.89,904.89
HITM0014935,HORD004745,PRD0396,2,485.87,971.74
HITM0014936,HORD004745,PRD0790,1,55.39,55.39
HITM0014937,HORD004745,PRD0430,1,348.93,348.93
HITM0014938,HORD004745,PRD0694,1,1978.51,1978.51
HITM0014939,HORD004745,PRD0928,1,834.91,834.91
HITM0014940,HORD004746,PRD0082,1,1374.63,1374.63
HITM0014941,HORD004746,PRD0895,2,567.08,1134.16
HITM0014942,HORD004746,PRD0130,1,183.26,183.26
HITM0014943,HORD004746,PRD0089,1,561.13,561.13
HITM0014944,HORD004747,PRD0091,1,1158.82,1158.82
HITM0014945,HORD004747,PRD0073,1,1497.77,1497.77
HITM0014946,HORD004748,PRD0525,1,135.44,135.44
HITM0014947,HORD004748,PRD0346,1,519.06,519.06
HITM0014948,HORD004748,PRD0151,1,2468.6,2468.6
HITM0014949,HORD004748,PRD0590,1,49.98,49.98
HITM0014950,HORD004749,PRD0618,1,208.79,208.79
HITM0014951,HORD004749,PRD0769,1,798.58,798.58
HITM0014952,HORD004750,PRD0923,1,1561.37,1561.37
HITM0014953,HORD004750,PRD0100,1,328.27,328.27
HITM0014954,HORD004750,PRD0271,1,1003.21,1003.21
HITM0014955,HORD004750,PRD0947,2,934.61,1869.22
HITM0014956,HORD004751,PRD0646,1,609.53,609.53
HITM0014957,HORD004751,PRD0101,1,1796.81,1796.81
HITM0014958,HORD004751,PRD0804,1,3159.06,3159.06
HITM0014959,HORD004752,PRD0886,1,389.53,389.53
HITM0014960,HORD004752,PRD0573,1,1394.74,1394.74
HITM0014961,HORD004752,PRD0040,1,201.64,201.64
HITM0014962,HORD004752,PRD0295,1,607.48,607.48
HITM0014963,HORD004752,PRD0140,2,347.21,694.42
HITM0014964,HORD004753,PRD0296,1,122.37,122.37
HITM0014965,HORD004753,PRD0670,3,137.8,413.4
HITM0014966,HORD004753,PRD0680,1,103.14,103.14
HITM0014967,HORD004754,PRD0350,2,133.96,267.92
HITM0014968,HORD004754,PRD0978,2,655.83,1311.66
HITM0014969,HORD004755,PRD0178,1,176.94,176.94
HITM0014970,HORD004755,PRD0173,1,270.07,270.07
HITM0014971,HORD004755,PRD0942,2,437.56,875.12
HITM0014972,HORD004755,PRD0436,1,112.2,112.2
HITM0014973,HORD004755,PRD0096,1,291.41,291.41
HITM0014974,HORD004756,PRD0305,1,346.95,346.95
HITM0014975,HORD004756,PRD0571,3,2499.58,7498.74
HITM0014976,HORD004756,PRD0858,2,363.41,726.82
HITM0014977,HORD004757,PRD0049,3,598.46,1795.38
HITM0014978,HORD004757,PRD0909,1,346.13,346.13
HITM0014979,HORD004758,PRD0820,2,31.29,62.58
HITM0014980,HORD004758,PRD0817,1,1184.03,1184.03
HITM0014981,HORD004759,PRD0454,2,1438.89,2877.78
HITM0014982,HORD004759,PRD0575,2,996.56,1993.12
HITM0014983,HORD004759,PRD1000,1,45.04,45.04
HITM0014984,HORD004759,PRD0669,3,387.51,1162.53
HITM0014985,HORD004759,PRD0108,1,997.65,997.65
HITM0014986,HORD004760,PRD0694,1,1978.51,1978.51
HITM0014987,HORD004760,PRD0403,1,1295.0,1295.0
HITM0014988,HORD004761,PRD0926,1,455.41,455.41
HITM0014989,HORD004761,PRD0047,1,663.9,663.9
HITM0014990,HORD004761,PRD0999,2,892.27,1784.54
HITM0014991,HORD004761,PRD0117,1,1668.5,1668.5
HITM0014992,HORD004762,PRD0369,1,446.88,446.88
HITM0014993,HORD004762,PRD0439,1,323.08,323.08
HITM0014994,HORD004762,PRD0396,1,485.87,485.87
HITM0014995,HORD004762,PRD0403,2,1295.0,2590.0
HITM0014996,HORD004762,PRD0755,1,229.0,229.0
HITM0014997,HORD004763,PRD0766,1,420.5,420.5
HITM0014998,HORD004764,PRD0145,1,624.72,624.72
HITM0014999,HORD004764,PRD0756,1,61.89,61.89
HITM0015000,HORD004764,PRD0686,1,208.32,208.32
HITM0015001,HORD004765,PRD0558,1,1004.64,1004.64
HITM0015002,HORD004765,PRD0759,1,655.9,655.9
HITM0015003,HORD004765,PRD0186,1,778.69,778.69
HITM0015004,HORD004766,PRD0880,1,132.59,132.59
HITM0015005,HORD004766,PRD0756,1,61.89,61.89
HITM0015006,HORD004766,PRD0290,1,53.02,53.02
HITM0015007,HORD004767,PRD0278,2,83.35,166.7
HITM0015008,HORD004767,PRD0093,1,401.55,401.55
HITM0015009,HORD004767,PRD0485,1,939.87,939.87
HITM0015010,HORD004768,PRD0464,1,2149.57,2149.57
HITM0015011,HORD004768,PRD0373,2,1452.1,2904.2
HITM0015012,HORD004768,PRD0941,1,2159.7,2159.7
HITM0015013,HORD004768,PRD0668,1,641.02,641.02
HITM0015014,HORD004768,PRD0819,1,269.55,269.55
HITM0015015,HORD004769,PRD0935,2,617.88,1235.76
HITM0015016,HORD004769,PRD0962,1,1137.0,1137.0
HITM0015017,HORD004769,PRD0779,1,234.12,234.12
HITM0015018,HORD004770,PRD0679,1,1399.86,1399.86
HITM0015019,HORD004770,PRD0257,1,1854.63,1854.63
HITM0015020,HORD004770,PRD0526,2,44.24,88.48
HITM0015021,HORD004771,PRD0008,1,205.21,205.21
HITM0015022,HORD004771,PRD0131,2,2191.15,4382.3
HITM0015023,HORD004771,PRD0285,1,437.61,437.61
HITM0015024,HORD004772,PRD0805,1,1065.34,1065.34
HITM0015025,HORD004772,PRD0080,1,122.76,122.76
HITM0015026,HORD004772,PRD0653,1,514.7,514.7
HITM0015027,HORD004772,PRD0578,3,383.34,1150.02
HITM0015028,HORD004773,PRD0518,1,127.55,127.55
HITM0015029,HORD004773,PRD0403,2,1295.0,2590.0
HITM0015030,HORD004773,PRD0175,2,340.25,680.5
HITM0015031,HORD004773,PRD0128,1,394.68,394.68
HITM0015032,HORD004773,PRD0201,1,1626.1,1626.1
HITM0015033,HORD004774,PRD0136,3,339.97,1019.91
HITM0015034,HORD004774,PRD0625,1,122.46,122.46
HITM0015035,HORD004774,PRD0180,1,356.72,356.72
HITM0015036,HORD004775,PRD0374,1,759.14,759.14
HITM0015037,HORD004775,PRD0892,1,375.64,375.64
HITM0015038,HORD004775,PRD0648,2,389.72,779.44
HITM0015039,HORD004776,PRD0460,1,289.71,289.71
HITM0015040,HORD004776,PRD0934,2,524.96,1049.92
HITM0015041,HORD004776,PRD0874,1,3409.41,3409.41
HITM0015042,HORD004776,PRD0861,1,3121.0,3121.0
HITM0015043,HORD004777,PRD0734,1,3584.06,3584.06
HITM0015044,HORD004777,PRD0811,1,3124.99,3124.99
HITM0015045,HORD004777,PRD0347,1,1531.55,1531.55
HITM0015046,HORD004777,PRD0095,2,590.13,1180.26
HITM0015047,HORD004778,PRD0800,1,168.54,168.54
HITM0015048,HORD004778,PRD0752,1,933.7,933.7
HITM0015049,HORD004778,PRD0513,1,453.22,453.22
HITM0015050,HORD004778,PRD0029,1,418.31,418.31
HITM0015051,HORD004779,PRD0551,1,2253.02,2253.02
HITM0015052,HORD004779,PRD0059,1,1461.18,1461.18
HITM0015053,HORD004779,PRD0807,2,123.14,246.28
HITM0015054,HORD004780,PRD0248,1,207.33,207.33
HITM0015055,HORD004780,PRD0056,1,437.03,437.03
HITM0015056,HORD004780,PRD0808,1,69.84,69.84
HITM0015057,HORD004781,PRD0244,1,807.13,807.13
HITM0015058,HORD004781,PRD0338,1,602.72,602.72
HITM0015059,HORD004781,PRD0190,1,34.34,34.34
HITM0015060,HORD004781,PRD0531,1,2992.62,2992.62
HITM0015061,HORD004782,PRD0552,2,470.47,940.94
HITM0015062,HORD004782,PRD0015,2,624.09,1248.18
HITM0015063,HORD004782,PRD0785,3,739.95,2219.85
HITM0015064,HORD004782,PRD0490,1,63.94,63.94
HITM0015065,HORD004782,PRD0222,2,1185.98,2371.96
HITM0015066,HORD004783,PRD0910,1,28.09,28.09
HITM0015067,HORD004783,PRD0560,1,258.29,258.29
HITM0015068,HORD004783,PRD0136,1,339.97,339.97
HITM0015069,HORD004784,PRD0580,3,218.53,655.59
HITM0015070,HORD004784,PRD0378,1,271.63,271.63
HITM0015071,HORD004784,PRD0891,2,2138.63,4277.26
HITM0015072,HORD004784,PRD0345,1,752.34,752.34
HITM0015073,HORD004785,PRD0390,1,153.47,153.47
HITM0015074,HORD004785,PRD0775,1,668.73,668.73
HITM0015075,HORD004785,PRD0608,1,313.58,313.58
HITM0015076,HORD004786,PRD0792,1,1480.93,1480.93
HITM0015077,HORD004786,PRD0133,1,334.91,334.91
HITM0015078,HORD004787,PRD0409,1,165.4,165.4
HITM0015079,HORD004787,PRD0860,1,397.97,397.97
HITM0015080,HORD004788,PRD0998,1,366.72,366.72
HITM0015081,HORD004788,PRD0243,2,854.67,1709.34
HITM0015082,HORD004788,PRD0327,2,812.84,1625.68
HITM0015083,HORD004788,PRD0131,1,2191.15,2191.15
HITM0015084,HORD004788,PRD0827,3,1653.52,4960.56
HITM0015085,HORD004789,PRD0586,1,751.47,751.47
HITM0015086,HORD004789,PRD0936,2,279.68,559.36
HITM0015087,HORD004790,PRD0455,2,243.16,486.32
HITM0015088,HORD004791,PRD0173,1,270.07,270.07
HITM0015089,HORD004791,PRD0893,1,1495.82,1495.82
HITM0015090,HORD004791,PRD0932,1,326.42,326.42
HITM0015091,HORD004791,PRD0665,3,191.97,575.91
HITM0015092,HORD004792,PRD0603,1,1120.48,1120.48
HITM0015093,HORD004792,PRD0683,1,571.77,571.77
HITM0015094,HORD004792,PRD0887,1,569.07,569.07
HITM0015095,HORD004792,PRD0230,2,34.01,68.02
HITM0015096,HORD004792,PRD0595,1,429.07,429.07
HITM0015097,HORD004793,PRD0006,1,35.37,35.37
HITM0015098,HORD004793,PRD0594,2,3438.81,6877.62
HITM0015099,HORD004793,PRD0176,1,662.86,662.86
HITM0015100,HORD004793,PRD0912,2,1391.06,2782.12
HITM0015101,HORD004793,PRD0698,1,981.72,981.72
HITM0015102,HORD004794,PRD0721,3,2913.95,8741.85
HITM0015103,HORD004794,PRD0888,1,734.2,734.2
HITM0015104,HORD004794,PRD0588,3,544.11,1632.33
HITM0015105,HORD004794,PRD0391,2,1836.29,3672.58
HITM0015106,HORD004795,PRD0438,1,104.09,104.09
HITM0015107,HORD004795,PRD0795,3,574.53,1723.59
HITM0015108,HORD004795,PRD0663,1,1329.29,1329.29
HITM0015109,HORD004796,PRD0246,1,758.55,758.55
HITM0015110,HORD004796,PRD0135,1,715.95,715.95
HITM0015111,HORD004796,PRD0100,1,328.27,328.27
HITM0015112,HORD004797,PRD0896,1,507.02,507.02
HITM0015113,HORD004797,PRD0108,1,997.65,997.65
HITM0015114,HORD004797,PRD0748,1,789.67,789.67
HITM0015115,HORD004798,PRD0126,1,499.59,499.59
HITM0015116,HORD004798,PRD0201,2,1626.1,3252.2
HITM0015117,HORD004799,PRD0057,1,2445.72,2445.72
HITM0015118,HORD004799,PRD0309,1,621.05,621.05
HITM0015119,HORD004799,PRD0227,1,922.85,922.85
HITM0015120,HORD004799,PRD0071,1,2816.43,2816.43
HITM0015121,HORD004800,PRD0574,1,1085.51,1085.51
HITM0015122,HORD004801,PRD0036,2,226.94,453.88
HITM0015123,HORD004801,PRD0557,3,2192.99,6578.97
HITM0015124,HORD004801,PRD0915,2,551.31,1102.62
HITM0015125,HORD004801,PRD0010,1,39.45,39.45
HITM0015126,HORD004801,PRD0272,1,839.78,839.78
HITM0015127,HORD004802,PRD0275,2,394.33,788.66
HITM0015128,HORD004802,PRD0649,1,985.02,985.02
HITM0015129,HORD004803,PRD0389,1,910.21,910.21
HITM0015130,HORD004803,PRD0096,1,291.41,291.41
HITM0015131,HORD004804,PRD0830,1,146.02,146.02
HITM0015132,HORD004804,PRD0399,1,1231.55,1231.55
HITM0015133,HORD004804,PRD0980,1,398.63,398.63
HITM0015134,HORD004804,PRD0764,1,472.57,472.57
HITM0015135,HORD004805,PRD0062,1,551.76,551.76
HITM0015136,HORD004805,PRD0333,1,621.74,621.74
HITM0015137,HORD004805,PRD0239,1,984.36,984.36
HITM0015138,HORD004806,PRD0985,1,77.36,77.36
HITM0015139,HORD004806,PRD0118,2,156.33,312.66
HITM0015140,HORD004806,PRD0925,1,56.69,56.69
HITM0015141,HORD004806,PRD0587,1,1244.16,1244.16
HITM0015142,HORD004806,PRD0842,2,1294.03,2588.06
HITM0015143,HORD004807,PRD0288,1,151.78,151.78
HITM0015144,HORD004807,PRD0853,3,1167.89,3503.67
HITM0015145,HORD004807,PRD0782,1,492.79,492.79
HITM0015146,HORD004807,PRD0076,1,232.75,232.75
HITM0015147,HORD004808,PRD0585,1,101.78,101.78
HITM0015148,HORD004808,PRD0847,2,1756.67,3513.34
HITM0015149,HORD004808,PRD0112,1,1578.75,1578.75
HITM0015150,HORD004808,PRD0265,1,542.34,542.34
HITM0015151,HORD004809,PRD0680,1,103.14,103.14
HITM0015152,HORD004809,PRD0778,1,1004.54,1004.54
HITM0015153,HORD004810,PRD0963,2,648.79,1297.58
HITM0015154,HORD004810,PRD0736,1,171.3,171.3
HITM0015155,HORD004810,PRD0006,1,35.37,35.37
HITM0015156,HORD004811,PRD0532,2,386.41,772.82
HITM0015157,HORD004811,PRD0585,1,101.78,101.78
HITM0015158,HORD004811,PRD0158,2,224.45,448.9
HITM0015159,HORD004811,PRD0478,2,917.54,1835.08
HITM0015160,HORD004811,PRD0772,1,661.34,661.34
HITM0015161,HORD004812,PRD0446,1,172.12,172.12
HITM0015162,HORD004812,PRD0012,1,1122.89,1122.89
HITM0015163,HORD004812,PRD0077,3,604.37,1813.11
HITM0015164,HORD004813,PRD0584,1,3190.99,3190.99
HITM0015165,HORD004813,PRD0862,1,612.88,612.88
HITM0015166,HORD004814,PRD0977,1,327.77,327.77
HITM0015167,HORD004815,PRD0073,1,1497.77,1497.77
HITM0015168,HORD004815,PRD0795,1,574.53,574.53
HITM0015169,HORD004816,PRD0451,1,1300.44,1300.44
HITM0015170,HORD004817,PRD0505,1,1028.22,1028.22
HITM0015171,HORD004817,PRD0912,2,1391.06,2782.12
HITM0015172,HORD004817,PRD0455,1,243.16,243.16
HITM0015173,HORD004818,PRD0938,2,103.84,207.68
HITM0015174,HORD004818,PRD0160,1,21.4,21.4
HITM0015175,HORD004818,PRD0663,1,1329.29,1329.29
HITM0015176,HORD004819,PRD0705,1,387.12,387.12
HITM0015177,HORD004820,PRD0455,1,243.16,243.16
HITM0015178,HORD004820,PRD0985,1,77.36,77.36
HITM0015179,HORD004820,PRD0177,1,535.99,535.99
HITM0015180,HORD004821,PRD0491,1,2056.04,2056.04
HITM0015181,HORD004821,PRD0518,2,127.55,255.1
HITM0015182,HORD004822,PRD0138,1,99.85,99.85
HITM0015183,HORD004822,PRD0519,1,268.64,268.64
HITM0015184,HORD004823,PRD0660,1,89.27,89.27
HITM0015185,HORD004823,PRD0116,2,328.2,656.4
HITM0015186,HORD004823,PRD0469,1,274.61,274.61
HITM0015187,HORD004823,PRD0936,1,279.68,279.68
HITM0015188,HORD004823,PRD0797,1,936.62,936.62
HITM0015189,HORD004824,PRD0590,1,49.98,49.98
HITM0015190,HORD004824,PRD0129,1,584.17,584.17
HITM0015191,HORD004824,PRD0766,2,420.5,841.0
HITM0015192,HORD004824,PRD0531,1,2992.62,2992.62
HITM0015193,HORD004824,PRD0133,1,334.91,334.91
HITM0015194,HORD004825,PRD0186,1,778.69,778.69
HITM0015195,HORD004825,PRD0416,1,236.82,236.82
HITM0015196,HORD004825,PRD0810,1,393.15,393.15
HITM0015197,HORD004826,PRD0868,1,594.16,594.16
HITM0015198,HORD004826,PRD0469,1,274.61,274.61
HITM0015199,HORD004826,PRD0881,1,1385.81,1385.81
HITM0015200,HORD004826,PRD0877,3,1849.07,5547.21
HITM0015201,HORD004826,PRD0306,1,422.96,422.96
HITM0015202,HORD004827,PRD0567,1,1572.22,1572.22
HITM0015203,HORD004827,PRD0441,2,2803.03,5606.06
HITM0015204,HORD004827,PRD0366,2,428.57,857.14
HITM0015205,HORD004827,PRD0601,1,2366.92,2366.92
HITM0015206,HORD004828,PRD0386,1,567.42,567.42
HITM0015207,HORD004828,PRD0256,2,432.88,865.76
HITM0015208,HORD004828,PRD0152,1,1406.47,1406.47
HITM0015209,HORD004829,PRD0120,1,266.59,266.59
HITM0015210,HORD004830,PRD0448,2,1005.39,2010.78
HITM0015211,HORD004830,PRD0904,1,2587.28,2587.28
HITM0015212,HORD004830,PRD0046,1,192.34,192.34
HITM0015213,HORD004831,PRD0496,2,519.08,1038.16
HITM0015214,HORD004831,PRD0562,1,1881.67,1881.67
HITM0015215,HORD004831,PRD0393,1,793.28,793.28
HITM0015216,HORD004832,PRD0884,1,2408.23,2408.23
HITM0015217,HORD004832,PRD0076,1,232.75,232.75
HITM0015218,HORD004832,PRD0790,1,55.39,55.39
HITM0015219,HORD004832,PRD0890,3,176.95,530.85
HITM0015220,HORD004833,PRD0282,1,1092.79,1092.79
HITM0015221,HORD004833,PRD0310,2,161.31,322.62
HITM0015222,HORD004833,PRD0900,1,369.61,369.61
HITM0015223,HORD004834,PRD0775,1,668.73,668.73
HITM0015224,HORD004834,PRD0969,1,99.89,99.89
HITM0015225,HORD004834,PRD0710,1,161.67,161.67
HITM0015226,HORD004835,PRD0561,1,2317.58,2317.58
HITM0015227,HORD004836,PRD0585,1,101.78,101.78
HITM0015228,HORD004836,PRD0609,1,83.83,83.83
HITM0015229,HORD004836,PRD0633,3,1341.18,4023.54
HITM0015230,HORD004836,PRD0320,1,227.72,227.72
HITM0015231,HORD004837,PRD0020,3,148.97,446.91
HITM0015232,HORD004837,PRD0710,2,161.67,323.34
HITM0015233,HORD004837,PRD0225,1,1003.93,1003.93
HITM0015234,HORD004837,PRD0261,1,3026.48,3026.48
HITM0015235,HORD004838,PRD0670,1,137.8,137.8
HITM0015236,HORD004839,PRD0013,1,1361.97,1361.97
HITM0015237,HORD004839,PRD0116,2,328.2,656.4
HITM0015238,HORD004839,PRD0101,1,1796.81,1796.81
HITM0015239,HORD004839,PRD0872,1,588.52,588.52
HITM0015240,HORD004840,PRD0390,1,153.47,153.47
HITM0015241,HORD004840,PRD0660,1,89.27,89.27
HITM0015242,HORD004840,PRD0502,1,553.17,553.17
HITM0015243,HORD004840,PRD0457,2,1285.45,2570.9
HITM0015244,HORD004840,PRD0436,1,112.2,112.2
HITM0015245,HORD004841,PRD0953,2,968.69,1937.38
HITM0015246,HORD004841,PRD0366,1,428.57,428.57
HITM0015247,HORD004841,PRD0765,1,724.29,724.29
HITM0015248,HORD004842,PRD0361,1,2052.76,2052.76
HITM0015249,HORD004842,PRD0782,2,492.79,985.58
HITM0015250,HORD004842,PRD0551,2,2253.02,4506.04
HITM0015251,HORD004843,PRD0976,1,714.76,714.76
HITM0015252,HORD004843,PRD0140,1,347.21,347.21
HITM0015253,HORD004844,PRD0350,1,133.96,133.96
HITM0015254,HORD004844,PRD0200,1,231.67,231.67
HITM0015255,HORD004844,PRD0896,1,507.02,507.02
HITM0015256,HORD004844,PRD0537,1,717.48,717.48
HITM0015257,HORD004844,PRD0865,1,1074.97,1074.97
HITM0015258,HORD004845,PRD0400,1,411.31,411.31
HITM0015259,HORD004845,PRD0235,2,248.42,496.84
HITM0015260,HORD004846,PRD0900,1,369.61,369.61
HITM0015261,HORD004846,PRD0302,1,462.63,462.63
HITM0015262,HORD004846,PRD0725,1,282.7,282.7
HITM0015263,HORD004847,PRD0089,1,561.13,561.13
HITM0015264,HORD004847,PRD0426,1,726.65,726.65
HITM0015265,HORD004848,PRD0265,2,542.34,1084.68
HITM0015266,HORD004848,PRD0142,1,1283.99,1283.99
HITM0015267,HORD004848,PRD0690,2,296.31,592.62
HITM0015268,HORD004849,PRD0768,1,73.54,73.54
HITM0015269,HORD004849,PRD0114,1,2620.24,2620.24
HITM0015270,HORD004849,PRD0999,1,892.27,892.27
HITM0015271,HORD004850,PRD0269,2,473.87,947.74
HITM0015272,HORD004850,PRD0206,1,190.8,190.8
HITM0015273,HORD004851,PRD0323,1,1563.09,1563.09
HITM0015274,HORD004851,PRD0640,2,23.59,47.18
HITM0015275,HORD004851,PRD0303,1,858.46,858.46
HITM0015276,HORD004851,PRD0555,2,955.38,1910.76
HITM0015277,HORD004852,PRD0476,1,658.84,658.84
HITM0015278,HORD004852,PRD0540,1,301.77,301.77
HITM0015279,HORD004853,PRD0027,1,116.57,116.57
HITM0015280,HORD004853,PRD0808,1,69.84,69.84
HITM0015281,HORD004854,PRD0192,1,687.57,687.57
HITM0015282,HORD004854,PRD0880,2,132.59,265.18
HITM0015283,HORD004854,PRD0010,1,39.45,39.45
HITM0015284,HORD004855,PRD0159,1,897.22,897.22
HITM0015285,HORD004855,PRD0336,1,110.53,110.53
HITM0015286,HORD004855,PRD0122,2,1579.58,3159.16
HITM0015287,HORD004856,PRD0924,1,508.67,508.67
HITM0015288,HORD004856,PRD0368,2,759.57,1519.14
HITM0015289,HORD004856,PRD0128,1,394.68,394.68
HITM0015290,HORD004856,PRD0325,1,607.53,607.53
HITM0015291,HORD004856,PRD0574,1,1085.51,1085.51
HITM0015292,HORD004857,PRD0027,1,116.57,116.57
HITM0015293,HORD004857,PRD0837,2,470.72,941.44
HITM0015294,HORD004857,PRD0326,1,833.05,833.05
HITM0015295,HORD004857,PRD0152,1,1406.47,1406.47
HITM0015296,HORD004858,PRD0963,1,648.79,648.79
HITM0015297,HORD004858,PRD0829,3,328.42,985.26
HITM0015298,HORD004858,PRD0042,1,711.35,711.35
HITM0015299,HORD004858,PRD0077,1,604.37,604.37
HITM0015300,HORD004858,PRD0533,1,1118.9,1118.9
HITM0015301,HORD004859,PRD0102,1,1498.33,1498.33
HITM0015302,HORD004859,PRD0830,1,146.02,146.02
HITM0015303,HORD004859,PRD0906,1,553.58,553.58
HITM0015304,HORD004860,PRD0010,1,39.45,39.45
HITM0015305,HORD004860,PRD0366,1,428.57,428.57
HITM0015306,HORD004860,PRD0469,3,274.61,823.83
HITM0015307,HORD004861,PRD0702,1,1785.7,1785.7
HITM0015308,HORD004861,PRD0117,1,1668.5,1668.5
HITM0015309,HORD004861,PRD0410,2,142.89,285.78
HITM0015310,HORD004861,PRD0995,2,258.22,516.44
HITM0015311,HORD004861,PRD0085,1,655.93,655.93
HITM0015312,HORD004862,PRD0374,1,759.14,759.14
HITM0015313,HORD004862,PRD0640,1,23.59,23.59
HITM0015314,HORD004862,PRD0326,1,833.05,833.05
HITM0015315,HORD004862,PRD0880,2,132.59,265.18
HITM0015316,HORD004863,PRD0625,2,122.46,244.92
HITM0015317,HORD004863,PRD0143,1,490.94,490.94
HITM0015318,HORD004864,PRD0900,1,369.61,369.61
HITM0015319,HORD004864,PRD0972,2,1027.59,2055.18
HITM0015320,HORD004864,PRD0321,1,1488.38,1488.38
HITM0015321,HORD004864,PRD0147,1,1910.7,1910.7
HITM0015322,HORD004865,PRD0182,1,986.88,986.88
HITM0015323,HORD004865,PRD0466,2,460.08,920.16
HITM0015324,HORD004865,PRD0934,2,524.96,1049.92
HITM0015325,HORD004866,PRD0574,2,1085.51,2171.02
HITM0015326,HORD004866,PRD0176,1,662.86,662.86
HITM0015327,HORD004866,PRD0456,1,117.59,117.59
HITM0015328,HORD004867,PRD0674,1,2519.21,2519.21
HITM0015329,HORD004867,PRD0095,1,590.13,590.13
HITM0015330,HORD004867,PRD0451,1,1300.44,1300.44
HITM0015331,HORD004867,PRD0886,1,389.53,389.53
HITM0015332,HORD004868,PRD0769,1,798.58,798.58
HITM0015333,HORD004868,PRD0940,3,227.03,681.09
HITM0015334,HORD004868,PRD0548,3,448.84,1346.52
HITM0015335,HORD004868,PRD0907,1,2551.71,2551.71
HITM0015336,HORD004869,PRD0997,1,1651.08,1651.08
HITM0015337,HORD004869,PRD0679,1,1399.86,1399.86
HITM0015338,HORD004870,PRD0003,1,342.16,342.16
HITM0015339,HORD004870,PRD0300,1,243.64,243.64
HITM0015340,HORD004871,PRD0639,1,1114.83,1114.83
HITM0015341,HORD004871,PRD0840,1,102.1,102.1
HITM0015342,HORD004872,PRD1000,1,45.04,45.04
HITM0015343,HORD004872,PRD0187,2,1511.07,3022.14
HITM0015344,HORD004872,PRD0485,1,939.87,939.87
HITM0015345,HORD004872,PRD0024,1,935.75,935.75
HITM0015346,HORD004873,PRD0409,1,165.4,165.4
HITM0015347,HORD004874,PRD0734,1,3584.06,3584.06
HITM0015348,HORD004874,PRD0062,1,551.76,551.76
HITM0015349,HORD004875,PRD0609,1,83.83,83.83
HITM0015350,HORD004875,PRD0230,1,34.01,34.01
HITM0015351,HORD004875,PRD0668,1,641.02,641.02
HITM0015352,HORD004875,PRD0588,2,544.11,1088.22
HITM0015353,HORD004876,PRD0723,1,867.11,867.11
HITM0015354,HORD004876,PRD0987,2,1838.0,3676.0
HITM0015355,HORD004876,PRD0933,1,1243.12,1243.12
HITM0015356,HORD004877,PRD0176,1,662.86,662.86
HITM0015357,HORD004877,PRD0837,1,470.72,470.72
HITM0015358,HORD004877,PRD0618,1,208.79,208.79
HITM0015359,HORD004877,PRD0570,1,179.75,179.75
HITM0015360,HORD004877,PRD0803,1,671.68,671.68
HITM0015361,HORD004878,PRD0162,1,1711.96,1711.96
HITM0015362,HORD004878,PRD0468,1,388.69,388.69
HITM0015363,HORD004878,PRD0335,1,235.04,235.04
HITM0015364,HORD004879,PRD0059,1,1461.18,1461.18
HITM0015365,HORD004879,PRD0186,2,778.69,1557.38
HITM0015366,HORD004879,PRD0479,1,660.2,660.2
HITM0015367,HORD004879,PRD0738,2,520.03,1040.06
HITM0015368,HORD004879,PRD0125,1,108.47,108.47
HITM0015369,HORD004880,PRD0786,1,326.86,326.86
HITM0015370,HORD004880,PRD0173,1,270.07,270.07
HITM0015371,HORD004880,PRD0165,1,203.41,203.41
HITM0015372,HORD004880,PRD0163,2,1059.22,2118.44
HITM0015373,HORD004881,PRD0340,1,42.57,42.57
HITM0015374,HORD004881,PRD0378,1,271.63,271.63
HITM0015375,HORD004881,PRD0560,2,258.29,516.58
HITM0015376,HORD004882,PRD0468,3,388.69,1166.07
HITM0015377,HORD004882,PRD0755,1,229.0,229.0
HITM0015378,HORD004883,PRD0874,1,3409.41,3409.41
HITM0015379,HORD004883,PRD0410,2,142.89,285.78
HITM0015380,HORD004883,PRD0140,1,347.21,347.21
HITM0015381,HORD004884,PRD0897,3,351.24,1053.72
HITM0015382,HORD004884,PRD0757,1,915.35,915.35
HITM0015383,HORD004884,PRD0929,1,131.55,131.55
HITM0015384,HORD004884,PRD0584,1,3190.99,3190.99
HITM0015385,HORD004885,PRD0158,1,224.45,224.45
HITM0015386,HORD004885,PRD0903,2,332.35,664.7
HITM0015387,HORD004885,PRD0137,1,125.48,125.48
HITM0015388,HORD004886,PRD0661,1,1942.53,1942.53
HITM0015389,HORD004886,PRD0299,1,150.48,150.48
HITM0015390,HORD004886,PRD0726,1,256.01,256.01
HITM0015391,HORD004887,PRD0412,1,1822.18,1822.18
HITM0015392,HORD004887,PRD0611,1,1417.98,1417.98
HITM0015393,HORD004887,PRD0920,2,123.07,246.14
HITM0015394,HORD004887,PRD0295,1,607.48,607.48
HITM0015395,HORD004888,PRD0273,1,409.71,409.71
HITM0015396,HORD004888,PRD0772,1,661.34,661.34
HITM0015397,HORD004888,PRD0914,1,2743.18,2743.18
HITM0015398,HORD004889,PRD0161,1,2870.46,2870.46
HITM0015399,HORD004889,PRD0522,2,1270.84,2541.68
HITM0015400,HORD004889,PRD0062,1,551.76,551.76
HITM0015401,HORD004890,PRD0806,1,499.24,499.24
HITM0015402,HORD004891,PRD0080,1,122.76,122.76
HITM0015403,HORD004891,PRD0483,1,863.5,863.5
HITM0015404,HORD004891,PRD0666,1,688.32,688.32
HITM0015405,HORD004891,PRD0795,2,574.53,1149.06
HITM0015406,HORD004892,PRD0820,1,31.29,31.29
HITM0015407,HORD004893,PRD0299,1,150.48,150.48
HITM0015408,HORD004893,PRD0198,1,737.1,737.1
HITM0015409,HORD004894,PRD0545,1,1132.56,1132.56
HITM0015410,HORD004894,PRD0176,1,662.86,662.86
HITM0015411,HORD004894,PRD0377,1,1501.75,1501.75
HITM0015412,HORD004894,PRD0903,1,332.35,332.35
HITM0015413,HORD004895,PRD0478,1,917.54,917.54
HITM0015414,HORD004895,PRD0554,1,611.35,611.35
HITM0015415,HORD004896,PRD0706,1,377.51,377.51
HITM0015416,HORD004896,PRD0045,1,306.29,306.29
HITM0015417,HORD004897,PRD0790,1,55.39,55.39
HITM0015418,HORD004897,PRD0908,1,136.87,136.87
HITM0015419,HORD004898,PRD0326,1,833.05,833.05
HITM0015420,HORD004898,PRD0859,1,664.51,664.51
HITM0015421,HORD004898,PRD0786,1,326.86,326.86
HITM0015422,HORD004899,PRD0010,2,39.45,78.9
HITM0015423,HORD004900,PRD0950,3,238.05,714.15
HITM0015424,HORD004900,PRD0644,1,3406.46,3406.46
HITM0015425,HORD004900,PRD0919,1,192.13,192.13
HITM0015426,HORD004900,PRD0523,2,1405.5,2811.0
HITM0015427,HORD004901,PRD0673,1,548.1,548.1
HITM0015428,HORD004901,PRD0173,1,270.07,270.07
HITM0015429,HORD004901,PRD0678,3,904.89,2714.67
HITM0015430,HORD004902,PRD0037,1,873.28,873.28
HITM0015431,HORD004902,PRD0031,1,1504.32,1504.32
HITM0015432,HORD004902,PRD0486,1,180.26,180.26
HITM0015433,HORD004903,PRD0729,1,1304.27,1304.27
HITM0015434,HORD004903,PRD0473,1,370.27,370.27
HITM0015435,HORD004904,PRD0610,2,167.07,334.14
HITM0015436,HORD004904,PRD0327,1,812.84,812.84
HITM0015437,HORD004905,PRD0606,1,49.01,49.01
HITM0015438,HORD004906,PRD0131,2,2191.15,4382.3
HITM0015439,HORD004906,PRD0595,1,429.07,429.07
HITM0015440,HORD004906,PRD0470,1,133.45,133.45
HITM0015441,HORD004906,PRD0630,1,270.86,270.86
HITM0015442,HORD004907,PRD0451,2,1300.44,2600.88
HITM0015443,HORD004907,PRD0167,1,1477.35,1477.35
HITM0015444,HORD004907,PRD0629,1,402.79,402.79
HITM0015445,HORD004907,PRD0869,1,131.2,131.2
HITM0015446,HORD004908,PRD0920,1,123.07,123.07
HITM0015447,HORD004909,PRD0149,1,1414.32,1414.32
HITM0015448,HORD004909,PRD0947,2,934.61,1869.22
HITM0015449,HORD004910,PRD0628,2,904.82,1809.64
HITM0015450,HORD004910,PRD0169,1,445.45,445.45
HITM0015451,HORD004911,PRD0005,1,793.64,793.64
HITM0015452,HORD004911,PRD0669,1,387.51,387.51
HITM0015453,HORD004912,PRD0959,1,182.03,182.03
HITM0015454,HORD004912,PRD0389,1,910.21,910.21
HITM0015455,HORD004912,PRD0406,1,184.6,184.6
HITM0015456,HORD004912,PRD0280,1,84.08,84.08
HITM0015457,HORD004913,PRD0880,1,132.59,132.59
HITM0015458,HORD004913,PRD0271,1,1003.21,1003.21
HITM0015459,HORD004913,PRD0809,2,1365.76,2731.52
HITM0015460,HORD004913,PRD0414,1,3953.91,3953.91
HITM0015461,HORD004914,PRD0214,1,1445.79,1445.79
HITM0015462,HORD004914,PRD0043,2,1005.0,2010.0
HITM0015463,HORD004914,PRD0711,2,1902.91,3805.82
HITM0015464,HORD004915,PRD0606,1,49.01,49.01
HITM0015465,HORD004915,PRD0875,1,73.21,73.21
HITM0015466,HORD004915,PRD0632,1,1640.52,1640.52
HITM0015467,HORD004916,PRD0401,1,2894.25,2894.25
HITM0015468,HORD004916,PRD0845,2,45.19,90.38
HITM0015469,HORD004917,PRD0677,1,1000.46,1000.46
HITM0015470,HORD004917,PRD0089,1,561.13,561.13
HITM0015471,HORD004918,PRD0616,1,819.39,819.39
HITM0015472,HORD004918,PRD0975,2,723.09,1446.18
HITM0015473,HORD004919,PRD0366,1,428.57,428.57
HITM0015474,HORD004919,PRD0774,1,1734.69,1734.69
HITM0015475,HORD004919,PRD0837,2,470.72,941.44
HITM0015476,HORD004919,PRD0302,1,462.63,462.63
HITM0015477,HORD004920,PRD0540,2,301.77,603.54
HITM0015478,HORD004920,PRD0927,1,138.39,138.39
HITM0015479,HORD004920,PRD0598,2,522.01,1044.02
HITM0015480,HORD004921,PRD0188,1,861.47,861.47
HITM0015481,HORD004921,PRD0476,1,658.84,658.84
HITM0015482,HORD004921,PRD0640,2,23.59,47.18
HITM0015483,HORD004921,PRD0979,1,1067.2,1067.2
HITM0015484,HORD004922,PRD0290,1,53.02,53.02
HITM0015485,HORD004922,PRD0460,2,289.71,579.42
HITM0015486,HORD004923,PRD0189,1,634.68,634.68
HITM0015487,HORD004923,PRD0389,1,910.21,910.21
HITM0015488,HORD004924,PRD0526,1,44.24,44.24
HITM0015489,HORD004924,PRD0685,1,987.86,987.86
HITM0015490,HORD004925,PRD0077,1,604.37,604.37
HITM0015491,HORD004925,PRD0844,1,3853.97,3853.97
HITM0015492,HORD004925,PRD0925,1,56.69,56.69
HITM0015493,HORD004925,PRD0977,1,327.77,327.77
HITM0015494,HORD004925,PRD0699,1,1102.07,1102.07
HITM0015495,HORD004926,PRD0198,1,737.1,737.1
HITM0015496,HORD004926,PRD0607,1,2415.11,2415.11
HITM0015497,HORD004926,PRD0331,1,2135.57,2135.57
HITM0015498,HORD004927,PRD0162,1,1711.96,1711.96
HITM0015499,HORD004927,PRD0345,2,752.34,1504.68
HITM0015500,HORD004928,PRD0563,1,651.72,651.72
HITM0015501,HORD004928,PRD0746,1,187.06,187.06
HITM0015502,HORD004928,PRD0180,3,356.72,1070.16
HITM0015503,HORD004929,PRD0045,1,306.29,306.29
HITM0015504,HORD004929,PRD0869,1,131.2,131.2
HITM0015505,HORD004929,PRD0507,1,135.21,135.21
HITM0015506,HORD004929,PRD0426,1,726.65,726.65
HITM0015507,HORD004929,PRD0156,1,115.73,115.73
HITM0015508,HORD004930,PRD0723,1,867.11,867.11
HITM0015509,HORD004931,PRD0237,2,983.57,1967.14
HITM0015510,HORD004931,PRD0175,1,340.25,340.25
HITM0015511,HORD004931,PRD0698,1,981.72,981.72
HITM0015512,HORD004932,PRD0250,2,329.47,658.94
HITM0015513,HORD004932,PRD0076,1,232.75,232.75
HITM0015514,HORD004932,PRD0178,1,176.94,176.94
HITM0015515,HORD004932,PRD0062,1,551.76,551.76
HITM0015516,HORD004933,PRD0690,1,296.31,296.31
HITM0015517,HORD004933,PRD0796,2,46.19,92.38
HITM0015518,HORD004933,PRD0366,2,428.57,857.14
HITM0015519,HORD004933,PRD0606,1,49.01,49.01
HITM0015520,HORD004933,PRD0086,1,92.8,92.8
HITM0015521,HORD004934,PRD0462,1,1180.47,1180.47
HITM0015522,HORD004934,PRD0027,2,116.57,233.14
HITM0015523,HORD004934,PRD0489,1,376.72,376.72
HITM0015524,HORD004935,PRD0660,1,89.27,89.27
HITM0015525,HORD004935,PRD0809,1,1365.76,1365.76
HITM0015526,HORD004935,PRD0625,1,122.46,122.46
HITM0015527,HORD004936,PRD0077,1,604.37,604.37
HITM0015528,HORD004936,PRD0318,1,971.41,971.41
HITM0015529,HORD004936,PRD0423,1,610.02,610.02
HITM0015530,HORD004936,PRD0522,2,1270.84,2541.68
HITM0015531,HORD004937,PRD0370,1,233.44,233.44
HITM0015532,HORD004937,PRD0522,1,1270.84,1270.84
HITM0015533,HORD004937,PRD0288,1,151.78,151.78
HITM0015534,HORD004938,PRD0991,1,2498.97,2498.97
HITM0015535,HORD004939,PRD0640,1,23.59,23.59
HITM0015536,HORD004939,PRD0251,1,1871.06,1871.06
HITM0015537,HORD004939,PRD0225,1,1003.93,1003.93
HITM0015538,HORD004939,PRD0664,1,3200.22,3200.22
HITM0015539,HORD004940,PRD0060,1,207.18,207.18
HITM0015540,HORD004940,PRD0190,3,34.34,103.02
HITM0015541,HORD004940,PRD0256,1,432.88,432.88
HITM0015542,HORD004941,PRD0878,1,689.64,689.64
HITM0015543,HORD004941,PRD0886,1,389.53,389.53
HITM0015544,HORD004941,PRD0719,2,876.46,1752.92
HITM0015545,HORD004942,PRD0973,1,573.55,573.55
HITM0015546,HORD004942,PRD0828,1,146.02,146.02
HITM0015547,HORD004943,PRD0028,1,160.23,160.23
HITM0015548,HORD004943,PRD0944,1,2088.32,2088.32
HITM0015549,HORD004943,PRD0205,1,696.35,696.35
HITM0015550,HORD004943,PRD0799,1,114.07,114.07
HITM0015551,HORD004944,PRD0184,1,869.57,869.57
HITM0015552,HORD004944,PRD0522,1,1270.84,1270.84
HITM0015553,HORD004944,PRD0743,1,939.8,939.8
HITM0015554,HORD004945,PRD0316,1,401.13,401.13
HITM0015555,HORD004945,PRD0507,1,135.21,135.21
HITM0015556,HORD004945,PRD0050,1,289.02,289.02
HITM0015557,HORD004946,PRD0305,2,346.95,693.9
HITM0015558,HORD004946,PRD0390,2,153.47,306.94
HITM0015559,HORD004946,PRD0950,1,238.05,238.05
HITM0015560,HORD004947,PRD0811,1,3124.99,3124.99
HITM0015561,HORD004947,PRD0171,1,2475.28,2475.28
HITM0015562,HORD004947,PRD0292,1,643.6,643.6
HITM0015563,HORD004947,PRD0916,1,784.31,784.31
HITM0015564,HORD004948,PRD0438,1,104.09,104.09
HITM0015565,HORD004948,PRD0073,1,1497.77,1497.77
HITM0015566,HORD004949,PRD0146,2,212.69,425.38
HITM0015567,HORD004949,PRD0323,3,1563.09,4689.27
HITM0015568,HORD004949,PRD0450,1,56.05,56.05
HITM0015569,HORD004949,PRD0167,1,1477.35,1477.35
HITM0015570,HORD004950,PRD0830,1,146.02,146.02
HITM0015571,HORD004950,PRD0568,1,299.47,299.47
HITM0015572,HORD004950,PRD0397,1,1704.15,1704.15
HITM0015573,HORD004950,PRD0671,2,926.06,1852.12
HITM0015574,HORD004950,PRD0847,1,1756.67,1756.67
HITM0015575,HORD004951,PRD0103,1,1002.58,1002.58
HITM0015576,HORD004951,PRD0953,1,968.69,968.69
HITM0015577,HORD004951,PRD0626,1,139.26,139.26
HITM0015578,HORD004951,PRD0927,1,138.39,138.39
HITM0015579,HORD004952,PRD0611,2,1417.98,2835.96
HITM0015580,HORD004952,PRD0190,1,34.34,34.34
HITM0015581,HORD004952,PRD0041,1,3019.84,3019.84
HITM0015582,HORD004953,PRD0606,1,49.01,49.01
HITM0015583,HORD004953,PRD0438,1,104.09,104.09
HITM0015584,HORD004953,PRD0105,3,385.04,1155.12
HITM0015585,HORD004953,PRD0580,2,218.53,437.06
HITM0015586,HORD004953,PRD0040,1,201.64,201.64
HITM0015587,HORD004954,PRD0545,1,1132.56,1132.56
HITM0015588,HORD004954,PRD0750,1,262.52,262.52
HITM0015589,HORD004954,PRD0005,2,793.64,1587.28
HITM0015590,HORD004955,PRD0335,2,235.04,470.08
HITM0015591,HORD004955,PRD0708,2,1093.2,2186.4
HITM0015592,HORD004956,PRD0950,1,238.05,238.05
HITM0015593,HORD004956,PRD0150,1,302.63,302.63
HITM0015594,HORD004956,PRD0446,1,172.12,172.12
HITM0015595,HORD004956,PRD0563,1,651.72,651.72
HITM0015596,HORD004957,PRD0486,2,180.26,360.52
HITM0015597,HORD004957,PRD0290,1,53.02,53.02
HITM0015598,HORD004958,PRD0766,2,420.5,841.0
HITM0015599,HORD004958,PRD0915,1,551.31,551.31
HITM0015600,HORD004958,PRD0745,1,494.7,494.7
HITM0015601,HORD004958,PRD0615,1,992.86,992.86
HITM0015602,HORD004959,PRD0153,1,1298.08,1298.08
HITM0015603,HORD004959,PRD0100,1,328.27,328.27
HITM0015604,HORD004960,PRD0503,2,896.74,1793.48
HITM0015605,HORD004960,PRD0327,1,812.84,812.84
HITM0015606,HORD004961,PRD0376,1,811.77,811.77
HITM0015607,HORD004961,PRD0736,2,171.3,342.6
HITM0015608,HORD004961,PRD0168,1,451.79,451.79
HITM0015609,HORD004962,PRD0307,1,2338.69,2338.69
HITM0015610,HORD004962,PRD0130,1,183.26,183.26
HITM0015611,HORD004962,PRD0134,1,878.86,878.86
HITM0015612,HORD004963,PRD0686,1,208.32,208.32
HITM0015613,HORD004963,PRD0456,1,117.59,117.59
HITM0015614,HORD004963,PRD0314,1,4090.98,4090.98
HITM0015615,HORD004964,PRD0315,1,58.99,58.99
HITM0015616,HORD004964,PRD0730,1,388.14,388.14
HITM0015617,HORD004965,PRD0563,1,651.72,651.72
HITM0015618,HORD004965,PRD0325,1,607.53,607.53
HITM0015619,HORD004965,PRD0496,3,519.08,1557.24
HITM0015620,HORD004965,PRD0453,1,904.43,904.43
HITM0015621,HORD004966,PRD0090,1,136.64,136.64
HITM0015622,HORD004966,PRD0010,1,39.45,39.45
HITM0015623,HORD004967,PRD0014,1,2897.37,2897.37
HITM0015624,HORD004967,PRD0810,1,393.15,393.15
HITM0015625,HORD004967,PRD0646,1,609.53,609.53
HITM0015626,HORD004968,PRD0831,2,1878.68,3757.36
HITM0015627,HORD004968,PRD0782,3,492.79,1478.37
HITM0015628,HORD004968,PRD0204,1,1670.01,1670.01
HITM0015629,HORD004968,PRD0826,2,89.12,178.24
HITM0015630,HORD004969,PRD0630,1,270.86,270.86
HITM0015631,HORD004969,PRD0960,1,321.52,321.52
HITM0015632,HORD004969,PRD0280,1,84.08,84.08
HITM0015633,HORD004970,PRD0296,1,122.37,122.37
HITM0015634,HORD004970,PRD0405,1,1063.36,1063.36
HITM0015635,HORD004970,PRD0625,1,122.46,122.46
HITM0015636,HORD004970,PRD0080,1,122.76,122.76
HITM0015637,HORD004971,PRD0663,1,1329.29,1329.29
HITM0015638,HORD004971,PRD0383,1,1183.76,1183.76
HITM0015639,HORD004971,PRD0959,1,182.03,182.03
HITM0015640,HORD004971,PRD0105,2,385.04,770.08
HITM0015641,HORD004971,PRD0278,1,83.35,83.35
HITM0015642,HORD004972,PRD0476,1,658.84,658.84
HITM0015643,HORD004972,PRD0732,1,1068.78,1068.78
HITM0015644,HORD004972,PRD0358,2,1045.44,2090.88
HITM0015645,HORD004972,PRD0591,2,2930.44,5860.88
HITM0015646,HORD004973,PRD0954,1,551.46,551.46
HITM0015647,HORD004973,PRD0258,1,816.42,816.42
HITM0015648,HORD004973,PRD0637,2,2457.32,4914.64
HITM0015649,HORD004974,PRD0062,1,551.76,551.76
HITM0015650,HORD004974,PRD0814,3,849.01,2547.03
HITM0015651,HORD004975,PRD0528,1,136.95,136.95
HITM0015652,HORD004975,PRD0308,1,524.45,524.45
HITM0015653,HORD004975,PRD0374,1,759.14,759.14
HITM0015654,HORD004975,PRD0232,1,1295.64,1295.64
HITM0015655,HORD004976,PRD0344,2,2946.2,5892.4
HITM0015656,HORD004976,PRD0604,1,2778.09,2778.09
HITM0015657,HORD004976,PRD0699,1,1102.07,1102.07
HITM0015658,HORD004976,PRD0263,1,618.52,618.52
HITM0015659,HORD004977,PRD0765,1,724.29,724.29
HITM0015660,HORD004977,PRD0699,1,1102.07,1102.07
HITM0015661,HORD004978,PRD0688,1,611.89,611.89
HITM0015662,HORD004978,PRD0859,1,664.51,664.51
HITM0015663,HORD004979,PRD0263,1,618.52,618.52
HITM0015664,HORD004979,PRD0210,2,371.54,743.08
HITM0015665,HORD004980,PRD0600,1,222.54,222.54
HITM0015666,HORD004980,PRD0288,2,151.78,303.56
HITM0015667,HORD004980,PRD0292,1,643.6,643.6
HITM0015668,HORD004981,PRD0846,2,417.95,835.9
HITM0015669,HORD004981,PRD0563,1,651.72,651.72
HITM0015670,HORD004981,PRD0820,2,31.29,62.58
HITM0015671,HORD004981,PRD0060,3,207.18,621.54
HITM0015672,HORD004982,PRD0384,1,1325.18,1325.18
HITM0015673,HORD004982,PRD0731,1,1036.98,1036.98
HITM0015674,HORD004982,PRD0980,1,398.63,398.63
HITM0015675,HORD004983,PRD0534,1,458.42,458.42
HITM0015676,HORD004983,PRD0116,3,328.2,984.6
HITM0015677,HORD004984,PRD0356,1,246.85,246.85
HITM0015678,HORD004984,PRD0863,1,1472.8,1472.8
HITM0015679,HORD004984,PRD0381,1,2300.27,2300.27
HITM0015680,HORD004985,PRD0498,1,309.85,309.85
HITM0015681,HORD004985,PRD0764,2,472.57,945.14
HITM0015682,HORD004985,PRD0527,1,2128.95,2128.95
HITM0015683,HORD004985,PRD0790,1,55.39,55.39
HITM0015684,HORD004985,PRD0470,1,133.45,133.45
HITM0015685,HORD004986,PRD0092,1,651.72,651.72
HITM0015686,HORD004986,PRD0007,1,1146.82,1146.82
HITM0015687,HORD004986,PRD0840,1,102.1,102.1
HITM0015688,HORD004986,PRD0335,1,235.04,235.04
HITM0015689,HORD004986,PRD0696,1,119.65,119.65
HITM0015690,HORD004987,PRD0795,1,574.53,574.53
HITM0015691,HORD004987,PRD0226,1,286.78,286.78
HITM0015692,HORD004987,PRD0899,1,1072.73,1072.73
HITM0015693,HORD004987,PRD0798,2,418.33,836.66
HITM0015694,HORD004988,PRD0590,1,49.98,49.98
HITM0015695,HORD004988,PRD0451,3,1300.44,3901.32
HITM0015696,HORD004988,PRD0563,2,651.72,1303.44
HITM0015697,HORD004989,PRD0440,2,112.71,225.42
HITM0015698,HORD004989,PRD0774,1,1734.69,1734.69
HITM0015699,HORD004989,PRD0389,2,910.21,1820.42
HITM0015700,HORD004989,PRD0792,1,1480.93,1480.93
HITM0015701,HORD004989,PRD0938,1,103.84,103.84
HITM0015702,HORD004990,PRD0944,1,2088.32,2088.32
HITM0015703,HORD004990,PRD0678,1,904.89,904.89
HITM0015704,HORD004990,PRD0770,1,410.85,410.85
HITM0015705,HORD004991,PRD0097,1,458.08,458.08
HITM0015706,HORD004992,PRD0416,2,236.82,473.64
HITM0015707,HORD004992,PRD0138,1,99.85,99.85
HITM0015708,HORD004992,PRD0309,1,621.05,621.05
HITM0015709,HORD004992,PRD0808,1,69.84,69.84
HITM0015710,HORD004993,PRD0787,1,1650.81,1650.81
HITM0015711,HORD004993,PRD0362,1,1598.01,1598.01
HITM0015712,HORD004993,PRD0311,1,1786.27,1786.27
HITM0015713,HORD004993,PRD0719,1,876.46,876.46
HITM0015714,HORD004994,PRD0534,1,458.42,458.42
HITM0015715,HORD004994,PRD0979,1,1067.2,1067.2
HITM0015716,HORD004994,PRD0998,1,366.72,366.72
HITM0015717,HORD004994,PRD0574,1,1085.51,1085.51
HITM0015718,HORD004995,PRD0229,1,1192.23,1192.23
HITM0015719,HORD004995,PRD0305,2,346.95,693.9
HITM0015720,HORD004996,PRD0342,1,615.51,615.51
HITM0015721,HORD004996,PRD0047,1,663.9,663.9
HITM0015722,HORD004996,PRD0080,1,122.76,122.76
HITM0015723,HORD004997,PRD0086,1,92.8,92.8
HITM0015724,HORD004997,PRD0036,1,226.94,226.94
HITM0015725,HORD004997,PRD0115,2,671.68,1343.36
HITM0015726,HORD004997,PRD0779,1,234.12,234.12
HITM0015727,HORD004998,PRD0300,1,243.64,243.64
HITM0015728,HORD004998,PRD0911,2,1191.91,2383.82
HITM0015729,HORD004998,PRD0609,1,83.83,83.83
HITM0015730,HORD004998,PRD0660,1,89.27,89.27
HITM0015731,HORD004999,PRD0981,1,2778.15,2778.15
HITM0015732,HORD004999,PRD0227,1,922.85,922.85
HITM0015733,HORD004999,PRD0801,1,1592.9,1592.9
HITM0015734,HORD004999,PRD0139,1,1069.24,1069.24
HITM0015735,HORD005000,PRD0558,1,1004.64,1004.64
HITM0015736,HORD005000,PRD0830,2,146.02,292.04
HITM0015737,HORD005000,PRD0367,1,1222.73,1222.73
HITM0015738,HORD005000,PRD0157,2,1264.96,2529.92
HITM0015739,HORD005000,PRD0060,1,207.18,207.18
