product_id,product_name,category,brand,unit_price,unit_cost,launch_year,warranty_months,weight_kg,product_sku,subcategory,model_family,colour,supplier_id,supplier_country,launch_date,tax_category,package_type,recyclable_packaging,active_flag,product_description_clean
PRD0001,Candle Bloom 100,Laptop,Candle,2639.78,1526.71,2016,24,1.884,SKU-CAN00001,Ultrabook,Arc,Gold,SUP001,Australia,2016-07-22,GST_STANDARD,Box,False,True,"ultrabook designed for portable document work and video meetings, in the arc family and supplied by candle with a 24-month warranty."
PRD0002,Vela Halo 101,Smartphone,Vela,1052.85,609.27,2017,24,0.213,SKU-VEL00002,5G Smartphone,Atlas,Graphite,SUP002,Malaysia,2017-10-02,GST_STANDARD,Protective case,True,True,"5g smartphone designed for daily communication and navigation, in the atlas family and supplied by vela with a 24-month warranty."
PRD0003,Candle Quest 102,Tablet,Candle,342.16,229.52,2013,24,0.558,SKU-CAN00003,Productivity Tablet,Bloom,Red,SUP003,China,2013-05-16,GST_STANDARD,Recycled box,True,True,"productivity tablet designed for reading, annotation and handwritten notes, in the bloom family and supplied by candle with a 24-month warranty."
PRD0004,Vela Wave 103,Home Entertainment,Vela,3297.7,1592.15,2016,24,7.795,SKU-VEL00004,Smart Display,Core,Black,SUP004,Japan,2016-08-18,GST_STANDARD,Box,True,True,"smart display designed for shared film and television viewing, in the core family and supplied by vela with a 24-month warranty."
PRD0005,Candle Edge 104,Audio,Candle,793.64,532.39,2017,12,0.35,SKU-CAN00005,Wireless Audio,Edge,Graphite,SUP005,China,2017-11-06,GST_STANDARD,Protective case,True,True,"wireless audio designed for commuting and spoken-content listening, in the edge family and supplied by candle with a 12-month warranty."
PRD0006,Vela Nova 105,Smart Home,Vela,35.37,21.33,2013,12,0.413,SKU-VEL00006,Home Automation,Echo,Silver,SUP006,Australia,2013-02-12,GST_STANDARD,Protective case,True,True,"home automation designed for app-controlled room lighting, in the echo family and supplied by vela with a 12-month warranty."
PRD0007,Candle Shift 106,Gaming,Candle,1146.82,661.33,2012,24,1.12,SKU-CAN00007,Gaming Hardware,Flux,Blue,SUP007,Australia,2012-03-27,GST_STANDARD,Recycled box,True,True,"gaming hardware designed for long desktop gaming sessions, in the flux family and supplied by candle with a 24-month warranty."
PRD0008,Vela Atlas 107,Wearable,Vela,205.21,118.64,2017,12,0.139,SKU-VEL00008,Health Wearable,Halo,Red,SUP008,China,2017-04-15,GST_STANDARD,Recycled box,True,False,"health wearable designed for daily activity and sleep tracking, in the halo family and supplied by vela with a 12-month warranty."
PRD0009,Candle Flux 108,Networking,Candle,354.96,257.19,2013,24,0.721,SKU-CAN00009,Connected Network,Lumen,Blue,SUP009,Korea,2013-12-12,GST_STANDARD,Box,True,True,"connected network designed for home-office wireless coverage, in the lumen family and supplied by candle with a 24-month warranty."
PRD0010,Vela Pulse 109,Accessory,Vela,39.45,24.64,2015,12,0.206,SKU-VEL00010,Mobile Accessory,Nova,Red,SUP010,Malaysia,2015-01-22,GST_STANDARD,Protective case,True,True,"mobile accessory designed for adjustable desk mounting and device positioning, in the nova family and supplied by vela with a 12-month warranty."
PRD0011,Candle Vista 110,Laptop,Candle,2618.24,1729.77,2014,24,1.995,SKU-CAN00011,Ultrabook,Orbit,Graphite,SUP011,China,2014-04-24,GST_STANDARD,Protective case,True,True,"ultrabook designed for study, research and note taking, in the orbit family and supplied by candle with a 24-month warranty."
PRD0012,Vela Core 111,Smartphone,Vela,1122.89,603.62,2014,24,0.266,SKU-VEL00012,5G Smartphone,Pulse,Silver,SUP012,China,2014-03-22,GST_STANDARD,Recycled box,False,True,"5g smartphone designed for mobile photography and messaging, in the pulse family and supplied by vela with a 24-month warranty."
PRD0013,Candle Lumen 112,Tablet,Candle,1361.97,819.89,2014,24,0.79,SKU-CAN00013,Productivity Tablet,Quest,Green,SUP013,China,2014-08-08,GST_STANDARD,Recycled box,True,True,"productivity tablet designed for portable media and video calls, in the quest family and supplied by candle with a 24-month warranty."
PRD0014,Vela Ridge 113,Home Entertainment,Vela,2897.37,1631.48,2013,24,8.065,SKU-VEL00014,Smart Display,Ridge,Green,SUP014,Australia,2013-09-14,GST_STANDARD,Box,True,False,"smart display designed for music and spoken-content playback, in the ridge family and supplied by vela with a 24-month warranty."
PRD0015,Candle Arc 114,Audio,Candle,624.09,304.16,2015,12,0.461,SKU-CAN00015,Wireless Audio,Shift,Red,SUP015,Vietnam,2015-03-25,GST_STANDARD,Recycled box,True,True,"wireless audio designed for music during focused desk work, in the shift family and supplied by candle with a 12-month warranty."
PRD0016,Vela Echo 115,Smart Home,Vela,346.08,201.6,2016,12,0.366,SKU-VEL00016,Home Automation,Spark,Blue,SUP016,China,2016-11-01,GST_STANDARD,Recycled box,True,True,"home automation designed for scheduled control of a household power outlet, in the spark family and supplied by vela with a 12-month warranty."
PRD0017,Candle Orbit 116,Gaming,Candle,1435.41,877.76,2012,24,0.871,SKU-CAN00017,Gaming Hardware,Vista,Gold,SUP017,China,2012-04-24,GST_STANDARD,Box,True,True,"gaming hardware designed for casual games in a shared room, in the vista family and supplied by candle with a 24-month warranty."
PRD0018,Vela Spark 117,Wearable,Vela,921.55,459.46,2012,12,0.156,SKU-VEL00018,Health Wearable,Wave,Blue,SUP018,Vietnam,2012-06-24,GST_STANDARD,Recycled box,False,True,"health wearable designed for walking and commute notifications, in the wave family and supplied by vela with a 12-month warranty."
PRD0019,Candle Bloom 118,Networking,Candle,353.47,174.31,2013,24,0.755,SKU-CAN00019,Connected Network,Arc,Black,SUP019,China,2013-09-18,GST_STANDARD,Box,True,True,"connected network designed for connecting several shared household devices, in the arc family and supplied by candle with a 24-month warranty."
PRD0020,Vela Halo 119,Accessory,Vela,148.97,112.14,2015,12,0.143,SKU-VEL00020,Mobile Accessory,Atlas,Silver,SUP020,Malaysia,2015-07-21,GST_STANDARD,Protective case,False,True,"mobile accessory designed for protective storage during travel, in the atlas family and supplied by vela with a 12-month warranty."
PRD0021,Candle Quest 120,Laptop,Candle,1350.17,679.49,2017,24,1.533,SKU-CAN00021,Ultrabook,Bloom,Black,SUP021,Australia,2017-05-02,GST_STANDARD,Box,True,True,"ultrabook designed for creative projects and media editing, in the bloom family and supplied by candle with a 24-month warranty."
PRD0022,Vela Wave 121,Smartphone,Vela,778.88,513.94,2016,24,0.292,SKU-VEL00022,5G Smartphone,Core,Black,SUP022,Vietnam,2016-11-18,GST_STANDARD,Recycled box,False,True,"5g smartphone designed for work calls and calendar management, in the core family and supplied by vela with a 24-month warranty."
PRD0023,Candle Edge 122,Tablet,Candle,268.14,165.99,2012,24,0.521,SKU-CAN00023,Productivity Tablet,Edge,White,SUP023,Australia,2012-12-07,GST_STANDARD,Protective case,False,True,"productivity tablet designed for field forms and client presentations, in the edge family and supplied by candle with a 24-month warranty."
PRD0024,Vela Nova 123,Home Entertainment,Vela,935.75,461.04,2012,24,7.567,SKU-VEL00024,Smart Display,Echo,Graphite,SUP024,Malaysia,2012-05-21,GST_STANDARD,Box,True,True,"smart display designed for family media streaming, in the echo family and supplied by vela with a 24-month warranty."
PRD0025,Candle Shift 124,Audio,Candle,404.64,207.32,2014,12,0.356,SKU-CAN00025,Wireless Audio,Flux,Silver,SUP025,Vietnam,2014-12-05,GST_STANDARD,Protective case,False,True,"wireless audio designed for video calls and online classes, in the flux family and supplied by candle with a 12-month warranty."
PRD0026,Vela Atlas 125,Smart Home,Vela,122.12,78.78,2017,12,0.459,SKU-VEL00026,Home Automation,Halo,Blue,SUP026,Malaysia,2017-12-25,GST_STANDARD,Box,True,True,"home automation designed for indoor temperature and humidity monitoring, in the halo family and supplied by vela with a 12-month warranty."
PRD0027,Candle Flux 126,Gaming,Candle,116.57,61.89,2017,24,1.596,SKU-CAN00027,Gaming Hardware,Lumen,Silver,SUP027,Vietnam,2017-08-25,GST_STANDARD,Box,False,True,"gaming hardware designed for competitive play and voice communication, in the lumen family and supplied by candle with a 24-month warranty."
PRD0028,Vela Pulse 127,Wearable,Vela,160.23,82.8,2014,12,0.147,SKU-VEL00028,Health Wearable,Nova,Silver,SUP028,China,2014-03-18,GST_STANDARD,Protective case,False,True,"health wearable designed for exercise session summaries, in the nova family and supplied by vela with a 12-month warranty."
PRD0029,Candle Vista 128,Networking,Candle,418.31,250.31,2016,24,0.605,SKU-CAN00029,Connected Network,Orbit,Green,SUP029,Vietnam,2016-10-20,GST_STANDARD,Recycled box,True,True,"connected network designed for video meetings and media streaming, in the orbit family and supplied by candle with a 24-month warranty."
PRD0030,Vela Core 129,Accessory,Vela,239.93,149.69,2012,12,0.22,SKU-VEL00030,Mobile Accessory,Pulse,Green,SUP030,Malaysia,2012-01-19,GST_STANDARD,Box,False,True,"mobile accessory designed for charging-cable organisation, in the pulse family and supplied by vela with a 12-month warranty."
PRD0031,Candle Lumen 130,Laptop,Candle,1504.32,861.79,2013,24,1.839,SKU-CAN00031,Ultrabook,Quest,White,SUP031,Vietnam,2013-10-08,GST_STANDARD,Box,False,True,"ultrabook designed for shared home-office administration, in the quest family and supplied by candle with a 24-month warranty."
PRD0032,Vela Ridge 131,Smartphone,Vela,742.08,383.6,2014,24,0.274,SKU-VEL00032,5G Smartphone,Ridge,Black,SUP032,China,2014-12-11,GST_STANDARD,Protective case,False,True,"5g smartphone designed for travel planning and media use, in the ridge family and supplied by vela with a 24-month warranty."
PRD0033,Candle Arc 132,Tablet,Candle,1096.91,670.34,2015,24,0.652,SKU-CAN00033,Productivity Tablet,Shift,Graphite,SUP033,Australia,2015-05-05,GST_STANDARD,Box,True,True,"productivity tablet designed for family learning and shared browsing, in the shift family and supplied by candle with a 24-month warranty."
PRD0034,Vela Echo 133,Home Entertainment,Vela,3278.22,2013.84,2016,24,8.185,SKU-VEL00034,Smart Display,Spark,Blue,SUP034,Australia,2016-12-16,GST_STANDARD,Box,True,True,"smart display designed for casual living-room gaming, in the spark family and supplied by vela with a 24-month warranty."
PRD0035,Candle Orbit 134,Audio,Candle,1129.26,814.58,2016,12,0.4,SKU-CAN00035,Wireless Audio,Vista,Silver,SUP035,Japan,2016-10-15,GST_STANDARD,Recycled box,True,True,"wireless audio designed for shared-room music playback, in the vista family and supplied by candle with a 12-month warranty."
PRD0036,Vela Spark 135,Smart Home,Vela,226.94,137.2,2017,12,0.468,SKU-VEL00036,Home Automation,Wave,Green,SUP036,Malaysia,2017-09-14,GST_STANDARD,Box,True,True,"home automation designed for door and window activity alerts, in the wave family and supplied by vela with a 12-month warranty."
PRD0037,Candle Bloom 136,Gaming,Candle,873.28,511.67,2012,24,1.576,SKU-CAN00037,Gaming Hardware,Arc,Gold,SUP037,China,2012-11-01,GST_STANDARD,Box,True,True,"gaming hardware designed for portable gaming and travel, in the arc family and supplied by candle with a 24-month warranty."
PRD0038,Vela Halo 137,Wearable,Vela,702.97,513.52,2013,12,0.13,SKU-VEL00038,Health Wearable,Atlas,Gold,SUP001,Japan,2013-08-02,GST_STANDARD,Protective case,True,True,"health wearable designed for calendar alerts and quick message checks, in the atlas family and supplied by vela with a 12-month warranty."
PRD0039,Candle Quest 138,Networking,Candle,735.79,362.62,2016,24,0.543,SKU-CAN00039,Connected Network,Bloom,Gold,SUP002,Malaysia,2016-11-08,GST_STANDARD,Box,True,True,"connected network designed for guest-network and device management, in the bloom family and supplied by candle with a 24-month warranty."
PRD0040,Vela Wave 139,Accessory,Vela,201.64,123.4,2013,12,0.237,SKU-VEL00040,Mobile Accessory,Core,Black,SUP003,Malaysia,2013-07-11,GST_STANDARD,Recycled box,False,True,"mobile accessory designed for connecting several devices through one compact adapter, in the core family and supplied by vela with a 12-month warranty."
PRD0041,Candle Edge 140,Laptop,Candle,3019.84,1612.94,2016,24,1.907,SKU-CAN00041,Ultrabook,Edge,White,SUP004,China,2016-07-21,GST_STANDARD,Protective case,True,True,"ultrabook designed for travel-based work and presentations, in the edge family and supplied by candle with a 24-month warranty."
PRD0042,Vela Nova 141,Smartphone,Vela,711.35,436.97,2012,24,0.246,SKU-VEL00042,5G Smartphone,Echo,White,SUP005,Korea,2012-04-18,GST_STANDARD,Recycled box,True,True,"5g smartphone designed for family communication and casual apps, in the echo family and supplied by vela with a 24-month warranty."
PRD0043,Candle Shift 142,Tablet,Candle,1005.0,523.83,2014,24,0.682,SKU-CAN00043,Productivity Tablet,Flux,Silver,SUP006,China,2014-04-13,GST_STANDARD,Protective case,True,True,"productivity tablet designed for drawing and lightweight creative work, in the flux family and supplied by candle with a 24-month warranty."
PRD0044,Vela Atlas 143,Home Entertainment,Vela,649.62,394.81,2017,24,9.355,SKU-VEL00044,Smart Display,Halo,Blue,SUP007,Malaysia,2017-11-27,GST_STANDARD,Box,True,True,"smart display designed for presentations and photo viewing, in the halo family and supplied by vela with a 24-month warranty."
PRD0045,Candle Flux 144,Audio,Candle,306.29,182.97,2017,12,0.557,SKU-CAN00045,Wireless Audio,Lumen,White,SUP008,China,2017-03-06,GST_STANDARD,Box,True,True,"wireless audio designed for long listening sessions at home, in the lumen family and supplied by candle with a 12-month warranty."
PRD0046,Vela Pulse 145,Smart Home,Vela,192.34,118.78,2015,12,0.269,SKU-VEL00046,Home Automation,Nova,Gold,SUP009,Korea,2015-08-04,GST_STANDARD,Recycled box,True,True,"home automation designed for automated blind and curtain routines, in the nova family and supplied by vela with a 12-month warranty."
PRD0047,Candle Vista 146,Gaming,Candle,663.9,362.83,2016,24,1.297,SKU-CAN00047,Gaming Hardware,Orbit,Graphite,SUP010,Korea,2016-11-13,GST_STANDARD,Box,True,True,"gaming hardware designed for game streaming and media capture, in the orbit family and supplied by candle with a 24-month warranty."
PRD0048,Vela Core 147,Wearable,Vela,490.15,310.79,2014,12,0.119,SKU-VEL00048,Health Wearable,Pulse,Black,SUP011,Japan,2014-11-05,GST_STANDARD,Box,True,False,"health wearable designed for habit reminders and everyday timekeeping, in the pulse family and supplied by vela with a 12-month warranty."
PRD0049,Candle Lumen 148,Networking,Candle,598.46,406.23,2012,24,0.908,SKU-CAN00049,Connected Network,Quest,Silver,SUP012,Vietnam,2012-05-19,GST_STANDARD,Recycled box,True,True,"connected network designed for extending coverage between rooms, in the quest family and supplied by candle with a 24-month warranty."
PRD0050,Vela Ridge 149,Accessory,Vela,289.02,145.97,2015,12,0.22,SKU-VEL00050,Mobile Accessory,Ridge,Red,SUP013,Korea,2015-12-18,GST_STANDARD,Box,True,True,"mobile accessory designed for hands-free device support in a shared workspace, in the ridge family and supplied by vela with a 12-month warranty."
PRD0051,Candle Arc 150,Laptop,Candle,1390.84,861.77,2017,24,1.797,SKU-CAN00051,Ultrabook,Shift,Silver,SUP014,Japan,2017-08-13,GST_STANDARD,Box,True,True,"ultrabook designed for portable document work and video meetings, in the shift family and supplied by candle with a 24-month warranty."
PRD0052,Vela Echo 151,Smartphone,Vela,1497.13,1114.82,2013,24,0.3,SKU-VEL00052,5G Smartphone,Spark,Graphite,SUP015,Malaysia,2013-12-05,GST_STANDARD,Protective case,True,True,"5g smartphone designed for daily communication and navigation, in the spark family and supplied by vela with a 24-month warranty."
PRD0053,Candle Orbit 152,Tablet,Candle,1429.67,933.37,2017,24,0.836,SKU-CAN00053,Productivity Tablet,Vista,Black,SUP016,Malaysia,2017-01-22,GST_STANDARD,Protective case,False,True,"productivity tablet designed for reading, annotation and handwritten notes, in the vista family and supplied by candle with a 24-month warranty."
PRD0054,Vela Spark 153,Home Entertainment,Vela,3479.55,2074.86,2015,24,9.706,SKU-VEL00054,Smart Display,Wave,Black,SUP017,China,2015-01-12,GST_STANDARD,Protective case,True,True,"smart display designed for shared film and television viewing, in the wave family and supplied by vela with a 24-month warranty."
PRD0055,Candle Bloom 154,Audio,Candle,371.08,180.04,2014,12,0.457,SKU-CAN00055,Wireless Audio,Arc,Black,SUP018,China,2014-05-04,GST_STANDARD,Box,True,True,"wireless audio designed for commuting and spoken-content listening, in the arc family and supplied by candle with a 12-month warranty."
PRD0056,Vela Halo 155,Smart Home,Vela,437.03,223.04,2016,12,0.338,SKU-VEL00056,Home Automation,Atlas,Graphite,SUP019,China,2016-12-21,GST_STANDARD,Box,True,True,"home automation designed for app-controlled room lighting, in the atlas family and supplied by vela with a 12-month warranty."
PRD0057,Candle Quest 156,Gaming,Candle,2445.72,1712.85,2012,24,1.401,SKU-CAN00057,Gaming Hardware,Bloom,Graphite,SUP020,Malaysia,2012-03-19,GST_STANDARD,Protective case,True,True,"gaming hardware designed for long desktop gaming sessions, in the bloom family and supplied by candle with a 24-month warranty."
PRD0058,Vela Wave 157,Wearable,Vela,913.94,503.82,2017,12,0.099,SKU-VEL00058,Health Wearable,Core,Black,SUP021,Australia,2017-03-19,GST_STANDARD,Recycled box,False,True,"health wearable designed for daily activity and sleep tracking, in the core family and supplied by vela with a 12-month warranty."
PRD0059,Candle Edge 158,Networking,Candle,1461.18,836.18,2014,24,0.505,SKU-CAN00059,Connected Network,Edge,Green,SUP022,China,2014-08-08,GST_STANDARD,Recycled box,True,True,"connected network designed for home-office wireless coverage, in the edge family and supplied by candle with a 24-month warranty."
PRD0060,Vela Nova 159,Accessory,Vela,207.18,128.48,2012,12,0.237,SKU-VEL00060,Mobile Accessory,Echo,Gold,SUP023,Vietnam,2012-02-04,GST_STANDARD,Box,True,True,"mobile accessory designed for adjustable desk mounting and device positioning, in the echo family and supplied by vela with a 12-month warranty."
PRD0061,Candle Shift 160,Laptop,Candle,2127.06,1044.27,2014,24,1.607,SKU-CAN00061,Ultrabook,Flux,Red,SUP024,Korea,2014-09-09,GST_STANDARD,Protective case,False,True,"ultrabook designed for study, research and note taking, in the flux family and supplied by candle with a 24-month warranty."
PRD0062,Vela Atlas 161,Smartphone,Vela,551.76,272.99,2014,24,0.208,SKU-VEL00062,5G Smartphone,Halo,Green,SUP025,Malaysia,2014-01-21,GST_STANDARD,Box,True,True,"5g smartphone designed for mobile photography and messaging, in the halo family and supplied by vela with a 24-month warranty."
PRD0063,Candle Flux 162,Tablet,Candle,1221.39,886.46,2015,24,0.695,SKU-CAN00063,Productivity Tablet,Lumen,Gold,SUP026,Australia,2015-07-21,GST_STANDARD,Box,True,True,"productivity tablet designed for portable media and video calls, in the lumen family and supplied by candle with a 24-month warranty."
PRD0064,Vela Pulse 163,Home Entertainment,Vela,3952.78,1904.82,2013,24,5.567,SKU-VEL00064,Smart Display,Nova,Red,SUP027,Japan,2013-06-14,GST_STANDARD,Protective case,False,True,"smart display designed for music and spoken-content playback, in the nova family and supplied by vela with a 24-month warranty."
PRD0065,Candle Vista 164,Audio,Candle,446.02,323.4,2012,12,0.5,SKU-CAN00065,Wireless Audio,Orbit,White,SUP028,Japan,2012-02-21,GST_STANDARD,Box,True,True,"wireless audio designed for music during focused desk work, in the orbit family and supplied by candle with a 12-month warranty."
PRD0066,Vela Core 165,Smart Home,Vela,545.23,361.56,2014,12,0.327,SKU-VEL00066,Home Automation,Pulse,Blue,SUP029,Australia,2014-05-19,GST_STANDARD,Box,False,True,"home automation designed for scheduled control of a household power outlet, in the pulse family and supplied by vela with a 12-month warranty."
PRD0067,Candle Lumen 166,Gaming,Candle,2053.61,1528.48,2012,24,1.401,SKU-CAN00067,Gaming Hardware,Quest,White,SUP030,China,2012-06-25,GST_STANDARD,Box,True,True,"gaming hardware designed for casual games in a shared room, in the quest family and supplied by candle with a 24-month warranty."
PRD0068,Vela Ridge 167,Wearable,Vela,327.08,171.97,2017,12,0.154,SKU-VEL00068,Health Wearable,Ridge,Gold,SUP031,Japan,2017-06-01,GST_STANDARD,Recycled box,True,True,"health wearable designed for walking and commute notifications, in the ridge family and supplied by vela with a 12-month warranty."
PRD0069,Candle Arc 168,Networking,Candle,398.01,253.43,2014,24,0.845,SKU-CAN00069,Connected Network,Shift,Blue,SUP032,Vietnam,2014-02-03,GST_STANDARD,Box,False,True,"connected network designed for connecting several shared household devices, in the shift family and supplied by candle with a 24-month warranty."
PRD0070,Vela Echo 169,Accessory,Vela,396.61,285.53,2017,12,0.154,SKU-VEL00070,Mobile Accessory,Spark,Blue,SUP033,China,2017-04-21,GST_STANDARD,Box,False,True,"mobile accessory designed for protective storage during travel, in the spark family and supplied by vela with a 12-month warranty."
PRD0071,Candle Orbit 170,Laptop,Candle,2816.43,1691.1,2012,24,1.519,SKU-CAN00071,Ultrabook,Vista,Gold,SUP034,Korea,2012-03-09,GST_STANDARD,Box,True,True,"ultrabook designed for creative projects and media editing, in the vista family and supplied by candle with a 24-month warranty."
PRD0072,Vela Spark 171,Smartphone,Vela,982.29,719.43,2015,24,0.198,SKU-VEL00072,5G Smartphone,Wave,Red,SUP035,Vietnam,2015-05-12,GST_STANDARD,Box,False,True,"5g smartphone designed for work calls and calendar management, in the wave family and supplied by vela with a 24-month warranty."
PRD0073,Candle Bloom 172,Tablet,Candle,1497.77,959.79,2016,24,0.483,SKU-CAN00073,Productivity Tablet,Arc,Gold,SUP036,Malaysia,2016-01-11,GST_STANDARD,Box,True,True,"productivity tablet designed for field forms and client presentations, in the arc family and supplied by candle with a 24-month warranty."
PRD0074,Vela Halo 173,Home Entertainment,Vela,3394.49,1708.48,2014,24,8.8,SKU-VEL00074,Smart Display,Atlas,Blue,SUP037,Korea,2014-08-24,GST_STANDARD,Box,True,True,"smart display designed for family media streaming, in the atlas family and supplied by vela with a 24-month warranty."
PRD0075,Candle Quest 174,Audio,Candle,360.03,210.59,2012,12,0.5,SKU-CAN00075,Wireless Audio,Bloom,Silver,SUP001,China,2012-09-03,GST_STANDARD,Protective case,True,True,"wireless audio designed for video calls and online classes, in the bloom family and supplied by candle with a 12-month warranty."
PRD0076,Vela Wave 175,Smart Home,Vela,232.75,169.97,2012,12,0.331,SKU-VEL00076,Home Automation,Core,Graphite,SUP002,Korea,2012-04-12,GST_STANDARD,Box,True,True,"home automation designed for indoor temperature and humidity monitoring, in the core family and supplied by vela with a 12-month warranty."
PRD0077,Candle Edge 176,Gaming,Candle,604.37,458.5,2017,24,1.567,SKU-CAN00077,Gaming Hardware,Edge,Red,SUP003,Japan,2017-06-03,GST_STANDARD,Recycled box,True,True,"gaming hardware designed for competitive play and voice communication, in the edge family and supplied by candle with a 24-month warranty."
PRD0078,Vela Nova 177,Wearable,Vela,451.23,239.59,2017,12,0.128,SKU-VEL00078,Health Wearable,Echo,Graphite,SUP004,China,2017-06-26,GST_STANDARD,Recycled box,True,True,"health wearable designed for exercise session summaries, in the echo family and supplied by vela with a 12-month warranty."
PRD0079,Candle Shift 178,Networking,Candle,1132.99,828.42,2014,24,0.81,SKU-CAN00079,Connected Network,Flux,Blue,SUP005,Japan,2014-10-14,GST_STANDARD,Protective case,True,False,"connected network designed for video meetings and media streaming, in the flux family and supplied by candle with a 24-month warranty."
PRD0080,Vela Atlas 179,Accessory,Vela,122.76,76.07,2017,12,0.226,SKU-VEL00080,Mobile Accessory,Halo,Black,SUP006,Korea,2017-03-01,GST_STANDARD,Box,True,True,"mobile accessory designed for charging-cable organisation, in the halo family and supplied by vela with a 12-month warranty."
PRD0081,Candle Flux 180,Laptop,Candle,1855.65,1406.31,2012,24,1.123,SKU-CAN00081,Ultrabook,Lumen,White,SUP007,Korea,2012-01-24,GST_STANDARD,Recycled box,True,True,"ultrabook designed for shared home-office administration, in the lumen family and supplied by candle with a 24-month warranty."
PRD0082,Vela Pulse 181,Smartphone,Vela,1374.63,719.67,2012,24,0.259,SKU-VEL00082,5G Smartphone,Nova,Graphite,SUP008,Malaysia,2012-10-01,GST_STANDARD,Box,True,True,"5g smartphone designed for travel planning and media use, in the nova family and supplied by vela with a 24-month warranty."
PRD0083,Candle Vista 182,Tablet,Candle,1406.78,709.97,2017,24,0.577,SKU-CAN00083,Productivity Tablet,Orbit,Gold,SUP009,Korea,2017-05-16,GST_STANDARD,Protective case,True,True,"productivity tablet designed for family learning and shared browsing, in the orbit family and supplied by candle with a 24-month warranty."
PRD0084,Vela Core 183,Home Entertainment,Vela,1248.72,854.29,2016,24,8.965,SKU-VEL00084,Smart Display,Pulse,Blue,SUP010,Malaysia,2016-01-12,GST_STANDARD,Box,True,True,"smart display designed for casual living-room gaming, in the pulse family and supplied by vela with a 24-month warranty."
PRD0085,Candle Lumen 184,Audio,Candle,655.93,458.53,2016,12,0.521,SKU-CAN00085,Wireless Audio,Quest,Blue,SUP011,Australia,2016-07-11,GST_STANDARD,Box,True,True,"wireless audio designed for shared-room music playback, in the quest family and supplied by candle with a 12-month warranty."
PRD0086,Vela Ridge 185,Smart Home,Vela,92.8,70.33,2016,12,0.317,SKU-VEL00086,Home Automation,Ridge,Gold,SUP012,Malaysia,2016-03-04,GST_STANDARD,Box,True,True,"home automation designed for door and window activity alerts, in the ridge family and supplied by vela with a 12-month warranty."
PRD0087,Candle Arc 186,Gaming,Candle,2521.54,1582.67,2012,24,0.936,SKU-CAN00087,Gaming Hardware,Shift,White,SUP013,Korea,2012-12-01,GST_STANDARD,Protective case,False,True,"gaming hardware designed for portable gaming and travel, in the shift family and supplied by candle with a 24-month warranty."
PRD0088,Vela Echo 187,Wearable,Vela,141.39,96.16,2012,12,0.134,SKU-VEL00088,Health Wearable,Spark,White,SUP014,China,2012-10-08,GST_STANDARD,Box,True,True,"health wearable designed for calendar alerts and quick message checks, in the spark family and supplied by vela with a 12-month warranty."
PRD0089,Candle Orbit 188,Networking,Candle,561.13,377.02,2012,24,0.778,SKU-CAN00089,Connected Network,Vista,Red,SUP015,Japan,2012-03-08,GST_STANDARD,Protective case,True,True,"connected network designed for guest-network and device management, in the vista family and supplied by candle with a 24-month warranty."
PRD0090,Vela Spark 189,Accessory,Vela,136.64,97.33,2016,12,0.13,SKU-VEL00090,Mobile Accessory,Wave,Black,SUP016,Japan,2016-01-20,GST_STANDARD,Recycled box,False,True,"mobile accessory designed for connecting several devices through one compact adapter, in the wave family and supplied by vela with a 12-month warranty."
PRD0091,Candle Bloom 190,Laptop,Candle,1158.82,691.56,2016,24,1.28,SKU-CAN00091,Ultrabook,Arc,Red,SUP017,Vietnam,2016-06-18,GST_STANDARD,Recycled box,False,False,"ultrabook designed for travel-based work and presentations, in the arc family and supplied by candle with a 24-month warranty."
PRD0092,Vela Halo 191,Smartphone,Vela,651.72,331.5,2014,24,0.228,SKU-VEL00092,5G Smartphone,Atlas,Blue,SUP018,Vietnam,2014-08-27,GST_STANDARD,Recycled box,True,True,"5g smartphone designed for family communication and casual apps, in the atlas family and supplied by vela with a 24-month warranty."
PRD0093,Candle Quest 192,Tablet,Candle,401.55,276.72,2014,24,0.519,SKU-CAN00093,Productivity Tablet,Bloom,Black,SUP019,Vietnam,2014-06-21,GST_STANDARD,Protective case,True,True,"productivity tablet designed for drawing and lightweight creative work, in the bloom family and supplied by candle with a 24-month warranty."
PRD0094,Vela Wave 193,Home Entertainment,Vela,1868.0,1414.71,2015,24,9.141,SKU-VEL00094,Smart Display,Core,Graphite,SUP020,Japan,2015-04-25,GST_STANDARD,Box,True,True,"smart display designed for presentations and photo viewing, in the core family and supplied by vela with a 24-month warranty."
PRD0095,Candle Edge 194,Audio,Candle,590.13,288.73,2016,12,0.554,SKU-CAN00095,Wireless Audio,Edge,Blue,SUP021,Australia,2016-12-14,GST_STANDARD,Box,True,True,"wireless audio designed for long listening sessions at home, in the edge family and supplied by candle with a 12-month warranty."
PRD0096,Vela Nova 195,Smart Home,Vela,291.41,197.04,2012,12,0.348,SKU-VEL00096,Home Automation,Echo,Gold,SUP022,Australia,2012-03-19,GST_STANDARD,Box,True,True,"home automation designed for automated blind and curtain routines, in the echo family and supplied by vela with a 12-month warranty."
PRD0097,Candle Shift 196,Gaming,Candle,458.08,275.94,2012,24,1.249,SKU-CAN00097,Gaming Hardware,Flux,Graphite,SUP023,Vietnam,2012-07-10,GST_STANDARD,Recycled box,True,True,"gaming hardware designed for game streaming and media capture, in the flux family and supplied by candle with a 24-month warranty."
PRD0098,Vela Atlas 197,Wearable,Vela,1046.87,673.2,2015,12,0.152,SKU-VEL00098,Health Wearable,Halo,Green,SUP024,Japan,2015-10-11,GST_STANDARD,Protective case,True,True,"health wearable designed for habit reminders and everyday timekeeping, in the halo family and supplied by vela with a 12-month warranty."
PRD0099,Candle Flux 198,Networking,Candle,892.92,654.07,2015,24,0.771,SKU-CAN00099,Connected Network,Lumen,Blue,SUP025,Australia,2015-11-19,GST_STANDARD,Protective case,False,True,"connected network designed for extending coverage between rooms, in the lumen family and supplied by candle with a 24-month warranty."
PRD0100,Vela Pulse 199,Accessory,Vela,328.27,224.95,2016,12,0.174,SKU-VEL00100,Mobile Accessory,Nova,Red,SUP026,Malaysia,2016-11-07,GST_STANDARD,Box,True,True,"mobile accessory designed for hands-free device support in a shared workspace, in the nova family and supplied by vela with a 12-month warranty."
PRD0101,Candle Vista 200,Laptop,Candle,1796.81,1271.29,2016,24,1.206,SKU-CAN00101,Ultrabook,Orbit,Gold,SUP027,Vietnam,2016-10-21,GST_STANDARD,Protective case,True,True,"ultrabook designed for portable document work and video meetings, in the orbit family and supplied by candle with a 24-month warranty."
PRD0102,Vela Core 201,Smartphone,Vela,1498.33,1079.94,2016,24,0.229,SKU-VEL00102,5G Smartphone,Pulse,Silver,SUP028,Australia,2016-12-22,GST_STANDARD,Box,True,True,"5g smartphone designed for daily communication and navigation, in the pulse family and supplied by vela with a 24-month warranty."
PRD0103,Candle Lumen 202,Tablet,Candle,1002.58,493.26,2015,24,0.663,SKU-CAN00103,Productivity Tablet,Quest,Graphite,SUP029,Korea,2015-06-09,GST_STANDARD,Recycled box,True,True,"productivity tablet designed for reading, annotation and handwritten notes, in the quest family and supplied by candle with a 24-month warranty."
PRD0104,Vela Ridge 203,Home Entertainment,Vela,3475.57,1942.44,2012,24,7.84,SKU-VEL00104,Smart Display,Ridge,Black,SUP030,Australia,2012-10-20,GST_STANDARD,Recycled box,True,True,"smart display designed for shared film and television viewing, in the ridge family and supplied by vela with a 24-month warranty."
PRD0105,Candle Arc 204,Audio,Candle,385.04,207.76,2017,12,0.618,SKU-CAN00105,Wireless Audio,Shift,Graphite,SUP031,Korea,2017-01-06,GST_STANDARD,Box,False,True,"wireless audio designed for commuting and spoken-content listening, in the shift family and supplied by candle with a 12-month warranty."
PRD0106,Vela Echo 205,Smart Home,Vela,840.97,416.0,2013,12,0.27,SKU-VEL00106,Home Automation,Spark,Green,SUP032,Malaysia,2013-01-25,GST_STANDARD,Recycled box,False,True,"home automation designed for app-controlled room lighting, in the spark family and supplied by vela with a 12-month warranty."
PRD0107,Candle Orbit 206,Gaming,Candle,559.52,300.38,2012,24,0.931,SKU-CAN00107,Gaming Hardware,Vista,Graphite,SUP033,China,2012-11-15,GST_STANDARD,Box,True,True,"gaming hardware designed for long desktop gaming sessions, in the vista family and supplied by candle with a 24-month warranty."
PRD0108,Vela Spark 207,Wearable,Vela,997.65,597.99,2013,12,0.117,SKU-VEL00108,Health Wearable,Wave,Graphite,SUP034,Korea,2013-09-13,GST_STANDARD,Recycled box,False,True,"health wearable designed for daily activity and sleep tracking, in the wave family and supplied by vela with a 12-month warranty."
PRD0109,Candle Bloom 208,Networking,Candle,353.29,181.05,2015,24,0.735,SKU-CAN00109,Connected Network,Arc,Graphite,SUP035,China,2015-10-11,GST_STANDARD,Box,False,True,"connected network designed for home-office wireless coverage, in the arc family and supplied by candle with a 24-month warranty."
PRD0110,Vela Halo 209,Accessory,Vela,197.81,140.1,2017,12,0.181,SKU-VEL00110,Mobile Accessory,Atlas,Silver,SUP036,Malaysia,2017-05-05,GST_STANDARD,Protective case,True,True,"mobile accessory designed for adjustable desk mounting and device positioning, in the atlas family and supplied by vela with a 12-month warranty."
PRD0111,Candle Quest 210,Laptop,Candle,2254.79,1457.59,2012,24,1.156,SKU-CAN00111,Ultrabook,Bloom,Black,SUP037,Vietnam,2012-11-06,GST_STANDARD,Recycled box,True,False,"ultrabook designed for study, research and note taking, in the bloom family and supplied by candle with a 24-month warranty."
PRD0112,Vela Wave 211,Smartphone,Vela,1578.75,1071.23,2017,24,0.268,SKU-VEL00112,5G Smartphone,Core,Red,SUP001,Korea,2017-09-11,GST_STANDARD,Box,True,True,"5g smartphone designed for mobile photography and messaging, in the core family and supplied by vela with a 24-month warranty."
PRD0113,Candle Edge 212,Tablet,Candle,756.1,408.02,2016,24,0.633,SKU-CAN00113,Productivity Tablet,Edge,Graphite,SUP002,Korea,2016-08-13,GST_STANDARD,Protective case,True,True,"productivity tablet designed for portable media and video calls, in the edge family and supplied by candle with a 24-month warranty."
PRD0114,Vela Nova 213,Home Entertainment,Vela,2620.24,1330.14,2015,24,7.093,SKU-VEL00114,Smart Display,Echo,Black,SUP003,Korea,2015-10-17,GST_STANDARD,Recycled box,False,True,"smart display designed for music and spoken-content playback, in the echo family and supplied by vela with a 24-month warranty."
PRD0115,Candle Shift 214,Audio,Candle,671.68,348.34,2013,12,0.454,SKU-CAN00115,Wireless Audio,Flux,Blue,SUP004,Malaysia,2013-02-23,GST_STANDARD,Protective case,True,True,"wireless audio designed for music during focused desk work, in the flux family and supplied by candle with a 12-month warranty."
PRD0116,Vela Atlas 215,Smart Home,Vela,328.2,182.59,2016,12,0.283,SKU-VEL00116,Home Automation,Halo,Silver,SUP005,Malaysia,2016-10-15,GST_STANDARD,Protective case,True,True,"home automation designed for scheduled control of a household power outlet, in the halo family and supplied by vela with a 12-month warranty."
PRD0117,Candle Flux 216,Gaming,Candle,1668.5,1015.83,2012,24,0.901,SKU-CAN00117,Gaming Hardware,Lumen,Black,SUP006,Japan,2012-02-23,GST_STANDARD,Protective case,False,True,"gaming hardware designed for casual games in a shared room, in the lumen family and supplied by candle with a 24-month warranty."
PRD0118,Vela Pulse 217,Wearable,Vela,156.33,113.12,2013,12,0.12,SKU-VEL00118,Health Wearable,Nova,Blue,SUP007,Korea,2013-10-03,GST_STANDARD,Box,True,True,"health wearable designed for walking and commute notifications, in the nova family and supplied by vela with a 12-month warranty."
PRD0119,Candle Vista 218,Networking,Candle,756.54,384.45,2014,24,0.913,SKU-CAN00119,Connected Network,Orbit,Red,SUP008,Australia,2014-05-27,GST_STANDARD,Protective case,True,True,"connected network designed for connecting several shared household devices, in the orbit family and supplied by candle with a 24-month warranty."
PRD0120,Vela Core 219,Accessory,Vela,266.59,170.75,2012,12,0.148,SKU-VEL00120,Mobile Accessory,Pulse,Gold,SUP009,Australia,2012-03-13,GST_STANDARD,Box,True,True,"mobile accessory designed for protective storage during travel, in the pulse family and supplied by vela with a 12-month warranty."
PRD0121,Candle Lumen 220,Laptop,Candle,3030.38,2301.8,2016,24,1.241,SKU-CAN00121,Ultrabook,Quest,Green,SUP010,Japan,2016-04-02,GST_STANDARD,Protective case,True,True,"ultrabook designed for creative projects and media editing, in the quest family and supplied by candle with a 24-month warranty."
PRD0122,Vela Ridge 221,Smartphone,Vela,1579.58,981.89,2014,24,0.195,SKU-VEL00122,5G Smartphone,Ridge,Blue,SUP011,Australia,2014-11-08,GST_STANDARD,Protective case,False,True,"5g smartphone designed for work calls and calendar management, in the ridge family and supplied by vela with a 24-month warranty."
PRD0123,Candle Arc 222,Tablet,Candle,1257.07,674.68,2014,24,0.484,SKU-CAN00123,Productivity Tablet,Shift,White,SUP012,Vietnam,2014-10-01,GST_STANDARD,Box,True,True,"productivity tablet designed for field forms and client presentations, in the shift family and supplied by candle with a 24-month warranty."
PRD0124,Vela Echo 223,Home Entertainment,Vela,2854.48,1690.21,2015,24,8.242,SKU-VEL00124,Smart Display,Spark,Graphite,SUP013,Japan,2015-06-17,GST_STANDARD,Protective case,False,True,"smart display designed for family media streaming, in the spark family and supplied by vela with a 24-month warranty."
PRD0125,Candle Orbit 224,Audio,Candle,108.47,53.11,2015,12,0.388,SKU-CAN00125,Wireless Audio,Vista,White,SUP014,Malaysia,2015-09-22,GST_STANDARD,Box,True,True,"wireless audio designed for video calls and online classes, in the vista family and supplied by candle with a 12-month warranty."
PRD0126,Vela Spark 225,Smart Home,Vela,499.59,353.04,2014,12,0.289,SKU-VEL00126,Home Automation,Wave,White,SUP015,Malaysia,2014-09-01,GST_STANDARD,Protective case,True,True,"home automation designed for indoor temperature and humidity monitoring, in the wave family and supplied by vela with a 12-month warranty."
PRD0127,Candle Bloom 226,Gaming,Candle,1131.95,835.74,2016,24,0.939,SKU-CAN00127,Gaming Hardware,Arc,Black,SUP016,China,2016-08-17,GST_STANDARD,Box,True,True,"gaming hardware designed for competitive play and voice communication, in the arc family and supplied by candle with a 24-month warranty."
PRD0128,Vela Halo 227,Wearable,Vela,394.68,297.29,2016,12,0.117,SKU-VEL00128,Health Wearable,Atlas,Black,SUP017,Korea,2016-11-04,GST_STANDARD,Box,True,True,"health wearable designed for exercise session summaries, in the atlas family and supplied by vela with a 12-month warranty."
PRD0129,Candle Quest 228,Networking,Candle,584.17,352.13,2017,24,0.548,SKU-CAN00129,Connected Network,Bloom,Green,SUP018,Australia,2017-08-03,GST_STANDARD,Protective case,True,True,"connected network designed for video meetings and media streaming, in the bloom family and supplied by candle with a 24-month warranty."
PRD0130,Vela Wave 229,Accessory,Vela,183.26,94.09,2012,12,0.195,SKU-VEL00130,Mobile Accessory,Core,White,SUP019,Malaysia,2012-02-13,GST_STANDARD,Box,False,True,"mobile accessory designed for charging-cable organisation, in the core family and supplied by vela with a 12-month warranty."
PRD0131,Candle Edge 230,Laptop,Candle,2191.15,1318.41,2016,24,1.874,SKU-CAN00131,Ultrabook,Edge,Silver,SUP020,Vietnam,2016-05-19,GST_STANDARD,Protective case,True,True,"ultrabook designed for shared home-office administration, in the edge family and supplied by candle with a 24-month warranty."
PRD0132,Vela Nova 231,Smartphone,Vela,687.19,409.7,2016,24,0.183,SKU-VEL00132,5G Smartphone,Echo,Blue,SUP021,Vietnam,2016-10-24,GST_STANDARD,Box,True,True,"5g smartphone designed for travel planning and media use, in the echo family and supplied by vela with a 24-month warranty."
PRD0133,Candle Shift 232,Tablet,Candle,334.91,208.89,2017,24,0.754,SKU-CAN00133,Productivity Tablet,Flux,Green,SUP022,Malaysia,2017-03-23,GST_STANDARD,Recycled box,False,True,"productivity tablet designed for family learning and shared browsing, in the flux family and supplied by candle with a 24-month warranty."
PRD0134,Vela Atlas 233,Home Entertainment,Vela,878.86,609.76,2012,24,9.402,SKU-VEL00134,Smart Display,Halo,Silver,SUP023,China,2012-12-12,GST_STANDARD,Recycled box,False,True,"smart display designed for casual living-room gaming, in the halo family and supplied by vela with a 24-month warranty."
PRD0135,Candle Flux 234,Audio,Candle,715.95,366.02,2013,12,0.347,SKU-CAN00135,Wireless Audio,Lumen,Gold,SUP024,Korea,2013-01-13,GST_STANDARD,Box,False,True,"wireless audio designed for shared-room music playback, in the lumen family and supplied by candle with a 12-month warranty."
PRD0136,Vela Pulse 235,Smart Home,Vela,339.97,222.8,2013,12,0.357,SKU-VEL00136,Home Automation,Nova,Graphite,SUP025,Vietnam,2013-02-18,GST_STANDARD,Box,False,True,"home automation designed for door and window activity alerts, in the nova family and supplied by vela with a 12-month warranty."
PRD0137,Candle Vista 236,Gaming,Candle,125.48,89.25,2013,24,1.265,SKU-CAN00137,Gaming Hardware,Orbit,Gold,SUP026,Vietnam,2013-01-02,GST_STANDARD,Recycled box,False,True,"gaming hardware designed for portable gaming and travel, in the orbit family and supplied by candle with a 24-month warranty."
PRD0138,Vela Core 237,Wearable,Vela,99.85,55.92,2015,12,0.148,SKU-VEL00138,Health Wearable,Pulse,Red,SUP027,Vietnam,2015-08-15,GST_STANDARD,Recycled box,False,True,"health wearable designed for calendar alerts and quick message checks, in the pulse family and supplied by vela with a 12-month warranty."
PRD0139,Candle Lumen 238,Networking,Candle,1069.24,741.55,2016,24,0.567,SKU-CAN00139,Connected Network,Quest,Blue,SUP028,Malaysia,2016-02-14,GST_STANDARD,Box,True,True,"connected network designed for guest-network and device management, in the quest family and supplied by candle with a 24-month warranty."
PRD0140,Vela Ridge 239,Accessory,Vela,347.21,240.01,2013,12,0.163,SKU-VEL00140,Mobile Accessory,Ridge,White,SUP029,Vietnam,2013-12-26,GST_STANDARD,Recycled box,False,True,"mobile accessory designed for connecting several devices through one compact adapter, in the ridge family and supplied by vela with a 12-month warranty."
PRD0141,Candle Arc 240,Laptop,Candle,2328.72,1187.26,2016,24,1.398,SKU-CAN00141,Ultrabook,Shift,Red,SUP030,Australia,2016-01-26,GST_STANDARD,Protective case,True,True,"ultrabook designed for travel-based work and presentations, in the shift family and supplied by candle with a 24-month warranty."
PRD0142,Vela Echo 241,Smartphone,Vela,1283.99,680.03,2012,24,0.258,SKU-VEL00142,5G Smartphone,Spark,Graphite,SUP031,Malaysia,2012-03-02,GST_STANDARD,Protective case,True,False,"5g smartphone designed for family communication and casual apps, in the spark family and supplied by vela with a 24-month warranty."
PRD0143,Candle Orbit 242,Tablet,Candle,490.94,355.74,2012,24,0.603,SKU-CAN00143,Productivity Tablet,Vista,Silver,SUP032,Vietnam,2012-01-19,GST_STANDARD,Box,True,True,"productivity tablet designed for drawing and lightweight creative work, in the vista family and supplied by candle with a 24-month warranty."
PRD0144,Vela Spark 243,Home Entertainment,Vela,816.73,464.51,2015,24,5.952,SKU-VEL00144,Smart Display,Wave,Black,SUP033,Japan,2015-09-08,GST_STANDARD,Recycled box,True,True,"smart display designed for presentations and photo viewing, in the wave family and supplied by vela with a 24-month warranty."
PRD0145,Candle Bloom 244,Audio,Candle,624.72,304.71,2014,12,0.358,SKU-CAN00145,Wireless Audio,Arc,Black,SUP034,Japan,2014-08-27,GST_STANDARD,Recycled box,True,True,"wireless audio designed for long listening sessions at home, in the arc family and supplied by candle with a 12-month warranty."
PRD0146,Vela Halo 245,Smart Home,Vela,212.69,159.91,2012,12,0.309,SKU-VEL00146,Home Automation,Atlas,Black,SUP035,Australia,2012-01-01,GST_STANDARD,Recycled box,True,True,"home automation designed for automated blind and curtain routines, in the atlas family and supplied by vela with a 12-month warranty."
PRD0147,Candle Quest 246,Gaming,Candle,1910.7,1130.19,2016,24,1.624,SKU-CAN00147,Gaming Hardware,Bloom,White,SUP036,Australia,2016-07-06,GST_STANDARD,Protective case,True,True,"gaming hardware designed for game streaming and media capture, in the bloom family and supplied by candle with a 24-month warranty."
PRD0148,Vela Wave 247,Wearable,Vela,1096.52,825.69,2015,12,0.096,SKU-VEL00148,Health Wearable,Core,Silver,SUP037,China,2015-02-24,GST_STANDARD,Protective case,False,True,"health wearable designed for habit reminders and everyday timekeeping, in the core family and supplied by vela with a 12-month warranty."
PRD0149,Candle Edge 248,Networking,Candle,1414.32,802.59,2013,24,0.867,SKU-CAN00149,Connected Network,Edge,Black,SUP001,Japan,2013-03-09,GST_STANDARD,Protective case,True,True,"connected network designed for extending coverage between rooms, in the edge family and supplied by candle with a 24-month warranty."
PRD0150,Vela Nova 249,Accessory,Vela,302.63,194.58,2012,12,0.18,SKU-VEL00150,Mobile Accessory,Echo,Gold,SUP002,Malaysia,2012-05-08,GST_STANDARD,Box,False,True,"mobile accessory designed for hands-free device support in a shared workspace, in the echo family and supplied by vela with a 12-month warranty."
PRD0151,Candle Shift 250,Laptop,Candle,2468.6,1348.29,2013,24,1.453,SKU-CAN00151,Ultrabook,Flux,Blue,SUP003,Vietnam,2013-10-12,GST_STANDARD,Recycled box,False,True,"ultrabook designed for portable document work and video meetings, in the flux family and supplied by candle with a 24-month warranty."
PRD0152,Vela Atlas 251,Smartphone,Vela,1406.47,725.51,2014,24,0.218,SKU-VEL00152,5G Smartphone,Halo,Gold,SUP004,Vietnam,2014-02-23,GST_STANDARD,Recycled box,True,True,"5g smartphone designed for daily communication and navigation, in the halo family and supplied by vela with a 24-month warranty."
PRD0153,Candle Flux 252,Tablet,Candle,1298.08,634.88,2014,24,0.489,SKU-CAN00153,Productivity Tablet,Lumen,Graphite,SUP005,Korea,2014-06-24,GST_STANDARD,Recycled box,True,True,"productivity tablet designed for reading, annotation and handwritten notes, in the lumen family and supplied by candle with a 24-month warranty."
PRD0154,Vela Pulse 253,Home Entertainment,Vela,2205.21,1665.32,2016,24,6.15,SKU-VEL00154,Smart Display,Nova,Red,SUP006,Japan,2016-06-25,GST_STANDARD,Box,True,True,"smart display designed for shared film and television viewing, in the nova family and supplied by vela with a 24-month warranty."
PRD0155,Candle Vista 254,Audio,Candle,673.32,482.59,2013,12,0.441,SKU-CAN00155,Wireless Audio,Orbit,Silver,SUP007,Japan,2013-06-11,GST_STANDARD,Recycled box,False,True,"wireless audio designed for commuting and spoken-content listening, in the orbit family and supplied by candle with a 12-month warranty."
PRD0156,Vela Core 255,Smart Home,Vela,115.73,84.12,2012,12,0.295,SKU-VEL00156,Home Automation,Pulse,White,SUP008,Korea,2012-12-17,GST_STANDARD,Recycled box,False,True,"home automation designed for app-controlled room lighting, in the pulse family and supplied by vela with a 12-month warranty."
PRD0157,Candle Lumen 256,Gaming,Candle,1264.96,849.18,2014,24,1.505,SKU-CAN00157,Gaming Hardware,Quest,Graphite,SUP009,Australia,2014-03-10,GST_STANDARD,Box,False,False,"gaming hardware designed for long desktop gaming sessions, in the quest family and supplied by candle with a 24-month warranty."
PRD0158,Vela Ridge 257,Wearable,Vela,224.45,112.55,2012,12,0.138,SKU-VEL00158,Health Wearable,Ridge,Red,SUP010,Australia,2012-07-09,GST_STANDARD,Recycled box,False,True,"health wearable designed for daily activity and sleep tracking, in the ridge family and supplied by vela with a 12-month warranty."
PRD0159,Candle Arc 258,Networking,Candle,897.22,629.08,2017,24,0.832,SKU-CAN00159,Connected Network,Shift,Gold,SUP011,Malaysia,2017-02-19,GST_STANDARD,Protective case,True,True,"connected network designed for home-office wireless coverage, in the shift family and supplied by candle with a 24-month warranty."
PRD0160,Vela Echo 259,Accessory,Vela,21.4,12.98,2016,12,0.134,SKU-VEL00160,Mobile Accessory,Spark,Red,SUP012,China,2016-08-15,GST_STANDARD,Box,True,True,"mobile accessory designed for adjustable desk mounting and device positioning, in the spark family and supplied by vela with a 12-month warranty."
PRD0161,Candle Orbit 260,Laptop,Candle,2870.46,2171.38,2013,24,1.7,SKU-CAN00161,Ultrabook,Vista,Green,SUP013,Australia,2013-03-25,GST_STANDARD,Recycled box,True,True,"ultrabook designed for study, research and note taking, in the vista family and supplied by candle with a 24-month warranty."
PRD0162,Vela Spark 261,Smartphone,Vela,1711.96,990.39,2017,24,0.2,SKU-VEL00162,5G Smartphone,Wave,Green,SUP014,China,2017-09-10,GST_STANDARD,Recycled box,False,True,"5g smartphone designed for mobile photography and messaging, in the wave family and supplied by vela with a 24-month warranty."
PRD0163,Candle Bloom 262,Tablet,Candle,1059.22,785.54,2012,24,0.454,SKU-CAN00163,Productivity Tablet,Arc,Black,SUP015,Malaysia,2012-10-11,GST_STANDARD,Box,False,True,"productivity tablet designed for portable media and video calls, in the arc family and supplied by candle with a 24-month warranty."
PRD0164,Vela Halo 263,Home Entertainment,Vela,3982.07,2163.42,2013,24,5.595,SKU-VEL00164,Smart Display,Atlas,Blue,SUP016,Australia,2013-10-04,GST_STANDARD,Box,True,True,"smart display designed for music and spoken-content playback, in the atlas family and supplied by vela with a 24-month warranty."
PRD0165,Candle Quest 264,Audio,Candle,203.41,107.07,2014,12,0.441,SKU-CAN00165,Wireless Audio,Bloom,Red,SUP017,Korea,2014-05-19,GST_STANDARD,Box,False,True,"wireless audio designed for music during focused desk work, in the bloom family and supplied by candle with a 12-month warranty."
PRD0166,Vela Wave 265,Smart Home,Vela,486.74,316.33,2016,12,0.355,SKU-VEL00166,Home Automation,Core,Green,SUP018,Australia,2016-02-12,GST_STANDARD,Box,True,True,"home automation designed for scheduled control of a household power outlet, in the core family and supplied by vela with a 12-month warranty."
PRD0167,Candle Edge 266,Gaming,Candle,1477.35,831.13,2017,24,1.238,SKU-CAN00167,Gaming Hardware,Edge,Gold,SUP019,Vietnam,2017-02-25,GST_STANDARD,Box,False,True,"gaming hardware designed for casual games in a shared room, in the edge family and supplied by candle with a 24-month warranty."
PRD0168,Vela Nova 267,Wearable,Vela,451.79,298.34,2013,12,0.106,SKU-VEL00168,Health Wearable,Echo,Silver,SUP020,China,2013-12-06,GST_STANDARD,Recycled box,True,True,"health wearable designed for walking and commute notifications, in the echo family and supplied by vela with a 12-month warranty."
PRD0169,Candle Shift 268,Networking,Candle,445.45,240.25,2015,24,0.573,SKU-CAN00169,Connected Network,Flux,Green,SUP021,Vietnam,2015-03-03,GST_STANDARD,Protective case,False,True,"connected network designed for connecting several shared household devices, in the flux family and supplied by candle with a 24-month warranty."
PRD0170,Vela Atlas 269,Accessory,Vela,275.39,192.0,2013,12,0.22,SKU-VEL00170,Mobile Accessory,Halo,Gold,SUP022,China,2013-04-09,GST_STANDARD,Recycled box,False,True,"mobile accessory designed for protective storage during travel, in the halo family and supplied by vela with a 12-month warranty."
PRD0171,Candle Flux 270,Laptop,Candle,2475.28,1637.84,2013,24,1.483,SKU-CAN00171,Ultrabook,Lumen,Blue,SUP023,Vietnam,2013-05-12,GST_STANDARD,Box,True,True,"ultrabook designed for creative projects and media editing, in the lumen family and supplied by candle with a 24-month warranty."
PRD0172,Vela Pulse 271,Smartphone,Vela,616.06,330.76,2015,24,0.276,SKU-VEL00172,5G Smartphone,Nova,Blue,SUP024,China,2015-01-12,GST_STANDARD,Recycled box,True,True,"5g smartphone designed for work calls and calendar management, in the nova family and supplied by vela with a 24-month warranty."
PRD0173,Candle Vista 272,Tablet,Candle,270.07,167.87,2015,24,0.489,SKU-CAN00173,Productivity Tablet,Orbit,Green,SUP025,Korea,2015-10-06,GST_STANDARD,Protective case,True,False,"productivity tablet designed for field forms and client presentations, in the orbit family and supplied by candle with a 24-month warranty."
PRD0174,Vela Core 273,Home Entertainment,Vela,733.71,524.86,2013,24,7.817,SKU-VEL00174,Smart Display,Pulse,Gold,SUP026,China,2013-10-23,GST_STANDARD,Box,True,True,"smart display designed for family media streaming, in the pulse family and supplied by vela with a 24-month warranty."
PRD0175,Candle Lumen 274,Audio,Candle,340.25,194.57,2013,12,0.349,SKU-CAN00175,Wireless Audio,Quest,Black,SUP027,Malaysia,2013-01-11,GST_STANDARD,Recycled box,True,True,"wireless audio designed for video calls and online classes, in the quest family and supplied by candle with a 12-month warranty."
PRD0176,Vela Ridge 275,Smart Home,Vela,662.86,331.63,2017,12,0.398,SKU-VEL00176,Home Automation,Ridge,Red,SUP028,Korea,2017-03-03,GST_STANDARD,Recycled box,True,True,"home automation designed for indoor temperature and humidity monitoring, in the ridge family and supplied by vela with a 12-month warranty."
PRD0177,Candle Arc 276,Gaming,Candle,535.99,347.97,2015,24,1.613,SKU-CAN00177,Gaming Hardware,Shift,Red,SUP029,Korea,2015-12-15,GST_STANDARD,Box,False,True,"gaming hardware designed for competitive play and voice communication, in the shift family and supplied by candle with a 24-month warranty."
PRD0178,Vela Echo 277,Wearable,Vela,176.94,132.9,2014,12,0.16,SKU-VEL00178,Health Wearable,Spark,White,SUP030,Korea,2014-08-08,GST_STANDARD,Recycled box,False,True,"health wearable designed for exercise session summaries, in the spark family and supplied by vela with a 12-month warranty."
PRD0179,Candle Orbit 278,Networking,Candle,1477.46,941.6,2013,24,0.813,SKU-CAN00179,Connected Network,Vista,Silver,SUP031,China,2013-09-23,GST_STANDARD,Protective case,True,True,"connected network designed for video meetings and media streaming, in the vista family and supplied by candle with a 24-month warranty."
PRD0180,Vela Spark 279,Accessory,Vela,356.72,245.1,2014,12,0.206,SKU-VEL00180,Mobile Accessory,Wave,Red,SUP032,Vietnam,2014-10-07,GST_STANDARD,Protective case,False,True,"mobile accessory designed for charging-cable organisation, in the wave family and supplied by vela with a 12-month warranty."
PRD0181,Candle Bloom 280,Laptop,Candle,1201.83,848.32,2012,24,2.017,SKU-CAN00181,Ultrabook,Arc,Graphite,SUP033,China,2012-05-20,GST_STANDARD,Protective case,True,True,"ultrabook designed for shared home-office administration, in the arc family and supplied by candle with a 24-month warranty."
PRD0182,Vela Halo 281,Smartphone,Vela,986.88,497.23,2013,24,0.226,SKU-VEL00182,5G Smartphone,Atlas,Black,SUP034,Japan,2013-07-08,GST_STANDARD,Recycled box,False,True,"5g smartphone designed for travel planning and media use, in the atlas family and supplied by vela with a 24-month warranty."
PRD0183,Candle Quest 282,Tablet,Candle,667.61,411.05,2015,24,0.492,SKU-CAN00183,Productivity Tablet,Bloom,Black,SUP035,China,2015-02-08,GST_STANDARD,Protective case,True,True,"productivity tablet designed for family learning and shared browsing, in the bloom family and supplied by candle with a 24-month warranty."
PRD0184,Vela Wave 283,Home Entertainment,Vela,869.57,577.23,2012,24,6.612,SKU-VEL00184,Smart Display,Core,Blue,SUP036,Australia,2012-12-19,GST_STANDARD,Recycled box,False,True,"smart display designed for casual living-room gaming, in the core family and supplied by vela with a 24-month warranty."
PRD0185,Candle Edge 284,Audio,Candle,325.14,157.67,2013,12,0.604,SKU-CAN00185,Wireless Audio,Edge,Graphite,SUP037,Vietnam,2013-12-18,GST_STANDARD,Protective case,False,True,"wireless audio designed for shared-room music playback, in the edge family and supplied by candle with a 12-month warranty."
PRD0186,Vela Nova 285,Smart Home,Vela,778.69,422.06,2014,12,0.268,SKU-VEL00186,Home Automation,Echo,Black,SUP001,Japan,2014-01-27,GST_STANDARD,Recycled box,False,True,"home automation designed for door and window activity alerts, in the echo family and supplied by vela with a 12-month warranty."
PRD0187,Candle Shift 286,Gaming,Candle,1511.07,1102.28,2014,24,1.382,SKU-CAN00187,Gaming Hardware,Flux,Red,SUP002,Japan,2014-10-12,GST_STANDARD,Recycled box,True,True,"gaming hardware designed for portable gaming and travel, in the flux family and supplied by candle with a 24-month warranty."
PRD0188,Vela Atlas 287,Wearable,Vela,861.47,488.95,2012,12,0.13,SKU-VEL00188,Health Wearable,Halo,Green,SUP003,Korea,2012-05-07,GST_STANDARD,Box,True,True,"health wearable designed for calendar alerts and quick message checks, in the halo family and supplied by vela with a 12-month warranty."
PRD0189,Candle Flux 288,Networking,Candle,634.68,466.4,2014,24,0.597,SKU-CAN00189,Connected Network,Lumen,Graphite,SUP004,Korea,2014-02-18,GST_STANDARD,Protective case,True,True,"connected network designed for guest-network and device management, in the lumen family and supplied by candle with a 24-month warranty."
PRD0190,Vela Pulse 289,Accessory,Vela,34.34,26.06,2016,12,0.229,SKU-VEL00190,Mobile Accessory,Nova,Black,SUP005,Korea,2016-07-26,GST_STANDARD,Protective case,False,True,"mobile accessory designed for connecting several devices through one compact adapter, in the nova family and supplied by vela with a 12-month warranty."
PRD0191,Candle Vista 290,Laptop,Candle,1064.69,586.68,2012,24,1.802,SKU-CAN00191,Ultrabook,Orbit,Red,SUP006,Australia,2012-12-25,GST_STANDARD,Recycled box,True,True,"ultrabook designed for travel-based work and presentations, in the orbit family and supplied by candle with a 24-month warranty."
PRD0192,Vela Core 291,Smartphone,Vela,687.57,502.66,2013,24,0.207,SKU-VEL00192,5G Smartphone,Pulse,Red,SUP007,Vietnam,2013-12-17,GST_STANDARD,Protective case,True,True,"5g smartphone designed for family communication and casual apps, in the pulse family and supplied by vela with a 24-month warranty."
PRD0193,Candle Lumen 292,Tablet,Candle,575.14,344.6,2012,24,0.727,SKU-CAN00193,Productivity Tablet,Quest,Gold,SUP008,Australia,2012-01-23,GST_STANDARD,Recycled box,True,True,"productivity tablet designed for drawing and lightweight creative work, in the quest family and supplied by candle with a 24-month warranty."
PRD0194,Vela Ridge 293,Home Entertainment,Vela,3007.67,2157.46,2012,24,5.651,SKU-VEL00194,Smart Display,Ridge,Black,SUP009,Malaysia,2012-12-19,GST_STANDARD,Protective case,True,True,"smart display designed for presentations and photo viewing, in the ridge family and supplied by vela with a 24-month warranty."
PRD0195,Candle Arc 294,Audio,Candle,951.68,520.05,2015,12,0.499,SKU-CAN00195,Wireless Audio,Shift,White,SUP010,Korea,2015-03-14,GST_STANDARD,Protective case,False,True,"wireless audio designed for long listening sessions at home, in the shift family and supplied by candle with a 12-month warranty."
PRD0196,Vela Echo 295,Smart Home,Vela,373.5,253.0,2013,12,0.397,SKU-VEL00196,Home Automation,Spark,Gold,SUP011,Malaysia,2013-03-25,GST_STANDARD,Box,True,True,"home automation designed for automated blind and curtain routines, in the spark family and supplied by vela with a 12-month warranty."
PRD0197,Candle Orbit 296,Gaming,Candle,847.92,476.94,2017,24,1.621,SKU-CAN00197,Gaming Hardware,Vista,Blue,SUP012,Malaysia,2017-03-13,GST_STANDARD,Box,True,True,"gaming hardware designed for game streaming and media capture, in the vista family and supplied by candle with a 24-month warranty."
PRD0198,Vela Spark 297,Wearable,Vela,737.1,539.75,2013,12,0.162,SKU-VEL00198,Health Wearable,Wave,Green,SUP013,Korea,2013-02-07,GST_STANDARD,Box,True,True,"health wearable designed for habit reminders and everyday timekeeping, in the wave family and supplied by vela with a 12-month warranty."
PRD0199,Candle Bloom 298,Networking,Candle,710.27,529.43,2012,24,0.824,SKU-CAN00199,Connected Network,Arc,Graphite,SUP014,Korea,2012-01-01,GST_STANDARD,Protective case,True,True,"connected network designed for extending coverage between rooms, in the arc family and supplied by candle with a 24-month warranty."
PRD0200,Vela Halo 299,Accessory,Vela,231.67,161.61,2012,12,0.196,SKU-VEL00200,Mobile Accessory,Atlas,Red,SUP015,Vietnam,2012-09-24,GST_STANDARD,Box,True,True,"mobile accessory designed for hands-free device support in a shared workspace, in the atlas family and supplied by vela with a 12-month warranty."
PRD0201,Candle Quest 300,Laptop,Candle,1626.1,1090.16,2015,24,1.172,SKU-CAN00201,Ultrabook,Bloom,Silver,SUP016,China,2015-07-25,GST_STANDARD,Protective case,True,True,"ultrabook designed for portable document work and video meetings, in the bloom family and supplied by candle with a 24-month warranty."
PRD0202,Vela Wave 301,Smartphone,Vela,1558.53,766.85,2014,24,0.172,SKU-VEL00202,5G Smartphone,Core,Red,SUP017,Vietnam,2014-04-07,GST_STANDARD,Protective case,True,True,"5g smartphone designed for daily communication and navigation, in the core family and supplied by vela with a 24-month warranty."
PRD0203,Candle Edge 302,Tablet,Candle,489.43,293.25,2013,24,0.55,SKU-CAN00203,Productivity Tablet,Edge,Silver,SUP018,Japan,2013-01-19,GST_STANDARD,Protective case,False,True,"productivity tablet designed for reading, annotation and handwritten notes, in the edge family and supplied by candle with a 24-month warranty."
PRD0204,Vela Nova 303,Home Entertainment,Vela,1670.01,913.9,2015,24,6.515,SKU-VEL00204,Smart Display,Echo,Gold,SUP019,Japan,2015-07-19,GST_STANDARD,Protective case,True,True,"smart display designed for shared film and television viewing, in the echo family and supplied by vela with a 24-month warranty."
PRD0205,Candle Shift 304,Audio,Candle,696.35,482.06,2017,12,0.468,SKU-CAN00205,Wireless Audio,Flux,Green,SUP020,Japan,2017-02-08,GST_STANDARD,Box,False,True,"wireless audio designed for commuting and spoken-content listening, in the flux family and supplied by candle with a 12-month warranty."
PRD0206,Vela Atlas 305,Smart Home,Vela,190.8,131.91,2014,12,0.337,SKU-VEL00206,Home Automation,Halo,Silver,SUP021,Korea,2014-02-16,GST_STANDARD,Box,True,True,"home automation designed for app-controlled room lighting, in the halo family and supplied by vela with a 12-month warranty."
PRD0207,Candle Flux 306,Gaming,Candle,1636.46,855.81,2017,24,1.296,SKU-CAN00207,Gaming Hardware,Lumen,Graphite,SUP022,Japan,2017-07-02,GST_STANDARD,Recycled box,True,True,"gaming hardware designed for long desktop gaming sessions, in the lumen family and supplied by candle with a 24-month warranty."
PRD0208,Vela Pulse 307,Wearable,Vela,940.02,553.82,2012,12,0.109,SKU-VEL00208,Health Wearable,Nova,Silver,SUP023,Malaysia,2012-03-16,GST_STANDARD,Box,False,True,"health wearable designed for daily activity and sleep tracking, in the nova family and supplied by vela with a 12-month warranty."
PRD0209,Candle Vista 308,Networking,Candle,327.08,210.92,2014,24,0.707,SKU-CAN00209,Connected Network,Orbit,Black,SUP024,Malaysia,2014-11-21,GST_STANDARD,Recycled box,True,False,"connected network designed for home-office wireless coverage, in the orbit family and supplied by candle with a 24-month warranty."
PRD0210,Vela Core 309,Accessory,Vela,371.54,219.54,2013,12,0.198,SKU-VEL00210,Mobile Accessory,Pulse,Red,SUP025,Malaysia,2013-07-06,GST_STANDARD,Recycled box,True,True,"mobile accessory designed for adjustable desk mounting and device positioning, in the pulse family and supplied by vela with a 12-month warranty."
PRD0211,Candle Lumen 310,Laptop,Candle,2486.18,1598.31,2015,24,2.034,SKU-CAN00211,Ultrabook,Quest,Silver,SUP026,Malaysia,2015-07-27,GST_STANDARD,Recycled box,False,True,"ultrabook designed for study, research and note taking, in the quest family and supplied by candle with a 24-month warranty."
PRD0212,Vela Ridge 311,Smartphone,Vela,1587.64,826.8,2017,24,0.232,SKU-VEL00212,5G Smartphone,Ridge,Graphite,SUP027,Korea,2017-07-20,GST_STANDARD,Box,False,True,"5g smartphone designed for mobile photography and messaging, in the ridge family and supplied by vela with a 24-month warranty."
PRD0213,Candle Arc 312,Tablet,Candle,1247.62,838.3,2013,24,0.613,SKU-CAN00213,Productivity Tablet,Shift,White,SUP028,Japan,2013-11-21,GST_STANDARD,Recycled box,True,True,"productivity tablet designed for portable media and video calls, in the shift family and supplied by candle with a 24-month warranty."
PRD0214,Vela Echo 313,Home Entertainment,Vela,1445.79,878.75,2012,24,5.356,SKU-VEL00214,Smart Display,Spark,Black,SUP029,Australia,2012-12-10,GST_STANDARD,Box,False,True,"smart display designed for music and spoken-content playback, in the spark family and supplied by vela with a 24-month warranty."
PRD0215,Candle Orbit 314,Audio,Candle,616.18,394.19,2012,12,0.552,SKU-CAN00215,Wireless Audio,Vista,Green,SUP030,Malaysia,2012-11-07,GST_STANDARD,Recycled box,False,True,"wireless audio designed for music during focused desk work, in the vista family and supplied by candle with a 12-month warranty."
PRD0216,Vela Spark 315,Smart Home,Vela,241.98,119.34,2012,12,0.435,SKU-VEL00216,Home Automation,Wave,Green,SUP031,Australia,2012-06-27,GST_STANDARD,Box,True,True,"home automation designed for scheduled control of a household power outlet, in the wave family and supplied by vela with a 12-month warranty."
PRD0217,Candle Bloom 316,Gaming,Candle,1737.26,976.2,2013,24,1.271,SKU-CAN00217,Gaming Hardware,Arc,Gold,SUP032,Vietnam,2013-01-06,GST_STANDARD,Recycled box,True,True,"gaming hardware designed for casual games in a shared room, in the arc family and supplied by candle with a 24-month warranty."
PRD0218,Vela Halo 317,Wearable,Vela,409.55,275.79,2015,12,0.141,SKU-VEL00218,Health Wearable,Atlas,Silver,SUP033,Australia,2015-01-21,GST_STANDARD,Box,True,True,"health wearable designed for walking and commute notifications, in the atlas family and supplied by vela with a 12-month warranty."
PRD0219,Candle Quest 318,Networking,Candle,888.21,647.13,2012,24,0.656,SKU-CAN00219,Connected Network,Bloom,Black,SUP034,Malaysia,2012-06-14,GST_STANDARD,Recycled box,False,True,"connected network designed for connecting several shared household devices, in the bloom family and supplied by candle with a 24-month warranty."
PRD0220,Vela Wave 319,Accessory,Vela,187.94,97.51,2017,12,0.173,SKU-VEL00220,Mobile Accessory,Core,Red,SUP035,China,2017-02-09,GST_STANDARD,Box,False,True,"mobile accessory designed for protective storage during travel, in the core family and supplied by vela with a 12-month warranty."
PRD0221,Candle Edge 320,Laptop,Candle,2212.0,1355.53,2017,24,1.815,SKU-CAN00221,Ultrabook,Edge,Graphite,SUP036,Japan,2017-01-06,GST_STANDARD,Box,True,True,"ultrabook designed for creative projects and media editing, in the edge family and supplied by candle with a 24-month warranty."
PRD0222,Vela Nova 321,Smartphone,Vela,1185.98,649.66,2013,24,0.162,SKU-VEL00222,5G Smartphone,Echo,Gold,SUP037,Malaysia,2013-07-04,GST_STANDARD,Protective case,True,True,"5g smartphone designed for work calls and calendar management, in the echo family and supplied by vela with a 24-month warranty."
PRD0223,Candle Shift 322,Tablet,Candle,1459.56,889.6,2012,24,0.82,SKU-CAN00223,Productivity Tablet,Flux,Graphite,SUP001,Australia,2012-04-25,GST_STANDARD,Recycled box,True,True,"productivity tablet designed for field forms and client presentations, in the flux family and supplied by candle with a 24-month warranty."
PRD0224,Vela Atlas 323,Home Entertainment,Vela,2004.5,1118.54,2016,24,8.905,SKU-VEL00224,Smart Display,Halo,Green,SUP002,Korea,2016-11-21,GST_STANDARD,Protective case,True,True,"smart display designed for family media streaming, in the halo family and supplied by vela with a 24-month warranty."
PRD0225,Candle Flux 324,Audio,Candle,1003.93,684.17,2014,12,0.452,SKU-CAN00225,Wireless Audio,Lumen,Silver,SUP003,Malaysia,2014-08-06,GST_STANDARD,Protective case,True,True,"wireless audio designed for video calls and online classes, in the lumen family and supplied by candle with a 12-month warranty."
PRD0226,Vela Pulse 325,Smart Home,Vela,286.78,138.72,2013,12,0.324,SKU-VEL00226,Home Automation,Nova,Green,SUP004,Japan,2013-05-09,GST_STANDARD,Recycled box,True,True,"home automation designed for indoor temperature and humidity monitoring, in the nova family and supplied by vela with a 12-month warranty."
PRD0227,Candle Vista 326,Gaming,Candle,922.85,557.88,2013,24,1.198,SKU-CAN00227,Gaming Hardware,Orbit,Graphite,SUP005,Japan,2013-01-26,GST_STANDARD,Recycled box,False,True,"gaming hardware designed for competitive play and voice communication, in the orbit family and supplied by candle with a 24-month warranty."
PRD0228,Vela Core 327,Wearable,Vela,946.39,552.48,2017,12,0.133,SKU-VEL00228,Health Wearable,Pulse,Blue,SUP006,Malaysia,2017-03-01,GST_STANDARD,Box,False,True,"health wearable designed for exercise session summaries, in the pulse family and supplied by vela with a 12-month warranty."
PRD0229,Candle Lumen 328,Networking,Candle,1192.23,667.14,2014,24,0.776,SKU-CAN00229,Connected Network,Quest,Green,SUP007,Malaysia,2014-06-06,GST_STANDARD,Recycled box,False,True,"connected network designed for video meetings and media streaming, in the quest family and supplied by candle with a 24-month warranty."
PRD0230,Vela Ridge 329,Accessory,Vela,34.01,18.44,2012,12,0.247,SKU-VEL00230,Mobile Accessory,Ridge,Blue,SUP008,Australia,2012-05-08,GST_STANDARD,Recycled box,False,True,"mobile accessory designed for charging-cable organisation, in the ridge family and supplied by vela with a 12-month warranty."
PRD0231,Candle Arc 330,Laptop,Candle,2838.84,1512.63,2017,24,1.934,SKU-CAN00231,Ultrabook,Shift,Blue,SUP009,Korea,2017-03-22,GST_STANDARD,Recycled box,True,False,"ultrabook designed for shared home-office administration, in the shift family and supplied by candle with a 24-month warranty."
PRD0232,Vela Echo 331,Smartphone,Vela,1295.64,773.9,2015,24,0.287,SKU-VEL00232,5G Smartphone,Spark,Gold,SUP010,Australia,2015-02-02,GST_STANDARD,Recycled box,True,True,"5g smartphone designed for travel planning and media use, in the spark family and supplied by vela with a 24-month warranty."
PRD0233,Candle Orbit 332,Tablet,Candle,1412.0,943.87,2014,24,0.663,SKU-CAN00233,Productivity Tablet,Vista,Gold,SUP011,Malaysia,2014-12-19,GST_STANDARD,Recycled box,False,True,"productivity tablet designed for family learning and shared browsing, in the vista family and supplied by candle with a 24-month warranty."
PRD0234,Vela Spark 333,Home Entertainment,Vela,2489.95,1490.25,2014,24,7.487,SKU-VEL00234,Smart Display,Wave,Black,SUP012,Korea,2014-01-09,GST_STANDARD,Recycled box,True,True,"smart display designed for casual living-room gaming, in the wave family and supplied by vela with a 24-month warranty."
PRD0235,Candle Bloom 334,Audio,Candle,248.42,177.17,2012,12,0.44,SKU-CAN00235,Wireless Audio,Arc,Graphite,SUP013,Korea,2012-01-12,GST_STANDARD,Protective case,False,True,"wireless audio designed for shared-room music playback, in the arc family and supplied by candle with a 12-month warranty."
PRD0236,Vela Halo 335,Smart Home,Vela,313.33,199.87,2014,12,0.372,SKU-VEL00236,Home Automation,Atlas,White,SUP014,China,2014-01-14,GST_STANDARD,Recycled box,False,True,"home automation designed for door and window activity alerts, in the atlas family and supplied by vela with a 12-month warranty."
PRD0237,Candle Quest 336,Gaming,Candle,983.57,544.7,2014,24,1.435,SKU-CAN00237,Gaming Hardware,Bloom,Gold,SUP015,Australia,2014-06-02,GST_STANDARD,Recycled box,True,True,"gaming hardware designed for portable gaming and travel, in the bloom family and supplied by candle with a 24-month warranty."
PRD0238,Vela Wave 337,Wearable,Vela,1033.13,735.33,2013,12,0.091,SKU-VEL00238,Health Wearable,Core,Gold,SUP016,Vietnam,2013-09-03,GST_STANDARD,Protective case,True,True,"health wearable designed for calendar alerts and quick message checks, in the core family and supplied by vela with a 12-month warranty."
PRD0239,Candle Edge 338,Networking,Candle,984.36,583.71,2014,24,0.742,SKU-CAN00239,Connected Network,Edge,Black,SUP017,Malaysia,2014-01-26,GST_STANDARD,Recycled box,False,True,"connected network designed for guest-network and device management, in the edge family and supplied by candle with a 24-month warranty."
PRD0240,Vela Nova 339,Accessory,Vela,116.74,57.12,2016,12,0.236,SKU-VEL00240,Mobile Accessory,Echo,Graphite,SUP018,China,2016-08-13,GST_STANDARD,Recycled box,False,True,"mobile accessory designed for connecting several devices through one compact adapter, in the echo family and supplied by vela with a 12-month warranty."
PRD0241,Candle Shift 340,Laptop,Candle,2620.83,1918.94,2017,24,1.58,SKU-CAN00241,Ultrabook,Flux,White,SUP019,Vietnam,2017-04-09,GST_STANDARD,Box,True,False,"ultrabook designed for travel-based work and presentations, in the flux family and supplied by candle with a 24-month warranty."
PRD0242,Vela Atlas 341,Smartphone,Vela,1531.86,1115.83,2014,24,0.295,SKU-VEL00242,5G Smartphone,Halo,Silver,SUP020,China,2014-06-22,GST_STANDARD,Box,False,True,"5g smartphone designed for family communication and casual apps, in the halo family and supplied by vela with a 24-month warranty."
PRD0243,Candle Flux 342,Tablet,Candle,854.67,649.51,2015,24,0.579,SKU-CAN00243,Productivity Tablet,Lumen,Black,SUP021,China,2015-01-06,GST_STANDARD,Protective case,True,True,"productivity tablet designed for drawing and lightweight creative work, in the lumen family and supplied by candle with a 24-month warranty."
PRD0244,Vela Pulse 343,Home Entertainment,Vela,807.13,416.26,2016,24,6.609,SKU-VEL00244,Smart Display,Nova,Graphite,SUP022,China,2016-10-10,GST_STANDARD,Recycled box,True,True,"smart display designed for presentations and photo viewing, in the nova family and supplied by vela with a 24-month warranty."
PRD0245,Candle Vista 344,Audio,Candle,595.29,403.1,2015,12,0.363,SKU-CAN00245,Wireless Audio,Orbit,Blue,SUP023,Australia,2015-12-17,GST_STANDARD,Recycled box,True,True,"wireless audio designed for long listening sessions at home, in the orbit family and supplied by candle with a 12-month warranty."
PRD0246,Vela Core 345,Smart Home,Vela,758.55,479.42,2017,12,0.429,SKU-VEL00246,Home Automation,Pulse,Blue,SUP024,Malaysia,2017-02-03,GST_STANDARD,Recycled box,False,True,"home automation designed for automated blind and curtain routines, in the pulse family and supplied by vela with a 12-month warranty."
PRD0247,Candle Lumen 346,Gaming,Candle,1546.72,958.15,2017,24,1.003,SKU-CAN00247,Gaming Hardware,Quest,White,SUP025,Australia,2017-02-26,GST_STANDARD,Recycled box,True,True,"gaming hardware designed for game streaming and media capture, in the quest family and supplied by candle with a 24-month warranty."
PRD0248,Vela Ridge 347,Wearable,Vela,207.33,121.6,2016,12,0.155,SKU-VEL00248,Health Wearable,Ridge,Green,SUP026,China,2016-04-08,GST_STANDARD,Recycled box,False,True,"health wearable designed for habit reminders and everyday timekeeping, in the ridge family and supplied by vela with a 12-month warranty."
PRD0249,Candle Arc 348,Networking,Candle,1215.99,693.54,2017,24,0.718,SKU-CAN00249,Connected Network,Shift,Green,SUP027,Australia,2017-01-03,GST_STANDARD,Box,True,True,"connected network designed for extending coverage between rooms, in the shift family and supplied by candle with a 24-month warranty."
PRD0250,Vela Echo 349,Accessory,Vela,329.47,243.06,2016,12,0.187,SKU-VEL00250,Mobile Accessory,Spark,Silver,SUP028,Korea,2016-08-27,GST_STANDARD,Protective case,True,True,"mobile accessory designed for hands-free device support in a shared workspace, in the spark family and supplied by vela with a 12-month warranty."
PRD0251,Candle Orbit 350,Laptop,Candle,1871.06,1220.87,2013,24,1.344,SKU-CAN00251,Ultrabook,Vista,Red,SUP029,Malaysia,2013-06-13,GST_STANDARD,Box,False,True,"ultrabook designed for portable document work and video meetings, in the vista family and supplied by candle with a 24-month warranty."
PRD0252,Vela Spark 351,Smartphone,Vela,879.59,426.5,2016,24,0.261,SKU-VEL00252,5G Smartphone,Wave,Graphite,SUP030,Japan,2016-11-01,GST_STANDARD,Recycled box,True,True,"5g smartphone designed for daily communication and navigation, in the wave family and supplied by vela with a 24-month warranty."
PRD0253,Candle Bloom 352,Tablet,Candle,1322.89,808.47,2015,24,0.784,SKU-CAN00253,Productivity Tablet,Arc,Blue,SUP031,Vietnam,2015-07-04,GST_STANDARD,Recycled box,True,True,"productivity tablet designed for reading, annotation and handwritten notes, in the arc family and supplied by candle with a 24-month warranty."
PRD0254,Vela Halo 353,Home Entertainment,Vela,3553.03,1735.97,2016,24,6.586,SKU-VEL00254,Smart Display,Atlas,Gold,SUP032,Australia,2016-12-05,GST_STANDARD,Box,False,True,"smart display designed for shared film and television viewing, in the atlas family and supplied by vela with a 24-month warranty."
PRD0255,Candle Quest 354,Audio,Candle,426.01,288.8,2017,12,0.622,SKU-CAN00255,Wireless Audio,Bloom,Black,SUP033,Japan,2017-11-07,GST_STANDARD,Protective case,True,True,"wireless audio designed for commuting and spoken-content listening, in the bloom family and supplied by candle with a 12-month warranty."
PRD0256,Vela Wave 355,Smart Home,Vela,432.88,296.6,2012,12,0.29,SKU-VEL00256,Home Automation,Core,Blue,SUP034,China,2012-03-23,GST_STANDARD,Protective case,False,True,"home automation designed for app-controlled room lighting, in the core family and supplied by vela with a 12-month warranty."
PRD0257,Candle Edge 356,Gaming,Candle,1854.63,1254.96,2015,24,1.547,SKU-CAN00257,Gaming Hardware,Edge,Black,SUP035,Australia,2015-12-10,GST_STANDARD,Recycled box,True,True,"gaming hardware designed for long desktop gaming sessions, in the edge family and supplied by candle with a 24-month warranty."
PRD0258,Vela Nova 357,Wearable,Vela,816.42,609.93,2012,12,0.148,SKU-VEL00258,Health Wearable,Echo,Silver,SUP036,Japan,2012-06-07,GST_STANDARD,Recycled box,True,True,"health wearable designed for daily activity and sleep tracking, in the echo family and supplied by vela with a 12-month warranty."
PRD0259,Candle Shift 358,Networking,Candle,1267.87,954.1,2012,24,0.796,SKU-CAN00259,Connected Network,Flux,White,SUP037,Japan,2012-08-24,GST_STANDARD,Recycled box,False,True,"connected network designed for home-office wireless coverage, in the flux family and supplied by candle with a 24-month warranty."
PRD0260,Vela Atlas 359,Accessory,Vela,86.88,43.91,2014,12,0.247,SKU-VEL00260,Mobile Accessory,Halo,Green,SUP001,Vietnam,2014-01-03,GST_STANDARD,Box,False,True,"mobile accessory designed for adjustable desk mounting and device positioning, in the halo family and supplied by vela with a 12-month warranty."
PRD0261,Candle Flux 360,Laptop,Candle,3026.48,2258.03,2012,24,1.228,SKU-CAN00261,Ultrabook,Lumen,Black,SUP002,Korea,2012-01-26,GST_STANDARD,Recycled box,True,True,"ultrabook designed for study, research and note taking, in the lumen family and supplied by candle with a 24-month warranty."
PRD0262,Vela Pulse 361,Smartphone,Vela,893.46,523.35,2013,24,0.254,SKU-VEL00262,5G Smartphone,Nova,Silver,SUP003,Vietnam,2013-11-16,GST_STANDARD,Box,True,True,"5g smartphone designed for mobile photography and messaging, in the nova family and supplied by vela with a 24-month warranty."
PRD0263,Candle Vista 362,Tablet,Candle,618.52,411.23,2016,24,0.721,SKU-CAN00263,Productivity Tablet,Orbit,White,SUP004,Australia,2016-06-19,GST_STANDARD,Recycled box,True,True,"productivity tablet designed for portable media and video calls, in the orbit family and supplied by candle with a 24-month warranty."
PRD0264,Vela Core 363,Home Entertainment,Vela,2624.21,1794.21,2012,24,6.691,SKU-VEL00264,Smart Display,Pulse,Black,SUP005,Malaysia,2012-06-18,GST_STANDARD,Protective case,True,True,"smart display designed for music and spoken-content playback, in the pulse family and supplied by vela with a 24-month warranty."
PRD0265,Candle Lumen 364,Audio,Candle,542.34,406.8,2014,12,0.608,SKU-CAN00265,Wireless Audio,Quest,Red,SUP006,Malaysia,2014-03-16,GST_STANDARD,Protective case,True,True,"wireless audio designed for music during focused desk work, in the quest family and supplied by candle with a 12-month warranty."
PRD0266,Vela Ridge 365,Smart Home,Vela,186.6,90.88,2014,12,0.372,SKU-VEL00266,Home Automation,Ridge,Red,SUP007,Korea,2014-09-23,GST_STANDARD,Recycled box,True,True,"home automation designed for scheduled control of a household power outlet, in the ridge family and supplied by vela with a 12-month warranty."
PRD0267,Candle Arc 366,Gaming,Candle,2030.91,1235.88,2012,24,1.632,SKU-CAN00267,Gaming Hardware,Shift,Black,SUP008,China,2012-01-01,GST_STANDARD,Recycled box,True,True,"gaming hardware designed for casual games in a shared room, in the shift family and supplied by candle with a 24-month warranty."
PRD0268,Vela Echo 367,Wearable,Vela,226.89,156.58,2013,12,0.087,SKU-VEL00268,Health Wearable,Spark,Gold,SUP009,Malaysia,2013-07-05,GST_STANDARD,Recycled box,True,True,"health wearable designed for walking and commute notifications, in the spark family and supplied by vela with a 12-month warranty."
PRD0269,Candle Orbit 368,Networking,Candle,473.87,320.57,2012,24,0.573,SKU-CAN00269,Connected Network,Vista,Blue,SUP010,China,2012-11-10,GST_STANDARD,Box,True,True,"connected network designed for connecting several shared household devices, in the vista family and supplied by candle with a 24-month warranty."
PRD0270,Vela Spark 369,Accessory,Vela,218.48,150.99,2013,12,0.158,SKU-VEL00270,Mobile Accessory,Wave,Red,SUP011,Malaysia,2013-11-27,GST_STANDARD,Protective case,False,True,"mobile accessory designed for protective storage during travel, in the wave family and supplied by vela with a 12-month warranty."
PRD0271,Candle Bloom 370,Laptop,Candle,1003.21,527.29,2013,24,1.833,SKU-CAN00271,Ultrabook,Arc,Silver,SUP012,Vietnam,2013-04-19,GST_STANDARD,Protective case,True,True,"ultrabook designed for creative projects and media editing, in the arc family and supplied by candle with a 24-month warranty."
PRD0272,Vela Halo 371,Smartphone,Vela,839.78,621.9,2015,24,0.177,SKU-VEL00272,5G Smartphone,Atlas,Gold,SUP013,Australia,2015-07-23,GST_STANDARD,Protective case,True,True,"5g smartphone designed for work calls and calendar management, in the atlas family and supplied by vela with a 24-month warranty."
PRD0273,Candle Quest 372,Tablet,Candle,409.71,287.19,2016,24,0.572,SKU-CAN00273,Productivity Tablet,Bloom,White,SUP014,China,2016-05-10,GST_STANDARD,Box,False,True,"productivity tablet designed for field forms and client presentations, in the bloom family and supplied by candle with a 24-month warranty."
PRD0274,Vela Wave 373,Home Entertainment,Vela,416.56,302.26,2012,24,7.666,SKU-VEL00274,Smart Display,Core,Black,SUP015,China,2012-02-07,GST_STANDARD,Recycled box,True,True,"smart display designed for family media streaming, in the core family and supplied by vela with a 24-month warranty."
PRD0275,Candle Edge 374,Audio,Candle,394.33,273.88,2012,12,0.63,SKU-CAN00275,Wireless Audio,Edge,Green,SUP016,China,2012-09-10,GST_STANDARD,Protective case,True,True,"wireless audio designed for video calls and online classes, in the edge family and supplied by candle with a 12-month warranty."
PRD0276,Vela Nova 375,Smart Home,Vela,530.49,312.14,2014,12,0.342,SKU-VEL00276,Home Automation,Echo,Gold,SUP017,China,2014-06-17,GST_STANDARD,Recycled box,True,True,"home automation designed for indoor temperature and humidity monitoring, in the echo family and supplied by vela with a 12-month warranty."
PRD0277,Candle Shift 376,Gaming,Candle,1516.37,950.2,2014,24,1.623,SKU-CAN00277,Gaming Hardware,Flux,Gold,SUP018,Korea,2014-10-03,GST_STANDARD,Protective case,True,True,"gaming hardware designed for competitive play and voice communication, in the flux family and supplied by candle with a 24-month warranty."
PRD0278,Vela Atlas 377,Wearable,Vela,83.35,52.52,2012,12,0.141,SKU-VEL00278,Health Wearable,Halo,Black,SUP019,Malaysia,2012-11-22,GST_STANDARD,Recycled box,True,True,"health wearable designed for exercise session summaries, in the halo family and supplied by vela with a 12-month warranty."
PRD0279,Candle Flux 378,Networking,Candle,1189.02,692.47,2014,24,0.761,SKU-CAN00279,Connected Network,Lumen,Silver,SUP020,China,2014-07-12,GST_STANDARD,Recycled box,True,True,"connected network designed for video meetings and media streaming, in the lumen family and supplied by candle with a 24-month warranty."
PRD0280,Vela Pulse 379,Accessory,Vela,84.08,54.6,2012,12,0.139,SKU-VEL00280,Mobile Accessory,Nova,Blue,SUP021,China,2012-10-04,GST_STANDARD,Box,True,True,"mobile accessory designed for charging-cable organisation, in the nova family and supplied by vela with a 12-month warranty."
PRD0281,Candle Vista 380,Laptop,Candle,3193.12,2248.29,2015,24,1.687,SKU-CAN00281,Ultrabook,Orbit,Graphite,SUP022,Japan,2015-08-14,GST_STANDARD,Protective case,False,True,"ultrabook designed for shared home-office administration, in the orbit family and supplied by candle with a 24-month warranty."
PRD0282,Vela Core 381,Smartphone,Vela,1092.79,642.42,2012,24,0.264,SKU-VEL00282,5G Smartphone,Pulse,Silver,SUP023,Australia,2012-11-12,GST_STANDARD,Protective case,True,True,"5g smartphone designed for travel planning and media use, in the pulse family and supplied by vela with a 24-month warranty."
PRD0283,Candle Lumen 382,Tablet,Candle,405.7,261.54,2012,24,0.838,SKU-CAN00283,Productivity Tablet,Quest,Green,SUP024,Malaysia,2012-05-06,GST_STANDARD,Protective case,True,True,"productivity tablet designed for family learning and shared browsing, in the quest family and supplied by candle with a 24-month warranty."
PRD0284,Vela Ridge 383,Home Entertainment,Vela,1446.14,897.54,2012,24,7.385,SKU-VEL00284,Smart Display,Ridge,Green,SUP025,China,2012-06-14,GST_STANDARD,Protective case,False,True,"smart display designed for casual living-room gaming, in the ridge family and supplied by vela with a 24-month warranty."
PRD0285,Candle Arc 384,Audio,Candle,437.61,309.07,2014,12,0.562,SKU-CAN00285,Wireless Audio,Shift,Black,SUP026,Australia,2014-08-15,GST_STANDARD,Recycled box,True,True,"wireless audio designed for shared-room music playback, in the shift family and supplied by candle with a 12-month warranty."
PRD0286,Vela Echo 385,Smart Home,Vela,666.41,429.52,2017,12,0.276,SKU-VEL00286,Home Automation,Spark,Blue,SUP027,Vietnam,2017-03-05,GST_STANDARD,Box,True,True,"home automation designed for door and window activity alerts, in the spark family and supplied by vela with a 12-month warranty."
PRD0287,Candle Orbit 386,Gaming,Candle,2154.08,1586.26,2015,24,0.876,SKU-CAN00287,Gaming Hardware,Vista,Black,SUP028,Malaysia,2015-07-02,GST_STANDARD,Recycled box,True,True,"gaming hardware designed for portable gaming and travel, in the vista family and supplied by candle with a 24-month warranty."
PRD0288,Vela Spark 387,Wearable,Vela,151.78,75.7,2014,12,0.149,SKU-VEL00288,Health Wearable,Wave,Gold,SUP029,Korea,2014-07-16,GST_STANDARD,Protective case,False,True,"health wearable designed for calendar alerts and quick message checks, in the wave family and supplied by vela with a 12-month warranty."
PRD0289,Candle Bloom 388,Networking,Candle,1205.3,778.5,2013,24,0.957,SKU-CAN00289,Connected Network,Arc,Silver,SUP030,Korea,2013-12-09,GST_STANDARD,Protective case,False,True,"connected network designed for guest-network and device management, in the arc family and supplied by candle with a 24-month warranty."
PRD0290,Vela Halo 389,Accessory,Vela,53.02,36.56,2016,12,0.247,SKU-VEL00290,Mobile Accessory,Atlas,Blue,SUP031,Australia,2016-01-16,GST_STANDARD,Box,True,True,"mobile accessory designed for connecting several devices through one compact adapter, in the atlas family and supplied by vela with a 12-month warranty."
PRD0291,Candle Quest 390,Laptop,Candle,2155.05,1288.78,2016,24,1.727,SKU-CAN00291,Ultrabook,Bloom,Graphite,SUP032,Japan,2016-12-09,GST_STANDARD,Recycled box,False,True,"ultrabook designed for travel-based work and presentations, in the bloom family and supplied by candle with a 24-month warranty."
PRD0292,Vela Wave 391,Smartphone,Vela,643.6,312.34,2017,24,0.191,SKU-VEL00292,5G Smartphone,Core,Silver,SUP033,China,2017-04-24,GST_STANDARD,Protective case,True,True,"5g smartphone designed for family communication and casual apps, in the core family and supplied by vela with a 24-month warranty."
PRD0293,Candle Edge 392,Tablet,Candle,644.4,362.28,2013,24,0.583,SKU-CAN00293,Productivity Tablet,Edge,Black,SUP034,Australia,2013-07-12,GST_STANDARD,Protective case,True,True,"productivity tablet designed for drawing and lightweight creative work, in the edge family and supplied by candle with a 24-month warranty."
PRD0294,Vela Nova 393,Home Entertainment,Vela,1563.92,1024.28,2017,24,6.659,SKU-VEL00294,Smart Display,Echo,Green,SUP035,Vietnam,2017-01-05,GST_STANDARD,Box,True,True,"smart display designed for presentations and photo viewing, in the echo family and supplied by vela with a 24-month warranty."
PRD0295,Candle Shift 394,Audio,Candle,607.48,344.84,2012,12,0.381,SKU-CAN00295,Wireless Audio,Flux,Gold,SUP036,Malaysia,2012-09-22,GST_STANDARD,Recycled box,True,True,"wireless audio designed for long listening sessions at home, in the flux family and supplied by candle with a 12-month warranty."
PRD0296,Vela Atlas 395,Smart Home,Vela,122.37,83.13,2013,12,0.297,SKU-VEL00296,Home Automation,Halo,Black,SUP037,Vietnam,2013-02-16,GST_STANDARD,Protective case,True,True,"home automation designed for automated blind and curtain routines, in the halo family and supplied by vela with a 12-month warranty."
PRD0297,Candle Flux 396,Gaming,Candle,902.79,609.89,2013,24,1.44,SKU-CAN00297,Gaming Hardware,Lumen,Green,SUP001,Japan,2013-01-26,GST_STANDARD,Protective case,False,True,"gaming hardware designed for game streaming and media capture, in the lumen family and supplied by candle with a 24-month warranty."
PRD0298,Vela Pulse 397,Wearable,Vela,580.86,372.01,2017,12,0.096,SKU-VEL00298,Health Wearable,Nova,Black,SUP002,Vietnam,2017-01-09,GST_STANDARD,Box,True,True,"health wearable designed for habit reminders and everyday timekeeping, in the nova family and supplied by vela with a 12-month warranty."
PRD0299,Candle Vista 398,Networking,Candle,150.48,85.76,2014,24,0.588,SKU-CAN00299,Connected Network,Orbit,Blue,SUP003,Australia,2014-01-07,GST_STANDARD,Recycled box,True,True,"connected network designed for extending coverage between rooms, in the orbit family and supplied by candle with a 24-month warranty."
PRD0300,Vela Core 399,Accessory,Vela,243.64,164.35,2015,12,0.137,SKU-VEL00300,Mobile Accessory,Pulse,Black,SUP004,Vietnam,2015-01-13,GST_STANDARD,Recycled box,True,True,"mobile accessory designed for hands-free device support in a shared workspace, in the pulse family and supplied by vela with a 12-month warranty."
PRD0301,Candle Lumen 400,Laptop,Candle,2638.87,1924.86,2014,24,1.803,SKU-CAN00301,Ultrabook,Quest,Black,SUP005,Australia,2014-09-27,GST_STANDARD,Protective case,True,True,"ultrabook designed for portable document work and video meetings, in the quest family and supplied by candle with a 24-month warranty."
PRD0302,Vela Ridge 401,Smartphone,Vela,462.63,308.93,2012,24,0.298,SKU-VEL00302,5G Smartphone,Ridge,White,SUP006,Vietnam,2012-07-04,GST_STANDARD,Recycled box,True,True,"5g smartphone designed for daily communication and navigation, in the ridge family and supplied by vela with a 24-month warranty."
PRD0303,Candle Arc 402,Tablet,Candle,858.46,596.61,2016,24,0.659,SKU-CAN00303,Productivity Tablet,Shift,White,SUP007,Japan,2016-12-22,GST_STANDARD,Box,True,True,"productivity tablet designed for reading, annotation and handwritten notes, in the shift family and supplied by candle with a 24-month warranty."
PRD0304,Vela Echo 403,Home Entertainment,Vela,3629.59,2081.25,2016,24,7.151,SKU-VEL00304,Smart Display,Spark,Red,SUP008,Korea,2016-03-09,GST_STANDARD,Recycled box,False,True,"smart display designed for shared film and television viewing, in the spark family and supplied by vela with a 24-month warranty."
PRD0305,Candle Orbit 404,Audio,Candle,346.95,222.94,2014,12,0.614,SKU-CAN00305,Wireless Audio,Vista,White,SUP009,Australia,2014-03-08,GST_STANDARD,Recycled box,False,True,"wireless audio designed for commuting and spoken-content listening, in the vista family and supplied by candle with a 12-month warranty."
PRD0306,Vela Spark 405,Smart Home,Vela,422.96,249.12,2014,12,0.39,SKU-VEL00306,Home Automation,Wave,Green,SUP010,Australia,2014-05-09,GST_STANDARD,Recycled box,True,True,"home automation designed for app-controlled room lighting, in the wave family and supplied by vela with a 12-month warranty."
PRD0307,Candle Bloom 406,Gaming,Candle,2338.69,1143.05,2017,24,0.934,SKU-CAN00307,Gaming Hardware,Arc,Graphite,SUP011,Malaysia,2017-06-11,GST_STANDARD,Recycled box,True,True,"gaming hardware designed for long desktop gaming sessions, in the arc family and supplied by candle with a 24-month warranty."
PRD0308,Vela Halo 407,Wearable,Vela,524.45,387.43,2017,12,0.117,SKU-VEL00308,Health Wearable,Atlas,Gold,SUP012,Malaysia,2017-01-05,GST_STANDARD,Box,True,True,"health wearable designed for daily activity and sleep tracking, in the atlas family and supplied by vela with a 12-month warranty."
PRD0309,Candle Quest 408,Networking,Candle,621.05,344.96,2017,24,0.536,SKU-CAN00309,Connected Network,Bloom,Gold,SUP013,Korea,2017-01-20,GST_STANDARD,Protective case,True,True,"connected network designed for home-office wireless coverage, in the bloom family and supplied by candle with a 24-month warranty."
PRD0310,Vela Wave 409,Accessory,Vela,161.31,83.97,2014,12,0.242,SKU-VEL00310,Mobile Accessory,Core,Green,SUP014,China,2014-12-15,GST_STANDARD,Protective case,True,True,"mobile accessory designed for adjustable desk mounting and device positioning, in the core family and supplied by vela with a 12-month warranty."
PRD0311,Candle Edge 410,Laptop,Candle,1786.27,1215.22,2014,24,1.996,SKU-CAN00311,Ultrabook,Edge,Black,SUP015,China,2014-02-14,GST_STANDARD,Recycled box,True,True,"ultrabook designed for study, research and note taking, in the edge family and supplied by candle with a 24-month warranty."
PRD0312,Vela Nova 411,Smartphone,Vela,1834.14,1376.06,2016,24,0.195,SKU-VEL00312,5G Smartphone,Echo,Silver,SUP016,Australia,2016-12-21,GST_STANDARD,Recycled box,False,True,"5g smartphone designed for mobile photography and messaging, in the echo family and supplied by vela with a 24-month warranty."
PRD0313,Candle Shift 412,Tablet,Candle,1045.09,577.22,2017,24,0.823,SKU-CAN00313,Productivity Tablet,Flux,Graphite,SUP017,Japan,2017-05-24,GST_STANDARD,Recycled box,False,True,"productivity tablet designed for portable media and video calls, in the flux family and supplied by candle with a 24-month warranty."
PRD0314,Vela Atlas 413,Home Entertainment,Vela,4090.98,2998.52,2016,24,6.421,SKU-VEL00314,Smart Display,Halo,Blue,SUP018,Malaysia,2016-01-06,GST_STANDARD,Box,True,True,"smart display designed for music and spoken-content playback, in the halo family and supplied by vela with a 24-month warranty."
PRD0315,Candle Flux 414,Audio,Candle,58.99,32.42,2016,12,0.368,SKU-CAN00315,Wireless Audio,Lumen,Green,SUP019,Australia,2016-07-12,GST_STANDARD,Protective case,False,True,"wireless audio designed for music during focused desk work, in the lumen family and supplied by candle with a 12-month warranty."
PRD0316,Vela Pulse 415,Smart Home,Vela,401.13,257.01,2016,12,0.43,SKU-VEL00316,Home Automation,Nova,White,SUP020,Japan,2016-07-27,GST_STANDARD,Recycled box,True,True,"home automation designed for scheduled control of a household power outlet, in the nova family and supplied by vela with a 12-month warranty."
PRD0317,Candle Vista 416,Gaming,Candle,2197.9,1337.32,2012,24,1.202,SKU-CAN00317,Gaming Hardware,Orbit,Red,SUP021,Korea,2012-08-05,GST_STANDARD,Recycled box,True,True,"gaming hardware designed for casual games in a shared room, in the orbit family and supplied by candle with a 24-month warranty."
PRD0318,Vela Core 417,Wearable,Vela,971.41,556.23,2016,12,0.086,SKU-VEL00318,Health Wearable,Pulse,Green,SUP022,Korea,2016-11-17,GST_STANDARD,Box,True,True,"health wearable designed for walking and commute notifications, in the pulse family and supplied by vela with a 12-month warranty."
PRD0319,Candle Lumen 418,Networking,Candle,1438.71,691.44,2014,24,0.852,SKU-CAN00319,Connected Network,Quest,Black,SUP023,Japan,2014-07-03,GST_STANDARD,Recycled box,True,True,"connected network designed for connecting several shared household devices, in the quest family and supplied by candle with a 24-month warranty."
PRD0320,Vela Ridge 419,Accessory,Vela,227.72,163.47,2016,12,0.147,SKU-VEL00320,Mobile Accessory,Ridge,Blue,SUP024,Korea,2016-04-04,GST_STANDARD,Recycled box,False,True,"mobile accessory designed for protective storage during travel, in the ridge family and supplied by vela with a 12-month warranty."
PRD0321,Candle Arc 420,Laptop,Candle,1488.38,1116.18,2017,24,1.927,SKU-CAN00321,Ultrabook,Shift,Gold,SUP025,Australia,2017-11-07,GST_STANDARD,Protective case,False,True,"ultrabook designed for creative projects and media editing, in the shift family and supplied by candle with a 24-month warranty."
PRD0322,Vela Echo 421,Smartphone,Vela,1216.91,877.6,2016,24,0.21,SKU-VEL00322,5G Smartphone,Spark,Blue,SUP026,Japan,2016-06-19,GST_STANDARD,Protective case,True,True,"5g smartphone designed for work calls and calendar management, in the spark family and supplied by vela with a 24-month warranty."
PRD0323,Candle Orbit 422,Tablet,Candle,1563.09,931.56,2016,24,0.777,SKU-CAN00323,Productivity Tablet,Vista,Gold,SUP027,Korea,2016-02-15,GST_STANDARD,Recycled box,True,True,"productivity tablet designed for field forms and client presentations, in the vista family and supplied by candle with a 24-month warranty."
PRD0324,Vela Spark 423,Home Entertainment,Vela,2874.92,1468.66,2017,24,9.906,SKU-VEL00324,Smart Display,Wave,White,SUP028,Vietnam,2017-04-27,GST_STANDARD,Protective case,True,True,"smart display designed for family media streaming, in the wave family and supplied by vela with a 24-month warranty."
PRD0325,Candle Bloom 424,Audio,Candle,607.53,311.76,2016,12,0.463,SKU-CAN00325,Wireless Audio,Arc,Blue,SUP029,Korea,2016-03-07,GST_STANDARD,Box,False,True,"wireless audio designed for video calls and online classes, in the arc family and supplied by candle with a 12-month warranty."
PRD0326,Vela Halo 425,Smart Home,Vela,833.05,485.96,2013,12,0.459,SKU-VEL00326,Home Automation,Atlas,Red,SUP030,Korea,2013-01-24,GST_STANDARD,Box,True,True,"home automation designed for indoor temperature and humidity monitoring, in the atlas family and supplied by vela with a 12-month warranty."
PRD0327,Candle Quest 426,Gaming,Candle,812.84,428.63,2013,24,1.058,SKU-CAN00327,Gaming Hardware,Bloom,Green,SUP031,Vietnam,2013-08-13,GST_STANDARD,Box,True,True,"gaming hardware designed for competitive play and voice communication, in the bloom family and supplied by candle with a 24-month warranty."
PRD0328,Vela Wave 427,Wearable,Vela,650.32,490.64,2017,12,0.134,SKU-VEL00328,Health Wearable,Core,Black,SUP032,Malaysia,2017-04-16,GST_STANDARD,Box,True,True,"health wearable designed for exercise session summaries, in the core family and supplied by vela with a 12-month warranty."
PRD0329,Candle Edge 428,Networking,Candle,100.62,66.39,2016,24,0.887,SKU-CAN00329,Connected Network,Edge,Black,SUP033,Malaysia,2016-01-14,GST_STANDARD,Box,False,True,"connected network designed for video meetings and media streaming, in the edge family and supplied by candle with a 24-month warranty."
PRD0330,Vela Nova 429,Accessory,Vela,51.67,33.13,2017,12,0.16,SKU-VEL00330,Mobile Accessory,Echo,Black,SUP034,Korea,2017-10-21,GST_STANDARD,Recycled box,False,True,"mobile accessory designed for charging-cable organisation, in the echo family and supplied by vela with a 12-month warranty."
PRD0331,Candle Shift 430,Laptop,Candle,2135.57,1567.73,2017,24,1.105,SKU-CAN00331,Ultrabook,Flux,White,SUP035,Australia,2017-07-13,GST_STANDARD,Box,True,True,"ultrabook designed for shared home-office administration, in the flux family and supplied by candle with a 24-month warranty."
PRD0332,Vela Atlas 431,Smartphone,Vela,449.5,241.32,2012,24,0.295,SKU-VEL00332,5G Smartphone,Halo,Gold,SUP036,Vietnam,2012-07-18,GST_STANDARD,Recycled box,True,True,"5g smartphone designed for travel planning and media use, in the halo family and supplied by vela with a 24-month warranty."
PRD0333,Candle Flux 432,Tablet,Candle,621.74,383.33,2014,24,0.593,SKU-CAN00333,Productivity Tablet,Lumen,Graphite,SUP037,Australia,2014-06-08,GST_STANDARD,Protective case,False,True,"productivity tablet designed for family learning and shared browsing, in the lumen family and supplied by candle with a 24-month warranty."
PRD0334,Vela Pulse 433,Home Entertainment,Vela,2353.86,1389.58,2016,24,6.195,SKU-VEL00334,Smart Display,Nova,Graphite,SUP001,Japan,2016-05-22,GST_STANDARD,Protective case,True,True,"smart display designed for casual living-room gaming, in the nova family and supplied by vela with a 24-month warranty."
PRD0335,Candle Vista 434,Audio,Candle,235.04,150.52,2017,12,0.364,SKU-CAN00335,Wireless Audio,Orbit,Red,SUP002,Japan,2017-08-14,GST_STANDARD,Protective case,True,True,"wireless audio designed for shared-room music playback, in the orbit family and supplied by candle with a 12-month warranty."
PRD0336,Vela Core 435,Smart Home,Vela,110.53,68.21,2014,12,0.353,SKU-VEL00336,Home Automation,Pulse,White,SUP003,Malaysia,2014-03-06,GST_STANDARD,Box,True,True,"home automation designed for door and window activity alerts, in the pulse family and supplied by vela with a 12-month warranty."
PRD0337,Candle Lumen 436,Gaming,Candle,408.39,308.17,2013,24,1.616,SKU-CAN00337,Gaming Hardware,Quest,Red,SUP004,Australia,2013-06-13,GST_STANDARD,Recycled box,True,True,"gaming hardware designed for portable gaming and travel, in the quest family and supplied by candle with a 24-month warranty."
PRD0338,Vela Ridge 437,Wearable,Vela,602.72,409.34,2017,12,0.16,SKU-VEL00338,Health Wearable,Ridge,White,SUP005,Japan,2017-06-24,GST_STANDARD,Recycled box,True,True,"health wearable designed for calendar alerts and quick message checks, in the ridge family and supplied by vela with a 12-month warranty."
PRD0339,Candle Arc 438,Networking,Candle,1448.64,699.61,2017,24,0.58,SKU-CAN00339,Connected Network,Shift,Red,SUP006,Australia,2017-11-13,GST_STANDARD,Protective case,True,True,"connected network designed for guest-network and device management, in the shift family and supplied by candle with a 24-month warranty."
PRD0340,Vela Echo 439,Accessory,Vela,42.57,26.62,2014,12,0.206,SKU-VEL00340,Mobile Accessory,Spark,Silver,SUP007,China,2014-06-25,GST_STANDARD,Protective case,True,True,"mobile accessory designed for connecting several devices through one compact adapter, in the spark family and supplied by vela with a 12-month warranty."
PRD0341,Candle Orbit 440,Laptop,Candle,2845.05,1851.11,2013,24,1.22,SKU-CAN00341,Ultrabook,Vista,Blue,SUP008,Vietnam,2013-01-18,GST_STANDARD,Protective case,True,True,"ultrabook designed for travel-based work and presentations, in the vista family and supplied by candle with a 24-month warranty."
PRD0342,Vela Spark 441,Smartphone,Vela,615.51,454.68,2015,24,0.165,SKU-VEL00342,5G Smartphone,Wave,Black,SUP009,Malaysia,2015-09-20,GST_STANDARD,Protective case,True,True,"5g smartphone designed for family communication and casual apps, in the wave family and supplied by vela with a 24-month warranty."
PRD0343,Candle Bloom 442,Tablet,Candle,1288.78,840.07,2017,24,0.682,SKU-CAN00343,Productivity Tablet,Arc,Graphite,SUP010,Malaysia,2017-11-25,GST_STANDARD,Box,False,True,"productivity tablet designed for drawing and lightweight creative work, in the arc family and supplied by candle with a 24-month warranty."
PRD0344,Vela Halo 443,Home Entertainment,Vela,2946.2,1592.7,2017,24,8.17,SKU-VEL00344,Smart Display,Atlas,Silver,SUP011,China,2017-06-08,GST_STANDARD,Box,True,True,"smart display designed for presentations and photo viewing, in the atlas family and supplied by vela with a 24-month warranty."
PRD0345,Candle Quest 444,Audio,Candle,752.34,504.68,2014,12,0.607,SKU-CAN00345,Wireless Audio,Bloom,Blue,SUP012,Korea,2014-08-19,GST_STANDARD,Recycled box,True,True,"wireless audio designed for long listening sessions at home, in the bloom family and supplied by candle with a 12-month warranty."
PRD0346,Vela Wave 445,Smart Home,Vela,519.06,322.47,2012,12,0.35,SKU-VEL00346,Home Automation,Core,Red,SUP013,China,2012-05-21,GST_STANDARD,Protective case,True,True,"home automation designed for automated blind and curtain routines, in the core family and supplied by vela with a 12-month warranty."
PRD0347,Candle Edge 446,Gaming,Candle,1531.55,1016.34,2017,24,0.96,SKU-CAN00347,Gaming Hardware,Edge,Green,SUP014,Australia,2017-12-15,GST_STANDARD,Box,True,True,"gaming hardware designed for game streaming and media capture, in the edge family and supplied by candle with a 24-month warranty."
PRD0348,Vela Nova 447,Wearable,Vela,857.27,598.44,2013,12,0.087,SKU-VEL00348,Health Wearable,Echo,Black,SUP015,Malaysia,2013-01-24,GST_STANDARD,Protective case,True,True,"health wearable designed for habit reminders and everyday timekeeping, in the echo family and supplied by vela with a 12-month warranty."
PRD0349,Candle Shift 448,Networking,Candle,469.34,302.41,2017,24,0.671,SKU-CAN00349,Connected Network,Flux,Blue,SUP016,Australia,2017-10-05,GST_STANDARD,Recycled box,True,True,"connected network designed for extending coverage between rooms, in the flux family and supplied by candle with a 24-month warranty."
PRD0350,Vela Atlas 449,Accessory,Vela,133.96,64.76,2016,12,0.165,SKU-VEL00350,Mobile Accessory,Halo,Red,SUP017,Malaysia,2016-05-20,GST_STANDARD,Box,False,True,"mobile accessory designed for hands-free device support in a shared workspace, in the halo family and supplied by vela with a 12-month warranty."
PRD0351,Candle Flux 450,Laptop,Candle,2529.0,1851.98,2014,24,1.968,SKU-CAN00351,Ultrabook,Lumen,Silver,SUP018,Japan,2014-12-25,GST_STANDARD,Protective case,True,True,"ultrabook designed for portable document work and video meetings, in the lumen family and supplied by candle with a 24-month warranty."
PRD0352,Vela Pulse 451,Smartphone,Vela,393.98,280.97,2014,24,0.232,SKU-VEL00352,5G Smartphone,Nova,Red,SUP019,Malaysia,2014-02-15,GST_STANDARD,Recycled box,True,True,"5g smartphone designed for daily communication and navigation, in the nova family and supplied by vela with a 24-month warranty."
PRD0353,Candle Vista 452,Tablet,Candle,1290.29,758.22,2016,24,0.832,SKU-CAN00353,Productivity Tablet,Orbit,Blue,SUP020,China,2016-12-09,GST_STANDARD,Protective case,True,True,"productivity tablet designed for reading, annotation and handwritten notes, in the orbit family and supplied by candle with a 24-month warranty."
PRD0354,Vela Core 453,Home Entertainment,Vela,1734.06,1097.35,2012,24,7.339,SKU-VEL00354,Smart Display,Pulse,Red,SUP021,Vietnam,2012-07-01,GST_STANDARD,Box,True,True,"smart display designed for shared film and television viewing, in the pulse family and supplied by vela with a 24-month warranty."
PRD0355,Candle Lumen 454,Audio,Candle,1138.32,849.38,2015,12,0.588,SKU-CAN00355,Wireless Audio,Quest,Black,SUP022,Korea,2015-12-26,GST_STANDARD,Protective case,True,True,"wireless audio designed for commuting and spoken-content listening, in the quest family and supplied by candle with a 12-month warranty."
PRD0356,Vela Ridge 455,Smart Home,Vela,246.85,140.67,2013,12,0.441,SKU-VEL00356,Home Automation,Ridge,Gold,SUP023,Australia,2013-03-22,GST_STANDARD,Box,False,True,"home automation designed for app-controlled room lighting, in the ridge family and supplied by vela with a 12-month warranty."
PRD0357,Candle Arc 456,Gaming,Candle,1006.85,748.98,2015,24,0.871,SKU-CAN00357,Gaming Hardware,Shift,Black,SUP024,Vietnam,2015-02-02,GST_STANDARD,Protective case,False,True,"gaming hardware designed for long desktop gaming sessions, in the shift family and supplied by candle with a 24-month warranty."
PRD0358,Vela Echo 457,Wearable,Vela,1045.44,545.09,2015,12,0.164,SKU-VEL00358,Health Wearable,Spark,Black,SUP025,Australia,2015-06-23,GST_STANDARD,Protective case,False,True,"health wearable designed for daily activity and sleep tracking, in the spark family and supplied by vela with a 12-month warranty."
PRD0359,Candle Orbit 458,Networking,Candle,1203.77,663.41,2014,24,0.668,SKU-CAN00359,Connected Network,Vista,Gold,SUP026,Australia,2014-07-03,GST_STANDARD,Box,False,True,"connected network designed for home-office wireless coverage, in the vista family and supplied by candle with a 24-month warranty."
PRD0360,Vela Spark 459,Accessory,Vela,326.09,192.78,2013,12,0.248,SKU-VEL00360,Mobile Accessory,Wave,Graphite,SUP027,China,2013-10-03,GST_STANDARD,Recycled box,True,True,"mobile accessory designed for adjustable desk mounting and device positioning, in the wave family and supplied by vela with a 12-month warranty."
PRD0361,Candle Bloom 460,Laptop,Candle,2052.76,1209.81,2016,24,1.427,SKU-CAN00361,Ultrabook,Arc,Green,SUP028,Japan,2016-11-16,GST_STANDARD,Protective case,True,True,"ultrabook designed for study, research and note taking, in the arc family and supplied by candle with a 24-month warranty."
PRD0362,Vela Halo 461,Smartphone,Vela,1598.01,1083.94,2013,24,0.216,SKU-VEL00362,5G Smartphone,Atlas,White,SUP029,China,2013-03-16,GST_STANDARD,Protective case,True,True,"5g smartphone designed for mobile photography and messaging, in the atlas family and supplied by vela with a 24-month warranty."
PRD0363,Candle Quest 462,Tablet,Candle,489.25,362.87,2017,24,0.474,SKU-CAN00363,Productivity Tablet,Bloom,White,SUP030,Korea,2017-10-10,GST_STANDARD,Protective case,True,True,"productivity tablet designed for portable media and video calls, in the bloom family and supplied by candle with a 24-month warranty."
PRD0364,Vela Wave 463,Home Entertainment,Vela,914.03,623.19,2016,24,7.87,SKU-VEL00364,Smart Display,Core,Silver,SUP031,Australia,2016-02-13,GST_STANDARD,Box,True,True,"smart display designed for music and spoken-content playback, in the core family and supplied by vela with a 24-month warranty."
PRD0365,Candle Edge 464,Audio,Candle,380.49,203.46,2017,12,0.456,SKU-CAN00365,Wireless Audio,Edge,White,SUP032,Malaysia,2017-06-27,GST_STANDARD,Protective case,False,True,"wireless audio designed for music during focused desk work, in the edge family and supplied by candle with a 12-month warranty."
PRD0366,Vela Nova 465,Smart Home,Vela,428.57,243.23,2012,12,0.282,SKU-VEL00366,Home Automation,Echo,Black,SUP033,Australia,2012-05-03,GST_STANDARD,Recycled box,True,True,"home automation designed for scheduled control of a household power outlet, in the echo family and supplied by vela with a 12-month warranty."
PRD0367,Candle Shift 466,Gaming,Candle,1222.73,802.54,2015,24,1.375,SKU-CAN00367,Gaming Hardware,Flux,Blue,SUP034,Vietnam,2015-07-09,GST_STANDARD,Recycled box,True,True,"gaming hardware designed for casual games in a shared room, in the flux family and supplied by candle with a 24-month warranty."
PRD0368,Vela Atlas 467,Wearable,Vela,759.57,511.28,2012,12,0.131,SKU-VEL00368,Health Wearable,Halo,Green,SUP035,China,2012-01-23,GST_STANDARD,Box,False,True,"health wearable designed for walking and commute notifications, in the halo family and supplied by vela with a 12-month warranty."
PRD0369,Candle Flux 468,Networking,Candle,446.88,333.11,2013,24,0.747,SKU-CAN00369,Connected Network,Lumen,Blue,SUP036,Japan,2013-05-13,GST_STANDARD,Box,False,True,"connected network designed for connecting several shared household devices, in the lumen family and supplied by candle with a 24-month warranty."
PRD0370,Vela Pulse 469,Accessory,Vela,233.44,161.37,2016,12,0.228,SKU-VEL00370,Mobile Accessory,Nova,Gold,SUP037,Vietnam,2016-02-13,GST_STANDARD,Box,False,True,"mobile accessory designed for protective storage during travel, in the nova family and supplied by vela with a 12-month warranty."
PRD0371,Candle Vista 470,Laptop,Candle,2576.15,1911.66,2016,24,1.671,SKU-CAN00371,Ultrabook,Orbit,Black,SUP001,Japan,2016-07-03,GST_STANDARD,Box,True,True,"ultrabook designed for creative projects and media editing, in the orbit family and supplied by candle with a 24-month warranty."
PRD0372,Vela Core 471,Smartphone,Vela,330.93,247.52,2013,24,0.286,SKU-VEL00372,5G Smartphone,Pulse,Graphite,SUP002,Korea,2013-10-19,GST_STANDARD,Recycled box,False,True,"5g smartphone designed for work calls and calendar management, in the pulse family and supplied by vela with a 24-month warranty."
PRD0373,Candle Lumen 472,Tablet,Candle,1452.1,964.05,2013,24,0.783,SKU-CAN00373,Productivity Tablet,Quest,Red,SUP003,China,2013-02-13,GST_STANDARD,Box,False,True,"productivity tablet designed for field forms and client presentations, in the quest family and supplied by candle with a 24-month warranty."
PRD0374,Vela Ridge 473,Home Entertainment,Vela,759.14,504.66,2015,24,6.969,SKU-VEL00374,Smart Display,Ridge,Gold,SUP004,Malaysia,2015-07-18,GST_STANDARD,Box,True,True,"smart display designed for family media streaming, in the ridge family and supplied by vela with a 24-month warranty."
PRD0375,Candle Arc 474,Audio,Candle,404.28,236.65,2013,12,0.406,SKU-CAN00375,Wireless Audio,Shift,Blue,SUP005,China,2013-02-24,GST_STANDARD,Recycled box,True,True,"wireless audio designed for video calls and online classes, in the shift family and supplied by candle with a 12-month warranty."
PRD0376,Vela Echo 475,Smart Home,Vela,811.77,403.17,2013,12,0.364,SKU-VEL00376,Home Automation,Spark,Silver,SUP006,Korea,2013-07-16,GST_STANDARD,Recycled box,True,True,"home automation designed for indoor temperature and humidity monitoring, in the spark family and supplied by vela with a 12-month warranty."
PRD0377,Candle Orbit 476,Gaming,Candle,1501.75,1045.51,2012,24,1.627,SKU-CAN00377,Gaming Hardware,Vista,Green,SUP007,Australia,2012-07-04,GST_STANDARD,Box,True,True,"gaming hardware designed for competitive play and voice communication, in the vista family and supplied by candle with a 24-month warranty."
PRD0378,Vela Spark 477,Wearable,Vela,271.63,194.74,2016,12,0.165,SKU-VEL00378,Health Wearable,Wave,Graphite,SUP008,Vietnam,2016-04-01,GST_STANDARD,Protective case,False,True,"health wearable designed for exercise session summaries, in the wave family and supplied by vela with a 12-month warranty."
PRD0379,Candle Bloom 478,Networking,Candle,888.83,537.07,2012,24,0.585,SKU-CAN00379,Connected Network,Arc,Gold,SUP009,China,2012-03-12,GST_STANDARD,Box,True,True,"connected network designed for video meetings and media streaming, in the arc family and supplied by candle with a 24-month warranty."
PRD0380,Vela Halo 479,Accessory,Vela,355.83,191.2,2016,12,0.132,SKU-VEL00380,Mobile Accessory,Atlas,White,SUP010,Malaysia,2016-04-23,GST_STANDARD,Protective case,True,True,"mobile accessory designed for charging-cable organisation, in the atlas family and supplied by vela with a 12-month warranty."
PRD0381,Candle Quest 480,Laptop,Candle,2300.27,1213.15,2016,24,1.919,SKU-CAN00381,Ultrabook,Bloom,Silver,SUP011,Vietnam,2016-10-17,GST_STANDARD,Protective case,True,True,"ultrabook designed for shared home-office administration, in the bloom family and supplied by candle with a 24-month warranty."
PRD0382,Vela Wave 481,Smartphone,Vela,865.54,436.94,2012,24,0.284,SKU-VEL00382,5G Smartphone,Core,White,SUP012,Malaysia,2012-10-27,GST_STANDARD,Protective case,False,True,"5g smartphone designed for travel planning and media use, in the core family and supplied by vela with a 24-month warranty."
PRD0383,Candle Edge 482,Tablet,Candle,1183.76,625.69,2015,24,0.744,SKU-CAN00383,Productivity Tablet,Edge,Black,SUP013,China,2015-11-19,GST_STANDARD,Box,True,True,"productivity tablet designed for family learning and shared browsing, in the edge family and supplied by candle with a 24-month warranty."
PRD0384,Vela Nova 483,Home Entertainment,Vela,1325.18,795.33,2017,24,7.967,SKU-VEL00384,Smart Display,Echo,Black,SUP014,Korea,2017-08-08,GST_STANDARD,Box,True,True,"smart display designed for casual living-room gaming, in the echo family and supplied by vela with a 24-month warranty."
PRD0385,Candle Shift 484,Audio,Candle,1062.27,790.57,2015,12,0.389,SKU-CAN00385,Wireless Audio,Flux,Red,SUP015,Australia,2015-04-23,GST_STANDARD,Recycled box,False,True,"wireless audio designed for shared-room music playback, in the flux family and supplied by candle with a 12-month warranty."
PRD0386,Vela Atlas 485,Smart Home,Vela,567.42,386.83,2017,12,0.353,SKU-VEL00386,Home Automation,Halo,Graphite,SUP016,Korea,2017-02-14,GST_STANDARD,Protective case,True,True,"home automation designed for door and window activity alerts, in the halo family and supplied by vela with a 12-month warranty."
PRD0387,Candle Flux 486,Gaming,Candle,2107.82,1074.66,2017,24,0.897,SKU-CAN00387,Gaming Hardware,Lumen,Blue,SUP017,Japan,2017-09-21,GST_STANDARD,Recycled box,True,True,"gaming hardware designed for portable gaming and travel, in the lumen family and supplied by candle with a 24-month warranty."
PRD0388,Vela Pulse 487,Wearable,Vela,341.67,169.36,2014,12,0.156,SKU-VEL00388,Health Wearable,Nova,White,SUP018,Malaysia,2014-12-24,GST_STANDARD,Protective case,True,True,"health wearable designed for calendar alerts and quick message checks, in the nova family and supplied by vela with a 12-month warranty."
PRD0389,Candle Vista 488,Networking,Candle,910.21,458.92,2015,24,0.789,SKU-CAN00389,Connected Network,Orbit,Green,SUP019,Malaysia,2015-04-03,GST_STANDARD,Box,True,True,"connected network designed for guest-network and device management, in the orbit family and supplied by candle with a 24-month warranty."
PRD0390,Vela Core 489,Accessory,Vela,153.47,77.78,2014,12,0.141,SKU-VEL00390,Mobile Accessory,Pulse,Black,SUP020,Vietnam,2014-09-04,GST_STANDARD,Protective case,True,True,"mobile accessory designed for connecting several devices through one compact adapter, in the pulse family and supplied by vela with a 12-month warranty."
PRD0391,Candle Lumen 490,Laptop,Candle,1836.29,1318.54,2015,24,1.608,SKU-CAN00391,Ultrabook,Quest,Green,SUP021,Japan,2015-05-27,GST_STANDARD,Recycled box,True,True,"ultrabook designed for travel-based work and presentations, in the quest family and supplied by candle with a 24-month warranty."
PRD0392,Vela Ridge 491,Smartphone,Vela,1492.32,847.5,2013,24,0.201,SKU-VEL00392,5G Smartphone,Ridge,Gold,SUP022,Japan,2013-11-07,GST_STANDARD,Recycled box,True,True,"5g smartphone designed for family communication and casual apps, in the ridge family and supplied by vela with a 24-month warranty."
PRD0393,Candle Arc 492,Tablet,Candle,793.28,465.63,2017,24,0.84,SKU-CAN00393,Productivity Tablet,Shift,Black,SUP023,Australia,2017-05-15,GST_STANDARD,Protective case,False,True,"productivity tablet designed for drawing and lightweight creative work, in the shift family and supplied by candle with a 24-month warranty."
PRD0394,Vela Echo 493,Home Entertainment,Vela,1316.11,811.26,2014,24,7.164,SKU-VEL00394,Smart Display,Spark,Graphite,SUP024,Malaysia,2014-08-05,GST_STANDARD,Recycled box,True,True,"smart display designed for presentations and photo viewing, in the spark family and supplied by vela with a 24-month warranty."
PRD0395,Candle Orbit 494,Audio,Candle,1111.47,679.9,2016,12,0.455,SKU-CAN00395,Wireless Audio,Vista,Green,SUP025,Japan,2016-09-13,GST_STANDARD,Box,True,True,"wireless audio designed for long listening sessions at home, in the vista family and supplied by candle with a 12-month warranty."
PRD0396,Vela Spark 495,Smart Home,Vela,485.87,261.12,2017,12,0.31,SKU-VEL00396,Home Automation,Wave,Black,SUP026,Malaysia,2017-01-25,GST_STANDARD,Protective case,True,True,"home automation designed for automated blind and curtain routines, in the wave family and supplied by vela with a 12-month warranty."
PRD0397,Candle Bloom 496,Gaming,Candle,1704.15,887.51,2013,24,1.205,SKU-CAN00397,Gaming Hardware,Arc,Graphite,SUP027,Korea,2013-11-16,GST_STANDARD,Recycled box,True,True,"gaming hardware designed for game streaming and media capture, in the arc family and supplied by candle with a 24-month warranty."
PRD0398,Vela Halo 497,Wearable,Vela,341.64,179.29,2013,12,0.152,SKU-VEL00398,Health Wearable,Atlas,White,SUP028,China,2013-03-07,GST_STANDARD,Protective case,True,True,"health wearable designed for habit reminders and everyday timekeeping, in the atlas family and supplied by vela with a 12-month warranty."
PRD0399,Candle Quest 498,Networking,Candle,1231.55,803.22,2017,24,0.923,SKU-CAN00399,Connected Network,Bloom,Gold,SUP029,Korea,2017-06-18,GST_STANDARD,Recycled box,True,True,"connected network designed for extending coverage between rooms, in the bloom family and supplied by candle with a 24-month warranty."
PRD0400,Vela Wave 499,Accessory,Vela,411.31,303.36,2016,12,0.149,SKU-VEL00400,Mobile Accessory,Core,Green,SUP030,Vietnam,2016-09-12,GST_STANDARD,Recycled box,True,True,"mobile accessory designed for hands-free device support in a shared workspace, in the core family and supplied by vela with a 12-month warranty."
PRD0401,Candle Edge 500,Laptop,Candle,2894.25,1854.57,2012,24,1.818,SKU-CAN00401,Ultrabook,Edge,Silver,SUP031,China,2012-07-22,GST_STANDARD,Recycled box,True,True,"ultrabook designed for portable document work and video meetings, in the edge family and supplied by candle with a 24-month warranty."
PRD0402,Vela Nova 501,Smartphone,Vela,782.5,535.76,2017,24,0.197,SKU-VEL00402,5G Smartphone,Echo,Silver,SUP032,Malaysia,2017-01-16,GST_STANDARD,Recycled box,True,True,"5g smartphone designed for daily communication and navigation, in the echo family and supplied by vela with a 24-month warranty."
PRD0403,Candle Shift 502,Tablet,Candle,1295.0,771.82,2013,24,0.507,SKU-CAN00403,Productivity Tablet,Flux,Gold,SUP033,Malaysia,2013-12-02,GST_STANDARD,Box,True,True,"productivity tablet designed for reading, annotation and handwritten notes, in the flux family and supplied by candle with a 24-month warranty."
PRD0404,Vela Atlas 503,Home Entertainment,Vela,2672.02,2020.53,2014,24,7.219,SKU-VEL00404,Smart Display,Halo,Blue,SUP034,Australia,2014-10-14,GST_STANDARD,Recycled box,True,True,"smart display designed for shared film and television viewing, in the halo family and supplied by vela with a 24-month warranty."
PRD0405,Candle Flux 504,Audio,Candle,1063.36,510.66,2013,12,0.655,SKU-CAN00405,Wireless Audio,Lumen,White,SUP035,Malaysia,2013-01-25,GST_STANDARD,Box,True,True,"wireless audio designed for commuting and spoken-content listening, in the lumen family and supplied by candle with a 12-month warranty."
PRD0406,Vela Pulse 505,Smart Home,Vela,184.6,114.61,2014,12,0.281,SKU-VEL00406,Home Automation,Nova,Silver,SUP036,Malaysia,2014-10-10,GST_STANDARD,Protective case,True,True,"home automation designed for app-controlled room lighting, in the nova family and supplied by vela with a 12-month warranty."
PRD0407,Candle Vista 506,Gaming,Candle,1986.3,1421.49,2016,24,1.623,SKU-CAN00407,Gaming Hardware,Orbit,White,SUP037,Vietnam,2016-11-23,GST_STANDARD,Recycled box,True,True,"gaming hardware designed for long desktop gaming sessions, in the orbit family and supplied by candle with a 24-month warranty."
PRD0408,Vela Core 507,Wearable,Vela,384.62,205.85,2012,12,0.093,SKU-VEL00408,Health Wearable,Pulse,Red,SUP001,Malaysia,2012-03-15,GST_STANDARD,Protective case,False,True,"health wearable designed for daily activity and sleep tracking, in the pulse family and supplied by vela with a 12-month warranty."
PRD0409,Candle Lumen 508,Networking,Candle,165.4,91.65,2017,24,0.91,SKU-CAN00409,Connected Network,Quest,Green,SUP002,Korea,2017-12-08,GST_STANDARD,Box,False,True,"connected network designed for home-office wireless coverage, in the quest family and supplied by candle with a 24-month warranty."
PRD0410,Vela Ridge 509,Accessory,Vela,142.89,85.97,2013,12,0.239,SKU-VEL00410,Mobile Accessory,Ridge,Graphite,SUP003,Vietnam,2013-09-04,GST_STANDARD,Protective case,True,True,"mobile accessory designed for adjustable desk mounting and device positioning, in the ridge family and supplied by vela with a 12-month warranty."
PRD0411,Candle Arc 510,Laptop,Candle,2750.24,1400.65,2013,24,1.887,SKU-CAN00411,Ultrabook,Shift,Silver,SUP004,Australia,2013-03-05,GST_STANDARD,Box,False,True,"ultrabook designed for study, research and note taking, in the shift family and supplied by candle with a 24-month warranty."
PRD0412,Vela Echo 511,Smartphone,Vela,1822.18,1031.95,2017,24,0.222,SKU-VEL00412,5G Smartphone,Spark,Red,SUP005,Japan,2017-11-04,GST_STANDARD,Recycled box,False,True,"5g smartphone designed for mobile photography and messaging, in the spark family and supplied by vela with a 24-month warranty."
PRD0413,Candle Orbit 512,Tablet,Candle,486.14,333.06,2016,24,0.778,SKU-CAN00413,Productivity Tablet,Vista,Red,SUP006,Australia,2016-08-19,GST_STANDARD,Box,True,True,"productivity tablet designed for portable media and video calls, in the vista family and supplied by candle with a 24-month warranty."
PRD0414,Vela Spark 513,Home Entertainment,Vela,3953.91,2471.11,2016,24,7.498,SKU-VEL00414,Smart Display,Wave,Gold,SUP007,Korea,2016-06-03,GST_STANDARD,Box,True,True,"smart display designed for music and spoken-content playback, in the wave family and supplied by vela with a 24-month warranty."
PRD0415,Candle Bloom 514,Audio,Candle,191.7,127.46,2012,12,0.476,SKU-CAN00415,Wireless Audio,Arc,Graphite,SUP008,Australia,2012-04-03,GST_STANDARD,Protective case,False,True,"wireless audio designed for music during focused desk work, in the arc family and supplied by candle with a 12-month warranty."
PRD0416,Vela Halo 515,Smart Home,Vela,236.82,145.28,2017,12,0.265,SKU-VEL00416,Home Automation,Atlas,Black,SUP009,Korea,2017-05-09,GST_STANDARD,Protective case,True,True,"home automation designed for scheduled control of a household power outlet, in the atlas family and supplied by vela with a 12-month warranty."
PRD0417,Candle Quest 516,Gaming,Candle,1221.03,765.81,2014,24,1.448,SKU-CAN00417,Gaming Hardware,Bloom,Black,SUP010,Australia,2014-07-03,GST_STANDARD,Box,True,True,"gaming hardware designed for casual games in a shared room, in the bloom family and supplied by candle with a 24-month warranty."
PRD0418,Vela Wave 517,Wearable,Vela,860.3,636.02,2014,12,0.115,SKU-VEL00418,Health Wearable,Core,Blue,SUP011,China,2014-12-11,GST_STANDARD,Box,False,True,"health wearable designed for walking and commute notifications, in the core family and supplied by vela with a 12-month warranty."
PRD0419,Candle Edge 518,Networking,Candle,1353.51,811.3,2013,24,0.647,SKU-CAN00419,Connected Network,Edge,Black,SUP012,Korea,2013-09-11,GST_STANDARD,Recycled box,False,True,"connected network designed for connecting several shared household devices, in the edge family and supplied by candle with a 24-month warranty."
PRD0420,Vela Nova 519,Accessory,Vela,277.28,207.13,2013,12,0.196,SKU-VEL00420,Mobile Accessory,Echo,Blue,SUP013,Vietnam,2013-01-08,GST_STANDARD,Box,True,True,"mobile accessory designed for protective storage during travel, in the echo family and supplied by vela with a 12-month warranty."
PRD0421,Candle Shift 520,Laptop,Candle,2974.43,1924.65,2014,24,1.609,SKU-CAN00421,Ultrabook,Flux,Blue,SUP014,Korea,2014-08-17,GST_STANDARD,Box,True,True,"ultrabook designed for creative projects and media editing, in the flux family and supplied by candle with a 24-month warranty."
PRD0422,Vela Atlas 521,Smartphone,Vela,1820.9,1111.75,2016,24,0.295,SKU-VEL00422,5G Smartphone,Halo,Red,SUP015,Australia,2016-08-16,GST_STANDARD,Protective case,False,True,"5g smartphone designed for work calls and calendar management, in the halo family and supplied by vela with a 24-month warranty."
PRD0423,Candle Flux 522,Tablet,Candle,610.02,363.56,2013,24,0.5,SKU-CAN00423,Productivity Tablet,Lumen,White,SUP016,Japan,2013-01-25,GST_STANDARD,Protective case,False,True,"productivity tablet designed for field forms and client presentations, in the lumen family and supplied by candle with a 24-month warranty."
PRD0424,Vela Pulse 523,Home Entertainment,Vela,4001.95,2687.09,2015,24,7.621,SKU-VEL00424,Smart Display,Nova,Blue,SUP017,Vietnam,2015-05-10,GST_STANDARD,Recycled box,False,True,"smart display designed for family media streaming, in the nova family and supplied by vela with a 24-month warranty."
PRD0425,Candle Vista 524,Audio,Candle,845.25,542.31,2017,12,0.464,SKU-CAN00425,Wireless Audio,Orbit,Gold,SUP018,Vietnam,2017-05-06,GST_STANDARD,Protective case,True,True,"wireless audio designed for video calls and online classes, in the orbit family and supplied by candle with a 12-month warranty."
PRD0426,Vela Core 525,Smart Home,Vela,726.65,354.02,2012,12,0.388,SKU-VEL00426,Home Automation,Pulse,Red,SUP019,Japan,2012-11-11,GST_STANDARD,Protective case,True,True,"home automation designed for indoor temperature and humidity monitoring, in the pulse family and supplied by vela with a 12-month warranty."
PRD0427,Candle Lumen 526,Gaming,Candle,2246.52,1546.26,2013,24,0.891,SKU-CAN00427,Gaming Hardware,Quest,Red,SUP020,Japan,2013-02-15,GST_STANDARD,Recycled box,True,True,"gaming hardware designed for competitive play and voice communication, in the quest family and supplied by candle with a 24-month warranty."
PRD0428,Vela Ridge 527,Wearable,Vela,491.35,352.87,2013,12,0.154,SKU-VEL00428,Health Wearable,Ridge,Black,SUP021,Japan,2013-11-25,GST_STANDARD,Recycled box,True,True,"health wearable designed for exercise session summaries, in the ridge family and supplied by vela with a 12-month warranty."
PRD0429,Candle Arc 528,Networking,Candle,1481.5,872.14,2014,24,0.705,SKU-CAN00429,Connected Network,Shift,Green,SUP022,Vietnam,2014-09-26,GST_STANDARD,Recycled box,False,True,"connected network designed for video meetings and media streaming, in the shift family and supplied by candle with a 24-month warranty."
PRD0430,Vela Echo 529,Accessory,Vela,348.93,213.21,2016,12,0.222,SKU-VEL00430,Mobile Accessory,Spark,Green,SUP023,Korea,2016-07-25,GST_STANDARD,Protective case,False,True,"mobile accessory designed for charging-cable organisation, in the spark family and supplied by vela with a 12-month warranty."
PRD0431,Candle Orbit 530,Laptop,Candle,2880.93,1808.19,2012,24,1.528,SKU-CAN00431,Ultrabook,Vista,Gold,SUP024,China,2012-02-01,GST_STANDARD,Recycled box,True,True,"ultrabook designed for shared home-office administration, in the vista family and supplied by candle with a 24-month warranty."
PRD0432,Vela Spark 531,Smartphone,Vela,1637.76,1104.92,2015,24,0.242,SKU-VEL00432,5G Smartphone,Wave,Silver,SUP025,Malaysia,2015-11-12,GST_STANDARD,Recycled box,False,True,"5g smartphone designed for travel planning and media use, in the wave family and supplied by vela with a 24-month warranty."
PRD0433,Candle Bloom 532,Tablet,Candle,1481.25,781.99,2015,24,0.458,SKU-CAN00433,Productivity Tablet,Arc,Gold,SUP026,Australia,2015-10-02,GST_STANDARD,Box,True,True,"productivity tablet designed for family learning and shared browsing, in the arc family and supplied by candle with a 24-month warranty."
PRD0434,Vela Halo 533,Home Entertainment,Vela,1669.95,1195.79,2015,24,9.608,SKU-VEL00434,Smart Display,Atlas,Graphite,SUP027,Japan,2015-08-20,GST_STANDARD,Recycled box,True,True,"smart display designed for casual living-room gaming, in the atlas family and supplied by vela with a 24-month warranty."
PRD0435,Candle Quest 534,Audio,Candle,676.32,472.79,2017,12,0.355,SKU-CAN00435,Wireless Audio,Bloom,Blue,SUP028,Korea,2017-08-01,GST_STANDARD,Protective case,True,False,"wireless audio designed for shared-room music playback, in the bloom family and supplied by candle with a 12-month warranty."
PRD0436,Vela Wave 535,Smart Home,Vela,112.2,60.66,2016,12,0.311,SKU-VEL00436,Home Automation,Core,Graphite,SUP029,Japan,2016-06-27,GST_STANDARD,Protective case,False,True,"home automation designed for door and window activity alerts, in the core family and supplied by vela with a 12-month warranty."
PRD0437,Candle Edge 536,Gaming,Candle,892.67,564.89,2013,24,1.298,SKU-CAN00437,Gaming Hardware,Edge,Graphite,SUP030,Vietnam,2013-05-22,GST_STANDARD,Recycled box,True,True,"gaming hardware designed for portable gaming and travel, in the edge family and supplied by candle with a 24-month warranty."
PRD0438,Vela Nova 537,Wearable,Vela,104.09,62.87,2012,12,0.138,SKU-VEL00438,Health Wearable,Echo,Silver,SUP031,Vietnam,2012-08-05,GST_STANDARD,Recycled box,True,True,"health wearable designed for calendar alerts and quick message checks, in the echo family and supplied by vela with a 12-month warranty."
PRD0439,Candle Shift 538,Networking,Candle,323.08,171.09,2015,24,0.737,SKU-CAN00439,Connected Network,Flux,Graphite,SUP032,Malaysia,2015-12-26,GST_STANDARD,Box,True,True,"connected network designed for guest-network and device management, in the flux family and supplied by candle with a 24-month warranty."
PRD0440,Vela Atlas 539,Accessory,Vela,112.71,78.49,2014,12,0.132,SKU-VEL00440,Mobile Accessory,Halo,Gold,SUP033,Australia,2014-06-01,GST_STANDARD,Box,True,True,"mobile accessory designed for connecting several devices through one compact adapter, in the halo family and supplied by vela with a 12-month warranty."
PRD0441,Candle Flux 540,Laptop,Candle,2803.03,1722.52,2016,24,1.842,SKU-CAN00441,Ultrabook,Lumen,Black,SUP034,Malaysia,2016-11-01,GST_STANDARD,Protective case,True,True,"ultrabook designed for travel-based work and presentations, in the lumen family and supplied by candle with a 24-month warranty."
PRD0442,Vela Pulse 541,Smartphone,Vela,1167.29,621.51,2014,24,0.24,SKU-VEL00442,5G Smartphone,Nova,Blue,SUP035,Korea,2014-02-27,GST_STANDARD,Box,False,True,"5g smartphone designed for family communication and casual apps, in the nova family and supplied by vela with a 24-month warranty."
PRD0443,Candle Vista 542,Tablet,Candle,1233.37,631.6,2017,24,0.759,SKU-CAN00443,Productivity Tablet,Orbit,White,SUP036,China,2017-05-21,GST_STANDARD,Protective case,False,True,"productivity tablet designed for drawing and lightweight creative work, in the orbit family and supplied by candle with a 24-month warranty."
PRD0444,Vela Core 543,Home Entertainment,Vela,3715.62,2217.65,2015,24,6.575,SKU-VEL00444,Smart Display,Pulse,Red,SUP037,Vietnam,2015-02-08,GST_STANDARD,Box,True,True,"smart display designed for presentations and photo viewing, in the pulse family and supplied by vela with a 24-month warranty."
PRD0445,Candle Lumen 544,Audio,Candle,589.84,406.1,2016,12,0.504,SKU-CAN00445,Wireless Audio,Quest,Silver,SUP001,Japan,2016-02-18,GST_STANDARD,Protective case,True,True,"wireless audio designed for long listening sessions at home, in the quest family and supplied by candle with a 12-month warranty."
PRD0446,Vela Ridge 545,Smart Home,Vela,172.12,120.89,2017,12,0.462,SKU-VEL00446,Home Automation,Ridge,White,SUP002,Vietnam,2017-11-22,GST_STANDARD,Box,True,True,"home automation designed for automated blind and curtain routines, in the ridge family and supplied by vela with a 12-month warranty."
PRD0447,Candle Arc 546,Gaming,Candle,961.68,511.74,2015,24,1.512,SKU-CAN00447,Gaming Hardware,Shift,Green,SUP003,Japan,2015-04-13,GST_STANDARD,Box,True,False,"gaming hardware designed for game streaming and media capture, in the shift family and supplied by candle with a 24-month warranty."
PRD0448,Vela Echo 547,Wearable,Vela,1005.39,544.34,2017,12,0.117,SKU-VEL00448,Health Wearable,Spark,White,SUP004,Australia,2017-03-01,GST_STANDARD,Protective case,True,True,"health wearable designed for habit reminders and everyday timekeeping, in the spark family and supplied by vela with a 12-month warranty."
PRD0449,Candle Orbit 548,Networking,Candle,792.41,514.21,2012,24,0.63,SKU-CAN00449,Connected Network,Vista,Red,SUP005,Japan,2012-08-10,GST_STANDARD,Protective case,True,True,"connected network designed for extending coverage between rooms, in the vista family and supplied by candle with a 24-month warranty."
PRD0450,Vela Spark 549,Accessory,Vela,56.05,40.4,2013,12,0.209,SKU-VEL00450,Mobile Accessory,Wave,Green,SUP006,Japan,2013-12-22,GST_STANDARD,Protective case,True,True,"mobile accessory designed for hands-free device support in a shared workspace, in the wave family and supplied by vela with a 12-month warranty."
PRD0451,Candle Bloom 550,Laptop,Candle,1300.44,876.86,2013,24,1.567,SKU-CAN00451,Ultrabook,Arc,Silver,SUP007,Australia,2013-03-18,GST_STANDARD,Box,True,True,"ultrabook designed for portable document work and video meetings, in the arc family and supplied by candle with a 24-month warranty."
PRD0452,Vela Halo 551,Smartphone,Vela,687.28,335.71,2013,24,0.261,SKU-VEL00452,5G Smartphone,Atlas,White,SUP008,China,2013-10-23,GST_STANDARD,Recycled box,True,True,"5g smartphone designed for daily communication and navigation, in the atlas family and supplied by vela with a 24-month warranty."
PRD0453,Candle Quest 552,Tablet,Candle,904.43,611.32,2017,24,0.663,SKU-CAN00453,Productivity Tablet,Bloom,Blue,SUP009,Australia,2017-05-22,GST_STANDARD,Box,True,True,"productivity tablet designed for reading, annotation and handwritten notes, in the bloom family and supplied by candle with a 24-month warranty."
PRD0454,Vela Wave 553,Home Entertainment,Vela,1438.89,952.38,2014,24,7.775,SKU-VEL00454,Smart Display,Core,Green,SUP010,Australia,2014-02-24,GST_STANDARD,Protective case,False,True,"smart display designed for shared film and television viewing, in the core family and supplied by vela with a 24-month warranty."
PRD0455,Candle Edge 554,Audio,Candle,243.16,184.68,2013,12,0.361,SKU-CAN00455,Wireless Audio,Edge,White,SUP011,Vietnam,2013-04-21,GST_STANDARD,Recycled box,True,True,"wireless audio designed for commuting and spoken-content listening, in the edge family and supplied by candle with a 12-month warranty."
PRD0456,Vela Nova 555,Smart Home,Vela,117.59,68.41,2016,12,0.287,SKU-VEL00456,Home Automation,Echo,Blue,SUP012,China,2016-10-06,GST_STANDARD,Recycled box,True,True,"home automation designed for app-controlled room lighting, in the echo family and supplied by vela with a 12-month warranty."
PRD0457,Candle Shift 556,Gaming,Candle,1285.45,961.78,2016,24,1.653,SKU-CAN00457,Gaming Hardware,Flux,Green,SUP013,Malaysia,2016-05-22,GST_STANDARD,Protective case,False,True,"gaming hardware designed for long desktop gaming sessions, in the flux family and supplied by candle with a 24-month warranty."
PRD0458,Vela Atlas 557,Wearable,Vela,825.04,533.18,2013,12,0.147,SKU-VEL00458,Health Wearable,Halo,Blue,SUP014,Korea,2013-01-23,GST_STANDARD,Protective case,True,True,"health wearable designed for daily activity and sleep tracking, in the halo family and supplied by vela with a 12-month warranty."
PRD0459,Candle Flux 558,Networking,Candle,461.78,301.36,2016,24,0.964,SKU-CAN00459,Connected Network,Lumen,Graphite,SUP015,Malaysia,2016-09-17,GST_STANDARD,Box,True,True,"connected network designed for home-office wireless coverage, in the lumen family and supplied by candle with a 24-month warranty."
PRD0460,Vela Pulse 559,Accessory,Vela,289.71,158.3,2016,12,0.248,SKU-VEL00460,Mobile Accessory,Nova,Blue,SUP016,Japan,2016-11-13,GST_STANDARD,Box,True,True,"mobile accessory designed for adjustable desk mounting and device positioning, in the nova family and supplied by vela with a 12-month warranty."
PRD0461,Candle Vista 560,Laptop,Candle,1946.88,982.16,2013,24,1.623,SKU-CAN00461,Ultrabook,Orbit,Blue,SUP017,Malaysia,2013-06-05,GST_STANDARD,Recycled box,True,True,"ultrabook designed for study, research and note taking, in the orbit family and supplied by candle with a 24-month warranty."
PRD0462,Vela Core 561,Smartphone,Vela,1180.47,783.77,2012,24,0.184,SKU-VEL00462,5G Smartphone,Pulse,Graphite,SUP018,Vietnam,2012-02-17,GST_STANDARD,Box,True,True,"5g smartphone designed for mobile photography and messaging, in the pulse family and supplied by vela with a 24-month warranty."
PRD0463,Candle Lumen 562,Tablet,Candle,564.14,345.74,2016,24,0.835,SKU-CAN00463,Productivity Tablet,Quest,Silver,SUP019,Japan,2016-02-08,GST_STANDARD,Protective case,True,True,"productivity tablet designed for portable media and video calls, in the quest family and supplied by candle with a 24-month warranty."
PRD0464,Vela Ridge 563,Home Entertainment,Vela,2149.57,1501.24,2013,24,7.425,SKU-VEL00464,Smart Display,Ridge,Red,SUP020,China,2013-05-03,GST_STANDARD,Recycled box,True,True,"smart display designed for music and spoken-content playback, in the ridge family and supplied by vela with a 24-month warranty."
PRD0465,Candle Arc 564,Audio,Candle,778.89,538.11,2013,12,0.631,SKU-CAN00465,Wireless Audio,Shift,Graphite,SUP021,Australia,2013-06-26,GST_STANDARD,Box,True,True,"wireless audio designed for music during focused desk work, in the shift family and supplied by candle with a 12-month warranty."
PRD0466,Vela Echo 565,Smart Home,Vela,460.08,313.53,2014,12,0.339,SKU-VEL00466,Home Automation,Spark,Blue,SUP022,Korea,2014-01-21,GST_STANDARD,Protective case,True,True,"home automation designed for scheduled control of a household power outlet, in the spark family and supplied by vela with a 12-month warranty."
PRD0467,Candle Orbit 566,Gaming,Candle,590.42,323.2,2012,24,1.464,SKU-CAN00467,Gaming Hardware,Vista,Green,SUP023,Vietnam,2012-04-13,GST_STANDARD,Protective case,False,True,"gaming hardware designed for casual games in a shared room, in the vista family and supplied by candle with a 24-month warranty."
PRD0468,Vela Spark 567,Wearable,Vela,388.69,243.95,2013,12,0.154,SKU-VEL00468,Health Wearable,Wave,Red,SUP024,Japan,2013-07-10,GST_STANDARD,Box,True,True,"health wearable designed for walking and commute notifications, in the wave family and supplied by vela with a 12-month warranty."
PRD0469,Candle Bloom 568,Networking,Candle,274.61,154.84,2015,24,0.636,SKU-CAN00469,Connected Network,Arc,Graphite,SUP025,Japan,2015-01-24,GST_STANDARD,Box,True,True,"connected network designed for connecting several shared household devices, in the arc family and supplied by candle with a 24-month warranty."
PRD0470,Vela Halo 569,Accessory,Vela,133.45,67.15,2016,12,0.148,SKU-VEL00470,Mobile Accessory,Atlas,Gold,SUP026,Australia,2016-06-03,GST_STANDARD,Recycled box,False,True,"mobile accessory designed for protective storage during travel, in the atlas family and supplied by vela with a 12-month warranty."
PRD0471,Candle Quest 570,Laptop,Candle,1547.86,937.85,2015,24,1.481,SKU-CAN00471,Ultrabook,Bloom,Green,SUP027,China,2015-05-19,GST_STANDARD,Recycled box,False,True,"ultrabook designed for creative projects and media editing, in the bloom family and supplied by candle with a 24-month warranty."
PRD0472,Vela Wave 571,Smartphone,Vela,828.5,570.03,2014,24,0.163,SKU-VEL00472,5G Smartphone,Core,Black,SUP028,Malaysia,2014-08-09,GST_STANDARD,Recycled box,True,True,"5g smartphone designed for work calls and calendar management, in the core family and supplied by vela with a 24-month warranty."
PRD0473,Candle Edge 572,Tablet,Candle,370.27,200.05,2014,24,0.679,SKU-CAN00473,Productivity Tablet,Edge,Graphite,SUP029,Korea,2014-01-15,GST_STANDARD,Recycled box,True,True,"productivity tablet designed for field forms and client presentations, in the edge family and supplied by candle with a 24-month warranty."
PRD0474,Vela Nova 573,Home Entertainment,Vela,480.29,271.08,2016,24,6.647,SKU-VEL00474,Smart Display,Echo,Graphite,SUP030,China,2016-01-24,GST_STANDARD,Recycled box,False,True,"smart display designed for family media streaming, in the echo family and supplied by vela with a 24-month warranty."
PRD0475,Candle Shift 574,Audio,Candle,357.18,176.94,2017,12,0.567,SKU-CAN00475,Wireless Audio,Flux,Silver,SUP031,Korea,2017-07-01,GST_STANDARD,Box,False,True,"wireless audio designed for video calls and online classes, in the flux family and supplied by candle with a 12-month warranty."
PRD0476,Vela Atlas 575,Smart Home,Vela,658.84,405.32,2014,12,0.374,SKU-VEL00476,Home Automation,Halo,Blue,SUP032,Australia,2014-07-09,GST_STANDARD,Recycled box,False,True,"home automation designed for indoor temperature and humidity monitoring, in the halo family and supplied by vela with a 12-month warranty."
PRD0477,Candle Flux 576,Gaming,Candle,654.36,462.17,2017,24,1.549,SKU-CAN00477,Gaming Hardware,Lumen,Black,SUP033,Korea,2017-09-23,GST_STANDARD,Recycled box,True,True,"gaming hardware designed for competitive play and voice communication, in the lumen family and supplied by candle with a 24-month warranty."
PRD0478,Vela Pulse 577,Wearable,Vela,917.54,461.25,2012,12,0.155,SKU-VEL00478,Health Wearable,Nova,Green,SUP034,Australia,2012-09-09,GST_STANDARD,Box,False,True,"health wearable designed for exercise session summaries, in the nova family and supplied by vela with a 12-month warranty."
PRD0479,Candle Vista 578,Networking,Candle,660.2,466.42,2013,24,0.846,SKU-CAN00479,Connected Network,Orbit,Black,SUP035,Malaysia,2013-02-25,GST_STANDARD,Protective case,False,True,"connected network designed for video meetings and media streaming, in the orbit family and supplied by candle with a 24-month warranty."
PRD0480,Vela Core 579,Accessory,Vela,168.51,86.91,2016,12,0.204,SKU-VEL00480,Mobile Accessory,Pulse,Black,SUP036,Australia,2016-04-20,GST_STANDARD,Protective case,False,True,"mobile accessory designed for charging-cable organisation, in the pulse family and supplied by vela with a 12-month warranty."
PRD0481,Candle Lumen 580,Laptop,Candle,1805.28,977.6,2015,24,1.172,SKU-CAN00481,Ultrabook,Quest,Graphite,SUP037,Malaysia,2015-02-09,GST_STANDARD,Recycled box,True,True,"ultrabook designed for shared home-office administration, in the quest family and supplied by candle with a 24-month warranty."
PRD0482,Vela Ridge 581,Smartphone,Vela,1837.21,890.3,2012,24,0.27,SKU-VEL00482,5G Smartphone,Ridge,Graphite,SUP001,Malaysia,2012-04-01,GST_STANDARD,Recycled box,True,True,"5g smartphone designed for travel planning and media use, in the ridge family and supplied by vela with a 24-month warranty."
PRD0483,Candle Arc 582,Tablet,Candle,863.5,593.59,2014,24,0.669,SKU-CAN00483,Productivity Tablet,Shift,White,SUP002,China,2014-10-20,GST_STANDARD,Box,True,True,"productivity tablet designed for family learning and shared browsing, in the shift family and supplied by candle with a 24-month warranty."
PRD0484,Vela Echo 583,Home Entertainment,Vela,3736.5,2658.88,2013,24,6.074,SKU-VEL00484,Smart Display,Spark,Green,SUP003,Korea,2013-09-11,GST_STANDARD,Protective case,True,True,"smart display designed for casual living-room gaming, in the spark family and supplied by vela with a 24-month warranty."
PRD0485,Candle Orbit 584,Audio,Candle,939.87,595.58,2015,12,0.55,SKU-CAN00485,Wireless Audio,Vista,Silver,SUP004,Vietnam,2015-10-10,GST_STANDARD,Recycled box,True,True,"wireless audio designed for shared-room music playback, in the vista family and supplied by candle with a 12-month warranty."
PRD0486,Vela Spark 585,Smart Home,Vela,180.26,122.16,2013,12,0.484,SKU-VEL00486,Home Automation,Wave,Green,SUP005,Malaysia,2013-05-16,GST_STANDARD,Protective case,True,True,"home automation designed for door and window activity alerts, in the wave family and supplied by vela with a 12-month warranty."
PRD0487,Candle Bloom 586,Gaming,Candle,968.55,581.46,2013,24,1.087,SKU-CAN00487,Gaming Hardware,Arc,Gold,SUP006,China,2013-12-12,GST_STANDARD,Recycled box,True,True,"gaming hardware designed for portable gaming and travel, in the arc family and supplied by candle with a 24-month warranty."
PRD0488,Vela Halo 587,Wearable,Vela,780.13,389.09,2017,12,0.144,SKU-VEL00488,Health Wearable,Atlas,Gold,SUP007,Japan,2017-05-07,GST_STANDARD,Protective case,True,True,"health wearable designed for calendar alerts and quick message checks, in the atlas family and supplied by vela with a 12-month warranty."
PRD0489,Candle Quest 588,Networking,Candle,376.72,195.79,2016,24,0.87,SKU-CAN00489,Connected Network,Bloom,Green,SUP008,Malaysia,2016-11-09,GST_STANDARD,Protective case,True,True,"connected network designed for guest-network and device management, in the bloom family and supplied by candle with a 24-month warranty."
PRD0490,Vela Wave 589,Accessory,Vela,63.94,44.2,2015,12,0.136,SKU-VEL00490,Mobile Accessory,Core,Gold,SUP009,Vietnam,2015-11-13,GST_STANDARD,Protective case,True,False,"mobile accessory designed for connecting several devices through one compact adapter, in the core family and supplied by vela with a 12-month warranty."
PRD0491,Candle Edge 590,Laptop,Candle,2056.04,1063.37,2015,24,1.387,SKU-CAN00491,Ultrabook,Edge,White,SUP010,Korea,2015-11-20,GST_STANDARD,Recycled box,True,True,"ultrabook designed for travel-based work and presentations, in the edge family and supplied by candle with a 24-month warranty."
PRD0492,Vela Nova 591,Smartphone,Vela,541.59,348.21,2016,24,0.254,SKU-VEL00492,5G Smartphone,Echo,Silver,SUP011,Korea,2016-12-26,GST_STANDARD,Protective case,True,True,"5g smartphone designed for family communication and casual apps, in the echo family and supplied by vela with a 24-month warranty."
PRD0493,Candle Shift 592,Tablet,Candle,1431.18,981.54,2013,24,0.516,SKU-CAN00493,Productivity Tablet,Flux,White,SUP012,Japan,2013-06-08,GST_STANDARD,Protective case,False,True,"productivity tablet designed for drawing and lightweight creative work, in the flux family and supplied by candle with a 24-month warranty."
PRD0494,Vela Atlas 593,Home Entertainment,Vela,2689.23,1829.22,2015,24,8.483,SKU-VEL00494,Smart Display,Halo,Red,SUP013,Vietnam,2015-09-16,GST_STANDARD,Protective case,True,True,"smart display designed for presentations and photo viewing, in the halo family and supplied by vela with a 24-month warranty."
PRD0495,Candle Flux 594,Audio,Candle,692.95,371.21,2017,12,0.583,SKU-CAN00495,Wireless Audio,Lumen,Gold,SUP014,China,2017-08-08,GST_STANDARD,Recycled box,True,True,"wireless audio designed for long listening sessions at home, in the lumen family and supplied by candle with a 12-month warranty."
PRD0496,Vela Pulse 595,Smart Home,Vela,519.08,265.74,2013,12,0.339,SKU-VEL00496,Home Automation,Nova,White,SUP015,Korea,2013-03-20,GST_STANDARD,Box,False,True,"home automation designed for automated blind and curtain routines, in the nova family and supplied by vela with a 12-month warranty."
PRD0497,Candle Vista 596,Gaming,Candle,1779.73,1097.66,2015,24,1.353,SKU-CAN00497,Gaming Hardware,Orbit,Graphite,SUP016,Australia,2015-07-20,GST_STANDARD,Recycled box,False,True,"gaming hardware designed for game streaming and media capture, in the orbit family and supplied by candle with a 24-month warranty."
PRD0498,Vela Core 597,Wearable,Vela,309.85,190.55,2017,12,0.099,SKU-VEL00498,Health Wearable,Pulse,Red,SUP017,Japan,2017-01-07,GST_STANDARD,Protective case,True,True,"health wearable designed for habit reminders and everyday timekeeping, in the pulse family and supplied by vela with a 12-month warranty."
PRD0499,Candle Lumen 598,Networking,Candle,779.63,487.64,2014,24,0.728,SKU-CAN00499,Connected Network,Quest,Green,SUP018,Malaysia,2014-10-12,GST_STANDARD,Box,True,True,"connected network designed for extending coverage between rooms, in the quest family and supplied by candle with a 24-month warranty."
PRD0500,Vela Ridge 599,Accessory,Vela,162.81,104.12,2016,12,0.237,SKU-VEL00500,Mobile Accessory,Ridge,Black,SUP019,Malaysia,2016-08-01,GST_STANDARD,Box,False,True,"mobile accessory designed for hands-free device support in a shared workspace, in the ridge family and supplied by vela with a 12-month warranty."
PRD0501,Candle Arc 600,Laptop,Candle,2577.38,1495.55,2012,24,1.825,SKU-CAN00501,Ultrabook,Shift,Blue,SUP020,Australia,2012-05-26,GST_STANDARD,Recycled box,True,True,"ultrabook designed for portable document work and video meetings, in the shift family and supplied by candle with a 24-month warranty."
PRD0502,Vela Echo 601,Smartphone,Vela,553.17,321.14,2013,24,0.295,SKU-VEL00502,5G Smartphone,Spark,Black,SUP021,China,2013-08-22,GST_STANDARD,Protective case,False,True,"5g smartphone designed for daily communication and navigation, in the spark family and supplied by vela with a 24-month warranty."
PRD0503,Candle Orbit 602,Tablet,Candle,896.74,603.25,2013,24,0.665,SKU-CAN00503,Productivity Tablet,Vista,Graphite,SUP022,Vietnam,2013-01-15,GST_STANDARD,Box,False,True,"productivity tablet designed for reading, annotation and handwritten notes, in the vista family and supplied by candle with a 24-month warranty."
PRD0504,Vela Spark 603,Home Entertainment,Vela,2203.43,1190.87,2017,24,7.677,SKU-VEL00504,Smart Display,Wave,Gold,SUP023,Japan,2017-02-27,GST_STANDARD,Protective case,True,True,"smart display designed for shared film and television viewing, in the wave family and supplied by vela with a 24-month warranty."
PRD0505,Candle Bloom 604,Audio,Candle,1028.22,618.77,2016,12,0.563,SKU-CAN00505,Wireless Audio,Arc,White,SUP024,Vietnam,2016-09-05,GST_STANDARD,Box,False,True,"wireless audio designed for commuting and spoken-content listening, in the arc family and supplied by candle with a 12-month warranty."
PRD0506,Vela Halo 605,Smart Home,Vela,187.88,94.64,2012,12,0.491,SKU-VEL00506,Home Automation,Atlas,Green,SUP025,China,2012-08-13,GST_STANDARD,Box,True,True,"home automation designed for app-controlled room lighting, in the atlas family and supplied by vela with a 12-month warranty."
PRD0507,Candle Quest 606,Gaming,Candle,135.21,96.34,2012,24,1.35,SKU-CAN00507,Gaming Hardware,Bloom,Black,SUP026,Vietnam,2012-10-04,GST_STANDARD,Box,False,True,"gaming hardware designed for long desktop gaming sessions, in the bloom family and supplied by candle with a 24-month warranty."
PRD0508,Vela Wave 607,Wearable,Vela,323.95,220.34,2016,12,0.143,SKU-VEL00508,Health Wearable,Core,White,SUP027,China,2016-08-07,GST_STANDARD,Recycled box,True,True,"health wearable designed for daily activity and sleep tracking, in the core family and supplied by vela with a 12-month warranty."
PRD0509,Candle Edge 608,Networking,Candle,400.59,248.46,2013,24,0.614,SKU-CAN00509,Connected Network,Edge,Green,SUP028,Vietnam,2013-07-15,GST_STANDARD,Recycled box,False,True,"connected network designed for home-office wireless coverage, in the edge family and supplied by candle with a 24-month warranty."
PRD0510,Vela Nova 609,Accessory,Vela,112.56,75.17,2016,12,0.132,SKU-VEL00510,Mobile Accessory,Echo,Blue,SUP029,Australia,2016-04-26,GST_STANDARD,Recycled box,True,True,"mobile accessory designed for adjustable desk mounting and device positioning, in the echo family and supplied by vela with a 12-month warranty."
PRD0511,Candle Shift 610,Laptop,Candle,1297.34,852.45,2014,24,1.425,SKU-CAN00511,Ultrabook,Flux,Graphite,SUP030,Malaysia,2014-06-17,GST_STANDARD,Protective case,False,True,"ultrabook designed for study, research and note taking, in the flux family and supplied by candle with a 24-month warranty."
PRD0512,Vela Atlas 611,Smartphone,Vela,1262.67,862.6,2013,24,0.171,SKU-VEL00512,5G Smartphone,Halo,Silver,SUP031,China,2013-02-27,GST_STANDARD,Protective case,True,True,"5g smartphone designed for mobile photography and messaging, in the halo family and supplied by vela with a 24-month warranty."
PRD0513,Candle Flux 612,Tablet,Candle,453.22,228.63,2012,24,0.595,SKU-CAN00513,Productivity Tablet,Lumen,Graphite,SUP032,Japan,2012-11-20,GST_STANDARD,Protective case,True,True,"productivity tablet designed for portable media and video calls, in the lumen family and supplied by candle with a 24-month warranty."
PRD0514,Vela Pulse 613,Home Entertainment,Vela,1738.15,1198.96,2016,24,6.691,SKU-VEL00514,Smart Display,Nova,Silver,SUP033,Vietnam,2016-01-24,GST_STANDARD,Recycled box,False,True,"smart display designed for music and spoken-content playback, in the nova family and supplied by vela with a 24-month warranty."
PRD0515,Candle Vista 614,Audio,Candle,1179.28,848.42,2015,12,0.436,SKU-CAN00515,Wireless Audio,Orbit,Black,SUP034,Japan,2015-01-16,GST_STANDARD,Box,True,True,"wireless audio designed for music during focused desk work, in the orbit family and supplied by candle with a 12-month warranty."
PRD0516,Vela Core 615,Smart Home,Vela,742.63,474.87,2012,12,0.471,SKU-VEL00516,Home Automation,Pulse,Silver,SUP035,Korea,2012-01-27,GST_STANDARD,Box,True,True,"home automation designed for scheduled control of a household power outlet, in the pulse family and supplied by vela with a 12-month warranty."
PRD0517,Candle Lumen 616,Gaming,Candle,2094.09,1346.85,2017,24,1.173,SKU-CAN00517,Gaming Hardware,Quest,Blue,SUP036,China,2017-10-17,GST_STANDARD,Protective case,True,False,"gaming hardware designed for casual games in a shared room, in the quest family and supplied by candle with a 24-month warranty."
PRD0518,Vela Ridge 617,Wearable,Vela,127.55,73.61,2017,12,0.126,SKU-VEL00518,Health Wearable,Ridge,Blue,SUP037,China,2017-05-26,GST_STANDARD,Protective case,True,True,"health wearable designed for walking and commute notifications, in the ridge family and supplied by vela with a 12-month warranty."
PRD0519,Candle Arc 618,Networking,Candle,268.64,141.85,2017,24,0.887,SKU-CAN00519,Connected Network,Shift,Red,SUP001,China,2017-05-09,GST_STANDARD,Recycled box,False,True,"connected network designed for connecting several shared household devices, in the shift family and supplied by candle with a 24-month warranty."
PRD0520,Vela Echo 619,Accessory,Vela,188.8,95.13,2013,12,0.237,SKU-VEL00520,Mobile Accessory,Spark,Gold,SUP002,Japan,2013-12-19,GST_STANDARD,Protective case,False,True,"mobile accessory designed for protective storage during travel, in the spark family and supplied by vela with a 12-month warranty."
PRD0521,Candle Orbit 620,Laptop,Candle,2461.03,1496.59,2015,24,1.274,SKU-CAN00521,Ultrabook,Vista,Graphite,SUP003,Korea,2015-02-25,GST_STANDARD,Protective case,True,True,"ultrabook designed for creative projects and media editing, in the vista family and supplied by candle with a 24-month warranty."
PRD0522,Vela Spark 621,Smartphone,Vela,1270.84,693.0,2015,24,0.301,SKU-VEL00522,5G Smartphone,Wave,Green,SUP004,Vietnam,2015-11-07,GST_STANDARD,Protective case,False,True,"5g smartphone designed for work calls and calendar management, in the wave family and supplied by vela with a 24-month warranty."
PRD0523,Candle Bloom 622,Tablet,Candle,1405.5,704.16,2017,24,0.683,SKU-CAN00523,Productivity Tablet,Arc,Red,SUP005,China,2017-04-07,GST_STANDARD,Protective case,True,False,"productivity tablet designed for field forms and client presentations, in the arc family and supplied by candle with a 24-month warranty."
PRD0524,Vela Halo 623,Home Entertainment,Vela,782.83,383.55,2014,24,8.551,SKU-VEL00524,Smart Display,Atlas,White,SUP006,Korea,2014-07-09,GST_STANDARD,Protective case,False,True,"smart display designed for family media streaming, in the atlas family and supplied by vela with a 24-month warranty."
PRD0525,Candle Quest 624,Audio,Candle,135.44,78.38,2015,12,0.658,SKU-CAN00525,Wireless Audio,Bloom,Graphite,SUP007,Malaysia,2015-07-19,GST_STANDARD,Protective case,False,True,"wireless audio designed for video calls and online classes, in the bloom family and supplied by candle with a 12-month warranty."
PRD0526,Vela Wave 625,Smart Home,Vela,44.24,25.14,2012,12,0.269,SKU-VEL00526,Home Automation,Core,Graphite,SUP008,Korea,2012-02-22,GST_STANDARD,Box,False,True,"home automation designed for indoor temperature and humidity monitoring, in the core family and supplied by vela with a 12-month warranty."
PRD0527,Candle Edge 626,Gaming,Candle,2128.95,1532.03,2015,24,1.037,SKU-CAN00527,Gaming Hardware,Edge,Red,SUP009,Japan,2015-08-10,GST_STANDARD,Recycled box,False,True,"gaming hardware designed for competitive play and voice communication, in the edge family and supplied by candle with a 24-month warranty."
PRD0528,Vela Nova 627,Wearable,Vela,136.95,76.89,2013,12,0.111,SKU-VEL00528,Health Wearable,Echo,Graphite,SUP010,Australia,2013-10-15,GST_STANDARD,Protective case,True,True,"health wearable designed for exercise session summaries, in the echo family and supplied by vela with a 12-month warranty."
PRD0529,Candle Shift 628,Networking,Candle,1028.26,604.67,2016,24,0.734,SKU-CAN00529,Connected Network,Flux,Graphite,SUP011,China,2016-10-07,GST_STANDARD,Protective case,True,True,"connected network designed for video meetings and media streaming, in the flux family and supplied by candle with a 24-month warranty."
PRD0530,Vela Atlas 629,Accessory,Vela,220.26,159.19,2014,12,0.242,SKU-VEL00530,Mobile Accessory,Halo,Blue,SUP012,Japan,2014-11-22,GST_STANDARD,Recycled box,False,True,"mobile accessory designed for charging-cable organisation, in the halo family and supplied by vela with a 12-month warranty."
PRD0531,Candle Flux 630,Laptop,Candle,2992.62,1481.38,2017,24,2.019,SKU-CAN00531,Ultrabook,Lumen,Green,SUP013,Vietnam,2017-06-07,GST_STANDARD,Protective case,False,True,"ultrabook designed for shared home-office administration, in the lumen family and supplied by candle with a 24-month warranty."
PRD0532,Vela Pulse 631,Smartphone,Vela,386.41,280.1,2017,24,0.179,SKU-VEL00532,5G Smartphone,Nova,Black,SUP014,Korea,2017-09-24,GST_STANDARD,Protective case,True,True,"5g smartphone designed for travel planning and media use, in the nova family and supplied by vela with a 24-month warranty."
PRD0533,Candle Vista 632,Tablet,Candle,1118.9,600.24,2015,24,0.527,SKU-CAN00533,Productivity Tablet,Orbit,White,SUP015,Australia,2015-02-10,GST_STANDARD,Protective case,True,True,"productivity tablet designed for family learning and shared browsing, in the orbit family and supplied by candle with a 24-month warranty."
PRD0534,Vela Core 633,Home Entertainment,Vela,458.42,292.26,2014,24,6.7,SKU-VEL00534,Smart Display,Pulse,Silver,SUP016,Vietnam,2014-04-09,GST_STANDARD,Recycled box,True,True,"smart display designed for casual living-room gaming, in the pulse family and supplied by vela with a 24-month warranty."
PRD0535,Candle Lumen 634,Audio,Candle,878.27,452.95,2016,12,0.656,SKU-CAN00535,Wireless Audio,Quest,Black,SUP017,Japan,2016-02-26,GST_STANDARD,Protective case,True,True,"wireless audio designed for shared-room music playback, in the quest family and supplied by candle with a 12-month warranty."
PRD0536,Vela Ridge 635,Smart Home,Vela,53.59,30.74,2013,12,0.476,SKU-VEL00536,Home Automation,Ridge,Red,SUP018,Japan,2013-08-06,GST_STANDARD,Protective case,True,True,"home automation designed for door and window activity alerts, in the ridge family and supplied by vela with a 12-month warranty."
PRD0537,Candle Arc 636,Gaming,Candle,717.48,533.24,2017,24,0.979,SKU-CAN00537,Gaming Hardware,Shift,White,SUP019,Malaysia,2017-05-27,GST_STANDARD,Box,True,True,"gaming hardware designed for portable gaming and travel, in the shift family and supplied by candle with a 24-month warranty."
PRD0538,Vela Echo 637,Wearable,Vela,748.35,397.48,2014,12,0.096,SKU-VEL00538,Health Wearable,Spark,Red,SUP020,Japan,2014-11-15,GST_STANDARD,Recycled box,True,True,"health wearable designed for calendar alerts and quick message checks, in the spark family and supplied by vela with a 12-month warranty."
PRD0539,Candle Orbit 638,Networking,Candle,369.11,257.42,2013,24,0.917,SKU-CAN00539,Connected Network,Vista,Graphite,SUP021,Australia,2013-05-16,GST_STANDARD,Recycled box,True,True,"connected network designed for guest-network and device management, in the vista family and supplied by candle with a 24-month warranty."
PRD0540,Vela Spark 639,Accessory,Vela,301.77,154.44,2014,12,0.204,SKU-VEL00540,Mobile Accessory,Wave,Silver,SUP022,Vietnam,2014-08-06,GST_STANDARD,Box,False,True,"mobile accessory designed for connecting several devices through one compact adapter, in the wave family and supplied by vela with a 12-month warranty."
PRD0541,Candle Bloom 640,Laptop,Candle,2989.04,1629.01,2013,24,1.448,SKU-CAN00541,Ultrabook,Arc,Graphite,SUP023,China,2013-04-18,GST_STANDARD,Box,True,True,"ultrabook designed for travel-based work and presentations, in the arc family and supplied by candle with a 24-month warranty."
PRD0542,Vela Halo 641,Smartphone,Vela,1733.18,1291.58,2014,24,0.165,SKU-VEL00542,5G Smartphone,Atlas,Graphite,SUP024,Malaysia,2014-06-23,GST_STANDARD,Protective case,True,True,"5g smartphone designed for family communication and casual apps, in the atlas family and supplied by vela with a 24-month warranty."
PRD0543,Candle Quest 642,Tablet,Candle,1583.54,846.6,2013,24,0.636,SKU-CAN00543,Productivity Tablet,Bloom,Black,SUP025,Australia,2013-01-15,GST_STANDARD,Recycled box,True,False,"productivity tablet designed for drawing and lightweight creative work, in the bloom family and supplied by candle with a 24-month warranty."
PRD0544,Vela Wave 643,Home Entertainment,Vela,650.3,455.57,2017,24,9.411,SKU-VEL00544,Smart Display,Core,Green,SUP026,Australia,2017-01-13,GST_STANDARD,Recycled box,True,True,"smart display designed for presentations and photo viewing, in the core family and supplied by vela with a 24-month warranty."
PRD0545,Candle Edge 644,Audio,Candle,1132.56,587.19,2017,12,0.396,SKU-CAN00545,Wireless Audio,Edge,Gold,SUP027,Australia,2017-08-12,GST_STANDARD,Recycled box,False,True,"wireless audio designed for long listening sessions at home, in the edge family and supplied by candle with a 12-month warranty."
PRD0546,Vela Nova 645,Smart Home,Vela,361.61,258.56,2013,12,0.471,SKU-VEL00546,Home Automation,Echo,Gold,SUP028,Australia,2013-01-19,GST_STANDARD,Protective case,True,True,"home automation designed for automated blind and curtain routines, in the echo family and supplied by vela with a 12-month warranty."
PRD0547,Candle Shift 646,Gaming,Candle,394.5,258.87,2013,24,1.502,SKU-CAN00547,Gaming Hardware,Flux,Graphite,SUP029,Vietnam,2013-11-15,GST_STANDARD,Protective case,True,True,"gaming hardware designed for game streaming and media capture, in the flux family and supplied by candle with a 24-month warranty."
PRD0548,Vela Atlas 647,Wearable,Vela,448.84,230.38,2013,12,0.143,SKU-VEL00548,Health Wearable,Halo,Silver,SUP030,Japan,2013-09-09,GST_STANDARD,Recycled box,False,True,"health wearable designed for habit reminders and everyday timekeeping, in the halo family and supplied by vela with a 12-month warranty."
PRD0549,Candle Flux 648,Networking,Candle,850.69,557.92,2013,24,0.545,SKU-CAN00549,Connected Network,Lumen,Black,SUP031,Malaysia,2013-06-20,GST_STANDARD,Box,True,True,"connected network designed for extending coverage between rooms, in the lumen family and supplied by candle with a 24-month warranty."
PRD0550,Vela Pulse 649,Accessory,Vela,229.62,130.6,2013,12,0.139,SKU-VEL00550,Mobile Accessory,Nova,Black,SUP032,China,2013-05-08,GST_STANDARD,Box,True,True,"mobile accessory designed for hands-free device support in a shared workspace, in the nova family and supplied by vela with a 12-month warranty."
PRD0551,Candle Vista 650,Laptop,Candle,2253.02,1103.65,2017,24,1.291,SKU-CAN00551,Ultrabook,Orbit,Black,SUP033,Vietnam,2017-07-14,GST_STANDARD,Recycled box,False,True,"ultrabook designed for portable document work and video meetings, in the orbit family and supplied by candle with a 24-month warranty."
PRD0552,Vela Core 651,Smartphone,Vela,470.47,244.98,2013,24,0.257,SKU-VEL00552,5G Smartphone,Pulse,Black,SUP034,Australia,2013-06-05,GST_STANDARD,Protective case,False,True,"5g smartphone designed for daily communication and navigation, in the pulse family and supplied by vela with a 24-month warranty."
PRD0553,Candle Lumen 652,Tablet,Candle,1597.7,869.96,2015,24,0.685,SKU-CAN00553,Productivity Tablet,Quest,Silver,SUP035,China,2015-04-02,GST_STANDARD,Protective case,True,True,"productivity tablet designed for reading, annotation and handwritten notes, in the quest family and supplied by candle with a 24-month warranty."
PRD0554,Vela Ridge 653,Home Entertainment,Vela,611.35,345.51,2016,24,7.643,SKU-VEL00554,Smart Display,Ridge,Green,SUP036,Vietnam,2016-07-26,GST_STANDARD,Protective case,True,False,"smart display designed for shared film and television viewing, in the ridge family and supplied by vela with a 24-month warranty."
PRD0555,Candle Arc 654,Audio,Candle,955.38,528.8,2014,12,0.485,SKU-CAN00555,Wireless Audio,Shift,Graphite,SUP037,Malaysia,2014-09-18,GST_STANDARD,Recycled box,True,True,"wireless audio designed for commuting and spoken-content listening, in the shift family and supplied by candle with a 12-month warranty."
PRD0556,Vela Echo 655,Smart Home,Vela,546.84,310.49,2016,12,0.46,SKU-VEL00556,Home Automation,Spark,Silver,SUP001,China,2016-10-20,GST_STANDARD,Box,True,True,"home automation designed for app-controlled room lighting, in the spark family and supplied by vela with a 12-month warranty."
PRD0557,Candle Orbit 656,Gaming,Candle,2192.99,1518.39,2013,24,1.445,SKU-CAN00557,Gaming Hardware,Vista,Gold,SUP002,China,2013-01-05,GST_STANDARD,Protective case,True,True,"gaming hardware designed for long desktop gaming sessions, in the vista family and supplied by candle with a 24-month warranty."
PRD0558,Vela Spark 657,Wearable,Vela,1004.64,499.03,2016,12,0.103,SKU-VEL00558,Health Wearable,Wave,Graphite,SUP003,China,2016-02-06,GST_STANDARD,Protective case,False,True,"health wearable designed for daily activity and sleep tracking, in the wave family and supplied by vela with a 12-month warranty."
PRD0559,Candle Bloom 658,Networking,Candle,109.7,55.87,2014,24,0.786,SKU-CAN00559,Connected Network,Arc,Graphite,SUP004,Korea,2014-11-01,GST_STANDARD,Recycled box,True,True,"connected network designed for home-office wireless coverage, in the arc family and supplied by candle with a 24-month warranty."
PRD0560,Vela Halo 659,Accessory,Vela,258.29,148.36,2015,12,0.189,SKU-VEL00560,Mobile Accessory,Atlas,White,SUP005,Korea,2015-09-18,GST_STANDARD,Protective case,True,True,"mobile accessory designed for adjustable desk mounting and device positioning, in the atlas family and supplied by vela with a 12-month warranty."
PRD0561,Candle Quest 660,Laptop,Candle,2317.58,1308.01,2013,24,1.41,SKU-CAN00561,Ultrabook,Bloom,Silver,SUP006,Australia,2013-03-13,GST_STANDARD,Box,False,True,"ultrabook designed for study, research and note taking, in the bloom family and supplied by candle with a 24-month warranty."
PRD0562,Vela Wave 661,Smartphone,Vela,1881.67,1100.67,2015,24,0.193,SKU-VEL00562,5G Smartphone,Core,White,SUP007,Vietnam,2015-04-12,GST_STANDARD,Protective case,True,True,"5g smartphone designed for mobile photography and messaging, in the core family and supplied by vela with a 24-month warranty."
PRD0563,Candle Edge 662,Tablet,Candle,651.72,407.85,2012,24,0.648,SKU-CAN00563,Productivity Tablet,Edge,Green,SUP008,Vietnam,2012-08-26,GST_STANDARD,Box,True,True,"productivity tablet designed for portable media and video calls, in the edge family and supplied by candle with a 24-month warranty."
PRD0564,Vela Nova 663,Home Entertainment,Vela,3766.49,2601.02,2012,24,8.076,SKU-VEL00564,Smart Display,Echo,Black,SUP009,Vietnam,2012-05-22,GST_STANDARD,Box,True,True,"smart display designed for music and spoken-content playback, in the echo family and supplied by vela with a 24-month warranty."
PRD0565,Candle Shift 664,Audio,Candle,515.91,374.93,2016,12,0.522,SKU-CAN00565,Wireless Audio,Flux,Green,SUP010,Australia,2016-05-16,GST_STANDARD,Recycled box,True,True,"wireless audio designed for music during focused desk work, in the flux family and supplied by candle with a 12-month warranty."
PRD0566,Vela Atlas 665,Smart Home,Vela,306.33,172.77,2013,12,0.33,SKU-VEL00566,Home Automation,Halo,Silver,SUP011,Korea,2013-01-26,GST_STANDARD,Recycled box,True,True,"home automation designed for scheduled control of a household power outlet, in the halo family and supplied by vela with a 12-month warranty."
PRD0567,Candle Flux 666,Gaming,Candle,1572.22,1085.85,2014,24,1.021,SKU-CAN00567,Gaming Hardware,Lumen,Blue,SUP012,Australia,2014-12-11,GST_STANDARD,Box,True,True,"gaming hardware designed for casual games in a shared room, in the lumen family and supplied by candle with a 24-month warranty."
PRD0568,Vela Pulse 667,Wearable,Vela,299.47,179.7,2017,12,0.098,SKU-VEL00568,Health Wearable,Nova,Silver,SUP013,Japan,2017-02-08,GST_STANDARD,Box,False,True,"health wearable designed for walking and commute notifications, in the nova family and supplied by vela with a 12-month warranty."
PRD0569,Candle Vista 668,Networking,Candle,1425.79,795.01,2014,24,0.734,SKU-CAN00569,Connected Network,Orbit,Blue,SUP014,China,2014-04-15,GST_STANDARD,Protective case,True,True,"connected network designed for connecting several shared household devices, in the orbit family and supplied by candle with a 24-month warranty."
PRD0570,Vela Core 669,Accessory,Vela,179.75,108.48,2016,12,0.152,SKU-VEL00570,Mobile Accessory,Pulse,Red,SUP015,Japan,2016-02-13,GST_STANDARD,Box,True,True,"mobile accessory designed for protective storage during travel, in the pulse family and supplied by vela with a 12-month warranty."
PRD0571,Candle Lumen 670,Laptop,Candle,2499.58,1877.46,2015,24,1.724,SKU-CAN00571,Ultrabook,Quest,Black,SUP016,Japan,2015-07-25,GST_STANDARD,Recycled box,True,True,"ultrabook designed for creative projects and media editing, in the quest family and supplied by candle with a 24-month warranty."
PRD0572,Vela Ridge 671,Smartphone,Vela,678.29,438.57,2014,24,0.237,SKU-VEL00572,5G Smartphone,Ridge,Graphite,SUP017,Korea,2014-08-20,GST_STANDARD,Recycled box,True,True,"5g smartphone designed for work calls and calendar management, in the ridge family and supplied by vela with a 24-month warranty."
PRD0573,Candle Arc 672,Tablet,Candle,1394.74,1031.39,2013,24,0.464,SKU-CAN00573,Productivity Tablet,Shift,Silver,SUP018,Korea,2013-09-24,GST_STANDARD,Box,True,True,"productivity tablet designed for field forms and client presentations, in the shift family and supplied by candle with a 24-month warranty."
PRD0574,Vela Echo 673,Home Entertainment,Vela,1085.51,575.43,2012,24,7.574,SKU-VEL00574,Smart Display,Spark,Blue,SUP019,Japan,2012-09-24,GST_STANDARD,Box,True,True,"smart display designed for family media streaming, in the spark family and supplied by vela with a 24-month warranty."
PRD0575,Candle Orbit 674,Audio,Candle,996.56,732.95,2016,12,0.423,SKU-CAN00575,Wireless Audio,Vista,Blue,SUP020,Vietnam,2016-05-02,GST_STANDARD,Box,True,False,"wireless audio designed for video calls and online classes, in the vista family and supplied by candle with a 12-month warranty."
PRD0576,Vela Spark 675,Smart Home,Vela,680.42,359.29,2012,12,0.273,SKU-VEL00576,Home Automation,Wave,Red,SUP021,Korea,2012-09-27,GST_STANDARD,Protective case,False,True,"home automation designed for indoor temperature and humidity monitoring, in the wave family and supplied by vela with a 12-month warranty."
PRD0577,Candle Bloom 676,Gaming,Candle,649.4,453.91,2015,24,1.102,SKU-CAN00577,Gaming Hardware,Arc,Green,SUP022,Korea,2015-06-17,GST_STANDARD,Box,True,True,"gaming hardware designed for competitive play and voice communication, in the arc family and supplied by candle with a 24-month warranty."
PRD0578,Vela Halo 677,Wearable,Vela,383.34,239.35,2015,12,0.164,SKU-VEL00578,Health Wearable,Atlas,Graphite,SUP023,Japan,2015-02-26,GST_STANDARD,Box,False,True,"health wearable designed for exercise session summaries, in the atlas family and supplied by vela with a 12-month warranty."
PRD0579,Candle Quest 678,Networking,Candle,1123.35,762.57,2017,24,0.512,SKU-CAN00579,Connected Network,Bloom,Silver,SUP024,Vietnam,2017-05-24,GST_STANDARD,Box,True,True,"connected network designed for video meetings and media streaming, in the bloom family and supplied by candle with a 24-month warranty."
PRD0580,Vela Wave 679,Accessory,Vela,218.53,141.19,2014,12,0.131,SKU-VEL00580,Mobile Accessory,Core,Black,SUP025,Japan,2014-09-26,GST_STANDARD,Recycled box,True,True,"mobile accessory designed for charging-cable organisation, in the core family and supplied by vela with a 12-month warranty."
PRD0581,Candle Edge 680,Laptop,Candle,2366.29,1144.4,2017,24,1.258,SKU-CAN00581,Ultrabook,Edge,Black,SUP026,Vietnam,2017-02-11,GST_STANDARD,Protective case,True,True,"ultrabook designed for shared home-office administration, in the edge family and supplied by candle with a 24-month warranty."
PRD0582,Vela Nova 681,Smartphone,Vela,1513.23,789.74,2016,24,0.186,SKU-VEL00582,5G Smartphone,Echo,Black,SUP027,China,2016-07-24,GST_STANDARD,Protective case,False,True,"5g smartphone designed for travel planning and media use, in the echo family and supplied by vela with a 24-month warranty."
PRD0583,Candle Shift 682,Tablet,Candle,1484.65,977.75,2016,24,0.543,SKU-CAN00583,Productivity Tablet,Flux,Green,SUP028,Korea,2016-04-15,GST_STANDARD,Protective case,True,True,"productivity tablet designed for family learning and shared browsing, in the flux family and supplied by candle with a 24-month warranty."
PRD0584,Vela Atlas 683,Home Entertainment,Vela,3190.99,1946.64,2015,24,6.611,SKU-VEL00584,Smart Display,Halo,Blue,SUP029,China,2015-03-24,GST_STANDARD,Recycled box,True,True,"smart display designed for casual living-room gaming, in the halo family and supplied by vela with a 24-month warranty."
PRD0585,Candle Flux 684,Audio,Candle,101.78,59.31,2015,12,0.621,SKU-CAN00585,Wireless Audio,Lumen,White,SUP030,Australia,2015-01-23,GST_STANDARD,Box,False,True,"wireless audio designed for shared-room music playback, in the lumen family and supplied by candle with a 12-month warranty."
PRD0586,Vela Pulse 685,Smart Home,Vela,751.47,435.17,2016,12,0.338,SKU-VEL00586,Home Automation,Nova,Black,SUP031,China,2016-02-25,GST_STANDARD,Protective case,True,True,"home automation designed for door and window activity alerts, in the nova family and supplied by vela with a 12-month warranty."
PRD0587,Candle Vista 686,Gaming,Candle,1244.16,884.98,2012,24,1.018,SKU-CAN00587,Gaming Hardware,Orbit,Green,SUP032,Vietnam,2012-06-19,GST_STANDARD,Recycled box,True,True,"gaming hardware designed for portable gaming and travel, in the orbit family and supplied by candle with a 24-month warranty."
PRD0588,Vela Core 687,Wearable,Vela,544.11,267.1,2013,12,0.147,SKU-VEL00588,Health Wearable,Pulse,Graphite,SUP033,Australia,2013-12-01,GST_STANDARD,Protective case,False,True,"health wearable designed for calendar alerts and quick message checks, in the pulse family and supplied by vela with a 12-month warranty."
PRD0589,Candle Lumen 688,Networking,Candle,824.97,542.42,2013,24,0.618,SKU-CAN00589,Connected Network,Quest,Blue,SUP034,Korea,2013-03-05,GST_STANDARD,Protective case,True,True,"connected network designed for guest-network and device management, in the quest family and supplied by candle with a 24-month warranty."
PRD0590,Vela Ridge 689,Accessory,Vela,49.98,33.83,2017,12,0.153,SKU-VEL00590,Mobile Accessory,Ridge,Graphite,SUP035,Japan,2017-11-05,GST_STANDARD,Protective case,True,True,"mobile accessory designed for connecting several devices through one compact adapter, in the ridge family and supplied by vela with a 12-month warranty."
PRD0591,Candle Arc 690,Laptop,Candle,2930.44,2149.3,2013,24,1.535,SKU-CAN00591,Ultrabook,Shift,Silver,SUP036,Australia,2013-01-01,GST_STANDARD,Protective case,True,True,"ultrabook designed for travel-based work and presentations, in the shift family and supplied by candle with a 24-month warranty."
PRD0592,Vela Echo 691,Smartphone,Vela,448.87,279.34,2012,24,0.247,SKU-VEL00592,5G Smartphone,Spark,Green,SUP037,China,2012-03-25,GST_STANDARD,Protective case,True,True,"5g smartphone designed for family communication and casual apps, in the spark family and supplied by vela with a 24-month warranty."
PRD0593,Candle Orbit 692,Tablet,Candle,416.84,228.39,2014,24,0.627,SKU-CAN00593,Productivity Tablet,Vista,Red,SUP001,Australia,2014-11-13,GST_STANDARD,Recycled box,True,True,"productivity tablet designed for drawing and lightweight creative work, in the vista family and supplied by candle with a 24-month warranty."
PRD0594,Vela Spark 693,Home Entertainment,Vela,3438.81,2270.49,2015,24,8.055,SKU-VEL00594,Smart Display,Wave,Blue,SUP002,Japan,2015-02-24,GST_STANDARD,Protective case,True,True,"smart display designed for presentations and photo viewing, in the wave family and supplied by vela with a 24-month warranty."
PRD0595,Candle Bloom 694,Audio,Candle,429.07,272.82,2015,12,0.474,SKU-CAN00595,Wireless Audio,Arc,Red,SUP003,Vietnam,2015-04-07,GST_STANDARD,Recycled box,True,True,"wireless audio designed for long listening sessions at home, in the arc family and supplied by candle with a 12-month warranty."
PRD0596,Vela Halo 695,Smart Home,Vela,497.18,363.71,2013,12,0.312,SKU-VEL00596,Home Automation,Atlas,Gold,SUP004,Vietnam,2013-07-07,GST_STANDARD,Box,False,True,"home automation designed for automated blind and curtain routines, in the atlas family and supplied by vela with a 12-month warranty."
PRD0597,Candle Quest 696,Gaming,Candle,2095.04,1552.46,2012,24,0.99,SKU-CAN00597,Gaming Hardware,Bloom,Gold,SUP005,Vietnam,2012-02-25,GST_STANDARD,Box,True,True,"gaming hardware designed for game streaming and media capture, in the bloom family and supplied by candle with a 24-month warranty."
PRD0598,Vela Wave 697,Wearable,Vela,522.01,313.23,2013,12,0.116,SKU-VEL00598,Health Wearable,Core,White,SUP006,Vietnam,2013-05-27,GST_STANDARD,Box,True,True,"health wearable designed for habit reminders and everyday timekeeping, in the core family and supplied by vela with a 12-month warranty."
PRD0599,Candle Edge 698,Networking,Candle,1129.79,569.81,2017,24,0.568,SKU-CAN00599,Connected Network,Edge,Red,SUP007,Korea,2017-05-04,GST_STANDARD,Recycled box,True,True,"connected network designed for extending coverage between rooms, in the edge family and supplied by candle with a 24-month warranty."
PRD0600,Vela Nova 699,Accessory,Vela,222.54,108.7,2017,12,0.142,SKU-VEL00600,Mobile Accessory,Echo,Graphite,SUP008,Japan,2017-06-22,GST_STANDARD,Box,True,True,"mobile accessory designed for hands-free device support in a shared workspace, in the echo family and supplied by vela with a 12-month warranty."
PRD0601,Candle Shift 700,Laptop,Candle,2366.92,1430.78,2017,24,1.328,SKU-CAN00601,Ultrabook,Flux,Silver,SUP009,China,2017-12-13,GST_STANDARD,Recycled box,False,True,"ultrabook designed for portable document work and video meetings, in the flux family and supplied by candle with a 24-month warranty."
PRD0602,Vela Atlas 701,Smartphone,Vela,1660.35,958.99,2015,24,0.282,SKU-VEL00602,5G Smartphone,Halo,Blue,SUP010,Australia,2015-05-06,GST_STANDARD,Protective case,True,True,"5g smartphone designed for daily communication and navigation, in the halo family and supplied by vela with a 24-month warranty."
PRD0603,Candle Flux 702,Tablet,Candle,1120.48,559.71,2016,24,0.468,SKU-CAN00603,Productivity Tablet,Lumen,White,SUP011,Australia,2016-02-10,GST_STANDARD,Box,True,True,"productivity tablet designed for reading, annotation and handwritten notes, in the lumen family and supplied by candle with a 24-month warranty."
PRD0604,Vela Pulse 703,Home Entertainment,Vela,2778.09,1439.39,2017,24,5.593,SKU-VEL00604,Smart Display,Nova,Green,SUP012,Australia,2017-07-04,GST_STANDARD,Box,True,True,"smart display designed for shared film and television viewing, in the nova family and supplied by vela with a 24-month warranty."
PRD0605,Candle Vista 704,Audio,Candle,964.1,559.17,2014,12,0.612,SKU-CAN00605,Wireless Audio,Orbit,Green,SUP013,Japan,2014-03-18,GST_STANDARD,Recycled box,True,True,"wireless audio designed for commuting and spoken-content listening, in the orbit family and supplied by candle with a 12-month warranty."
PRD0606,Vela Core 705,Smart Home,Vela,49.01,33.65,2014,12,0.322,SKU-VEL00606,Home Automation,Pulse,Black,SUP014,Korea,2014-02-15,GST_STANDARD,Protective case,False,True,"home automation designed for app-controlled room lighting, in the pulse family and supplied by vela with a 12-month warranty."
PRD0607,Candle Lumen 706,Gaming,Candle,2415.11,1558.06,2014,24,1.654,SKU-CAN00607,Gaming Hardware,Quest,White,SUP015,China,2014-07-15,GST_STANDARD,Protective case,False,True,"gaming hardware designed for long desktop gaming sessions, in the quest family and supplied by candle with a 24-month warranty."
PRD0608,Vela Ridge 707,Wearable,Vela,313.58,204.03,2012,12,0.161,SKU-VEL00608,Health Wearable,Ridge,Green,SUP016,Korea,2012-05-12,GST_STANDARD,Recycled box,True,True,"health wearable designed for daily activity and sleep tracking, in the ridge family and supplied by vela with a 12-month warranty."
PRD0609,Candle Arc 708,Networking,Candle,83.83,45.67,2013,24,0.738,SKU-CAN00609,Connected Network,Shift,Red,SUP017,Korea,2013-11-21,GST_STANDARD,Protective case,True,True,"connected network designed for home-office wireless coverage, in the shift family and supplied by candle with a 24-month warranty."
PRD0610,Vela Echo 709,Accessory,Vela,167.07,116.58,2015,12,0.198,SKU-VEL00610,Mobile Accessory,Spark,Silver,SUP018,Malaysia,2015-08-01,GST_STANDARD,Protective case,True,True,"mobile accessory designed for adjustable desk mounting and device positioning, in the spark family and supplied by vela with a 12-month warranty."
PRD0611,Candle Orbit 710,Laptop,Candle,1417.98,987.8,2012,24,1.926,SKU-CAN00611,Ultrabook,Vista,Graphite,SUP019,Australia,2012-02-25,GST_STANDARD,Box,True,True,"ultrabook designed for study, research and note taking, in the vista family and supplied by candle with a 24-month warranty."
PRD0612,Vela Spark 711,Smartphone,Vela,1437.47,770.67,2013,24,0.256,SKU-VEL00612,5G Smartphone,Wave,Gold,SUP020,Australia,2013-07-18,GST_STANDARD,Protective case,True,True,"5g smartphone designed for mobile photography and messaging, in the wave family and supplied by vela with a 24-month warranty."
PRD0613,Candle Bloom 712,Tablet,Candle,1377.73,769.63,2015,24,0.651,SKU-CAN00613,Productivity Tablet,Arc,Red,SUP021,Vietnam,2015-04-07,GST_STANDARD,Protective case,True,True,"productivity tablet designed for portable media and video calls, in the arc family and supplied by candle with a 24-month warranty."
PRD0614,Vela Halo 713,Home Entertainment,Vela,2452.5,1471.06,2016,24,8.832,SKU-VEL00614,Smart Display,Atlas,Graphite,SUP022,Vietnam,2016-09-02,GST_STANDARD,Recycled box,False,True,"smart display designed for music and spoken-content playback, in the atlas family and supplied by vela with a 24-month warranty."
PRD0615,Candle Quest 714,Audio,Candle,992.86,529.36,2015,12,0.518,SKU-CAN00615,Wireless Audio,Bloom,Graphite,SUP023,Japan,2015-10-10,GST_STANDARD,Recycled box,False,True,"wireless audio designed for music during focused desk work, in the bloom family and supplied by candle with a 12-month warranty."
PRD0616,Vela Wave 715,Smart Home,Vela,819.39,439.51,2014,12,0.462,SKU-VEL00616,Home Automation,Core,Green,SUP024,Japan,2014-09-04,GST_STANDARD,Protective case,True,True,"home automation designed for scheduled control of a household power outlet, in the core family and supplied by vela with a 12-month warranty."
PRD0617,Candle Edge 716,Gaming,Candle,2097.21,1215.48,2012,24,1.367,SKU-CAN00617,Gaming Hardware,Edge,Green,SUP025,Australia,2012-09-10,GST_STANDARD,Protective case,True,False,"gaming hardware designed for casual games in a shared room, in the edge family and supplied by candle with a 24-month warranty."
PRD0618,Vela Nova 717,Wearable,Vela,208.79,140.4,2013,12,0.162,SKU-VEL00618,Health Wearable,Echo,Green,SUP026,Malaysia,2013-12-27,GST_STANDARD,Recycled box,True,True,"health wearable designed for walking and commute notifications, in the echo family and supplied by vela with a 12-month warranty."
PRD0619,Candle Shift 718,Networking,Candle,238.4,130.8,2014,24,0.789,SKU-CAN00619,Connected Network,Flux,Blue,SUP027,Japan,2014-12-04,GST_STANDARD,Recycled box,True,True,"connected network designed for connecting several shared household devices, in the flux family and supplied by candle with a 24-month warranty."
PRD0620,Vela Atlas 719,Accessory,Vela,339.14,188.72,2016,12,0.184,SKU-VEL00620,Mobile Accessory,Halo,Black,SUP028,Japan,2016-06-03,GST_STANDARD,Recycled box,False,True,"mobile accessory designed for protective storage during travel, in the halo family and supplied by vela with a 12-month warranty."
PRD0621,Candle Flux 720,Laptop,Candle,1360.63,803.93,2015,24,1.352,SKU-CAN00621,Ultrabook,Lumen,Red,SUP029,Korea,2015-11-15,GST_STANDARD,Protective case,True,True,"ultrabook designed for creative projects and media editing, in the lumen family and supplied by candle with a 24-month warranty."
PRD0622,Vela Pulse 721,Smartphone,Vela,1298.2,779.79,2013,24,0.235,SKU-VEL00622,5G Smartphone,Nova,Red,SUP030,Malaysia,2013-07-07,GST_STANDARD,Recycled box,True,True,"5g smartphone designed for work calls and calendar management, in the nova family and supplied by vela with a 24-month warranty."
PRD0623,Candle Vista 722,Tablet,Candle,1330.89,722.02,2014,24,0.571,SKU-CAN00623,Productivity Tablet,Orbit,Graphite,SUP031,Malaysia,2014-06-08,GST_STANDARD,Protective case,True,True,"productivity tablet designed for field forms and client presentations, in the orbit family and supplied by candle with a 24-month warranty."
PRD0624,Vela Core 723,Home Entertainment,Vela,2196.66,1091.47,2014,24,9.885,SKU-VEL00624,Smart Display,Pulse,Green,SUP032,Korea,2014-08-09,GST_STANDARD,Box,False,True,"smart display designed for family media streaming, in the pulse family and supplied by vela with a 24-month warranty."
PRD0625,Candle Lumen 724,Audio,Candle,122.46,91.74,2012,12,0.434,SKU-CAN00625,Wireless Audio,Quest,Blue,SUP033,Korea,2012-06-08,GST_STANDARD,Protective case,True,True,"wireless audio designed for video calls and online classes, in the quest family and supplied by candle with a 12-month warranty."
PRD0626,Vela Ridge 725,Smart Home,Vela,139.26,100.66,2017,12,0.349,SKU-VEL00626,Home Automation,Ridge,White,SUP034,Australia,2017-09-04,GST_STANDARD,Box,True,True,"home automation designed for indoor temperature and humidity monitoring, in the ridge family and supplied by vela with a 12-month warranty."
PRD0627,Candle Arc 726,Gaming,Candle,857.8,506.89,2016,24,1.106,SKU-CAN00627,Gaming Hardware,Shift,Graphite,SUP035,Japan,2016-07-01,GST_STANDARD,Box,True,True,"gaming hardware designed for competitive play and voice communication, in the shift family and supplied by candle with a 24-month warranty."
PRD0628,Vela Echo 727,Wearable,Vela,904.82,466.29,2014,12,0.149,SKU-VEL00628,Health Wearable,Spark,Blue,SUP036,Korea,2014-07-18,GST_STANDARD,Protective case,True,True,"health wearable designed for exercise session summaries, in the spark family and supplied by vela with a 12-month warranty."
PRD0629,Candle Orbit 728,Networking,Candle,402.79,193.94,2015,24,0.631,SKU-CAN00629,Connected Network,Vista,Green,SUP037,Australia,2015-09-13,GST_STANDARD,Protective case,True,True,"connected network designed for video meetings and media streaming, in the vista family and supplied by candle with a 24-month warranty."
PRD0630,Vela Spark 729,Accessory,Vela,270.86,190.3,2016,12,0.23,SKU-VEL00630,Mobile Accessory,Wave,White,SUP001,China,2016-09-08,GST_STANDARD,Recycled box,False,True,"mobile accessory designed for charging-cable organisation, in the wave family and supplied by vela with a 12-month warranty."
PRD0631,Candle Bloom 730,Laptop,Candle,2987.02,1560.32,2013,24,1.712,SKU-CAN00631,Ultrabook,Arc,Green,SUP002,China,2013-10-16,GST_STANDARD,Box,False,True,"ultrabook designed for shared home-office administration, in the arc family and supplied by candle with a 24-month warranty."
PRD0632,Vela Halo 731,Smartphone,Vela,1640.52,1056.04,2012,24,0.268,SKU-VEL00632,5G Smartphone,Atlas,Blue,SUP003,China,2012-04-16,GST_STANDARD,Protective case,True,True,"5g smartphone designed for travel planning and media use, in the atlas family and supplied by vela with a 24-month warranty."
PRD0633,Candle Quest 732,Tablet,Candle,1341.18,859.41,2014,24,0.509,SKU-CAN00633,Productivity Tablet,Bloom,Blue,SUP004,Malaysia,2014-03-13,GST_STANDARD,Recycled box,True,True,"productivity tablet designed for family learning and shared browsing, in the bloom family and supplied by candle with a 24-month warranty."
PRD0634,Vela Wave 733,Home Entertainment,Vela,3567.92,1815.98,2015,24,6.852,SKU-VEL00634,Smart Display,Core,Red,SUP005,Vietnam,2015-05-16,GST_STANDARD,Box,True,True,"smart display designed for casual living-room gaming, in the core family and supplied by vela with a 24-month warranty."
PRD0635,Candle Edge 734,Audio,Candle,576.88,311.27,2012,12,0.464,SKU-CAN00635,Wireless Audio,Edge,Silver,SUP006,Korea,2012-01-17,GST_STANDARD,Box,True,True,"wireless audio designed for shared-room music playback, in the edge family and supplied by candle with a 12-month warranty."
PRD0636,Vela Nova 735,Smart Home,Vela,418.01,202.24,2012,12,0.361,SKU-VEL00636,Home Automation,Echo,White,SUP007,Australia,2012-04-19,GST_STANDARD,Box,True,True,"home automation designed for door and window activity alerts, in the echo family and supplied by vela with a 12-month warranty."
PRD0637,Candle Shift 736,Gaming,Candle,2457.32,1631.09,2015,24,0.883,SKU-CAN00637,Gaming Hardware,Flux,Graphite,SUP008,Korea,2015-09-11,GST_STANDARD,Box,True,True,"gaming hardware designed for portable gaming and travel, in the flux family and supplied by candle with a 24-month warranty."
PRD0638,Vela Atlas 737,Wearable,Vela,675.35,473.82,2017,12,0.16,SKU-VEL00638,Health Wearable,Halo,Graphite,SUP009,Korea,2017-08-02,GST_STANDARD,Box,True,True,"health wearable designed for calendar alerts and quick message checks, in the halo family and supplied by vela with a 12-month warranty."
PRD0639,Candle Flux 738,Networking,Candle,1114.83,760.31,2013,24,0.812,SKU-CAN00639,Connected Network,Lumen,Red,SUP010,Korea,2013-07-26,GST_STANDARD,Box,True,True,"connected network designed for guest-network and device management, in the lumen family and supplied by candle with a 24-month warranty."
PRD0640,Vela Pulse 739,Accessory,Vela,23.59,13.45,2016,12,0.235,SKU-VEL00640,Mobile Accessory,Nova,Gold,SUP011,Malaysia,2016-02-11,GST_STANDARD,Box,True,False,"mobile accessory designed for connecting several devices through one compact adapter, in the nova family and supplied by vela with a 12-month warranty."
PRD0641,Candle Vista 740,Laptop,Candle,2668.96,1797.31,2013,24,1.464,SKU-CAN00641,Ultrabook,Orbit,Red,SUP012,China,2013-04-21,GST_STANDARD,Protective case,True,True,"ultrabook designed for travel-based work and presentations, in the orbit family and supplied by candle with a 24-month warranty."
PRD0642,Vela Core 741,Smartphone,Vela,1152.43,786.84,2016,24,0.229,SKU-VEL00642,5G Smartphone,Pulse,Gold,SUP013,Korea,2016-07-08,GST_STANDARD,Recycled box,True,True,"5g smartphone designed for family communication and casual apps, in the pulse family and supplied by vela with a 24-month warranty."
PRD0643,Candle Lumen 742,Tablet,Candle,530.41,401.46,2014,24,0.448,SKU-CAN00643,Productivity Tablet,Quest,Silver,SUP014,Malaysia,2014-08-07,GST_STANDARD,Protective case,True,True,"productivity tablet designed for drawing and lightweight creative work, in the quest family and supplied by candle with a 24-month warranty."
PRD0644,Vela Ridge 743,Home Entertainment,Vela,3406.46,2467.38,2016,24,6.36,SKU-VEL00644,Smart Display,Ridge,Blue,SUP015,Malaysia,2016-04-16,GST_STANDARD,Recycled box,False,True,"smart display designed for presentations and photo viewing, in the ridge family and supplied by vela with a 24-month warranty."
PRD0645,Candle Arc 744,Audio,Candle,1142.68,609.09,2014,12,0.45,SKU-CAN00645,Wireless Audio,Shift,Silver,SUP016,Korea,2014-01-10,GST_STANDARD,Protective case,True,True,"wireless audio designed for long listening sessions at home, in the shift family and supplied by candle with a 12-month warranty."
PRD0646,Vela Echo 745,Smart Home,Vela,609.53,387.21,2015,12,0.432,SKU-VEL00646,Home Automation,Spark,Blue,SUP017,Australia,2015-04-27,GST_STANDARD,Box,True,True,"home automation designed for automated blind and curtain routines, in the spark family and supplied by vela with a 12-month warranty."
PRD0647,Candle Orbit 746,Gaming,Candle,754.04,476.02,2017,24,1.603,SKU-CAN00647,Gaming Hardware,Vista,Blue,SUP018,China,2017-10-20,GST_STANDARD,Box,True,True,"gaming hardware designed for game streaming and media capture, in the vista family and supplied by candle with a 24-month warranty."
PRD0648,Vela Spark 747,Wearable,Vela,389.72,275.96,2014,12,0.163,SKU-VEL00648,Health Wearable,Wave,Black,SUP019,Japan,2014-07-04,GST_STANDARD,Box,True,True,"health wearable designed for habit reminders and everyday timekeeping, in the wave family and supplied by vela with a 12-month warranty."
PRD0649,Candle Bloom 748,Networking,Candle,985.02,502.8,2016,24,0.585,SKU-CAN00649,Connected Network,Arc,Graphite,SUP020,Japan,2016-12-02,GST_STANDARD,Recycled box,True,True,"connected network designed for extending coverage between rooms, in the arc family and supplied by candle with a 24-month warranty."
PRD0650,Vela Halo 749,Accessory,Vela,297.34,146.63,2017,12,0.219,SKU-VEL00650,Mobile Accessory,Atlas,Blue,SUP021,Vietnam,2017-03-23,GST_STANDARD,Box,True,True,"mobile accessory designed for hands-free device support in a shared workspace, in the atlas family and supplied by vela with a 12-month warranty."
PRD0651,Candle Quest 750,Laptop,Candle,1981.28,1188.21,2016,24,1.751,SKU-CAN00651,Ultrabook,Bloom,Black,SUP022,Japan,2016-11-10,GST_STANDARD,Box,True,True,"ultrabook designed for portable document work and video meetings, in the bloom family and supplied by candle with a 24-month warranty."
PRD0652,Vela Wave 751,Smartphone,Vela,1711.11,1090.13,2013,24,0.189,SKU-VEL00652,5G Smartphone,Core,Black,SUP023,Malaysia,2013-10-05,GST_STANDARD,Protective case,True,True,"5g smartphone designed for daily communication and navigation, in the core family and supplied by vela with a 24-month warranty."
PRD0653,Candle Edge 752,Tablet,Candle,514.7,332.32,2016,24,0.707,SKU-CAN00653,Productivity Tablet,Edge,Graphite,SUP024,Australia,2016-03-02,GST_STANDARD,Recycled box,False,True,"productivity tablet designed for reading, annotation and handwritten notes, in the edge family and supplied by candle with a 24-month warranty."
PRD0654,Vela Nova 753,Home Entertainment,Vela,1208.24,773.8,2015,24,7.98,SKU-VEL00654,Smart Display,Echo,Blue,SUP025,Japan,2015-08-21,GST_STANDARD,Protective case,True,True,"smart display designed for shared film and television viewing, in the echo family and supplied by vela with a 24-month warranty."
PRD0655,Candle Shift 754,Audio,Candle,424.11,306.77,2014,12,0.578,SKU-CAN00655,Wireless Audio,Flux,Silver,SUP026,Korea,2014-08-24,GST_STANDARD,Protective case,True,True,"wireless audio designed for commuting and spoken-content listening, in the flux family and supplied by candle with a 12-month warranty."
PRD0656,Vela Atlas 755,Smart Home,Vela,300.51,199.84,2014,12,0.263,SKU-VEL00656,Home Automation,Halo,Black,SUP027,Vietnam,2014-04-27,GST_STANDARD,Recycled box,True,False,"home automation designed for app-controlled room lighting, in the halo family and supplied by vela with a 12-month warranty."
PRD0657,Candle Flux 756,Gaming,Candle,1083.93,591.9,2013,24,1.264,SKU-CAN00657,Gaming Hardware,Lumen,Gold,SUP028,Malaysia,2013-04-01,GST_STANDARD,Protective case,True,False,"gaming hardware designed for long desktop gaming sessions, in the lumen family and supplied by candle with a 24-month warranty."
PRD0658,Vela Pulse 757,Wearable,Vela,665.45,464.9,2013,12,0.164,SKU-VEL00658,Health Wearable,Nova,Green,SUP029,Australia,2013-05-11,GST_STANDARD,Protective case,True,True,"health wearable designed for daily activity and sleep tracking, in the nova family and supplied by vela with a 12-month warranty."
PRD0659,Candle Vista 758,Networking,Candle,848.34,476.11,2017,24,0.554,SKU-CAN00659,Connected Network,Orbit,Green,SUP030,Vietnam,2017-08-26,GST_STANDARD,Recycled box,False,True,"connected network designed for home-office wireless coverage, in the orbit family and supplied by candle with a 24-month warranty."
PRD0660,Vela Core 759,Accessory,Vela,89.27,44.81,2012,12,0.133,SKU-VEL00660,Mobile Accessory,Pulse,White,SUP031,Korea,2012-02-22,GST_STANDARD,Protective case,True,True,"mobile accessory designed for adjustable desk mounting and device positioning, in the pulse family and supplied by vela with a 12-month warranty."
PRD0661,Candle Lumen 760,Laptop,Candle,1942.53,1304.23,2016,24,1.728,SKU-CAN00661,Ultrabook,Quest,Black,SUP032,Malaysia,2016-12-18,GST_STANDARD,Box,True,True,"ultrabook designed for study, research and note taking, in the quest family and supplied by candle with a 24-month warranty."
PRD0662,Vela Ridge 761,Smartphone,Vela,477.61,241.35,2014,24,0.241,SKU-VEL00662,5G Smartphone,Ridge,Blue,SUP033,Japan,2014-05-25,GST_STANDARD,Box,True,True,"5g smartphone designed for mobile photography and messaging, in the ridge family and supplied by vela with a 24-month warranty."
PRD0663,Candle Arc 762,Tablet,Candle,1329.29,702.57,2013,24,0.502,SKU-CAN00663,Productivity Tablet,Shift,Gold,SUP034,Malaysia,2013-02-17,GST_STANDARD,Box,False,True,"productivity tablet designed for portable media and video calls, in the shift family and supplied by candle with a 24-month warranty."
PRD0664,Vela Echo 763,Home Entertainment,Vela,3200.22,1875.27,2014,24,5.917,SKU-VEL00664,Smart Display,Spark,Silver,SUP035,Vietnam,2014-01-19,GST_STANDARD,Box,False,True,"smart display designed for music and spoken-content playback, in the spark family and supplied by vela with a 24-month warranty."
PRD0665,Candle Orbit 764,Audio,Candle,191.97,107.83,2017,12,0.419,SKU-CAN00665,Wireless Audio,Vista,Black,SUP036,Vietnam,2017-10-22,GST_STANDARD,Recycled box,True,True,"wireless audio designed for music during focused desk work, in the vista family and supplied by candle with a 12-month warranty."
PRD0666,Vela Spark 765,Smart Home,Vela,688.32,377.11,2016,12,0.327,SKU-VEL00666,Home Automation,Wave,Black,SUP037,Japan,2016-04-19,GST_STANDARD,Box,True,True,"home automation designed for scheduled control of a household power outlet, in the wave family and supplied by vela with a 12-month warranty."
PRD0667,Candle Bloom 766,Gaming,Candle,2533.49,1742.59,2016,24,1.523,SKU-CAN00667,Gaming Hardware,Arc,Graphite,SUP001,China,2016-01-22,GST_STANDARD,Box,True,True,"gaming hardware designed for casual games in a shared room, in the arc family and supplied by candle with a 24-month warranty."
PRD0668,Vela Halo 767,Wearable,Vela,641.02,410.71,2015,12,0.116,SKU-VEL00668,Health Wearable,Atlas,Red,SUP002,Australia,2015-07-01,GST_STANDARD,Recycled box,False,True,"health wearable designed for walking and commute notifications, in the atlas family and supplied by vela with a 12-month warranty."
PRD0669,Candle Quest 768,Networking,Candle,387.51,292.27,2017,24,0.783,SKU-CAN00669,Connected Network,Bloom,White,SUP003,Australia,2017-03-21,GST_STANDARD,Recycled box,True,True,"connected network designed for connecting several shared household devices, in the bloom family and supplied by candle with a 24-month warranty."
PRD0670,Vela Wave 769,Accessory,Vela,137.8,75.4,2013,12,0.21,SKU-VEL00670,Mobile Accessory,Core,White,SUP004,China,2013-08-14,GST_STANDARD,Protective case,False,True,"mobile accessory designed for protective storage during travel, in the core family and supplied by vela with a 12-month warranty."
PRD0671,Candle Edge 770,Laptop,Candle,926.06,518.94,2012,24,2.004,SKU-CAN00671,Ultrabook,Edge,Graphite,SUP005,Australia,2012-04-22,GST_STANDARD,Protective case,True,True,"ultrabook designed for creative projects and media editing, in the edge family and supplied by candle with a 24-month warranty."
PRD0672,Vela Nova 771,Smartphone,Vela,629.2,416.82,2016,24,0.261,SKU-VEL00672,5G Smartphone,Echo,White,SUP006,Korea,2016-08-22,GST_STANDARD,Box,True,True,"5g smartphone designed for work calls and calendar management, in the echo family and supplied by vela with a 24-month warranty."
PRD0673,Candle Shift 772,Tablet,Candle,548.1,312.11,2013,24,0.536,SKU-CAN00673,Productivity Tablet,Flux,Blue,SUP007,China,2013-02-05,GST_STANDARD,Protective case,True,True,"productivity tablet designed for field forms and client presentations, in the flux family and supplied by candle with a 24-month warranty."
PRD0674,Vela Atlas 773,Home Entertainment,Vela,2519.21,1494.47,2013,24,6.972,SKU-VEL00674,Smart Display,Halo,Red,SUP008,Korea,2013-07-12,GST_STANDARD,Box,True,True,"smart display designed for family media streaming, in the halo family and supplied by vela with a 24-month warranty."
PRD0675,Candle Flux 774,Audio,Candle,625.06,428.74,2013,12,0.429,SKU-CAN00675,Wireless Audio,Lumen,Graphite,SUP009,Korea,2013-09-10,GST_STANDARD,Protective case,False,True,"wireless audio designed for video calls and online classes, in the lumen family and supplied by candle with a 12-month warranty."
PRD0676,Vela Pulse 775,Smart Home,Vela,117.14,87.6,2014,12,0.452,SKU-VEL00676,Home Automation,Nova,Red,SUP010,Korea,2014-11-15,GST_STANDARD,Box,True,False,"home automation designed for indoor temperature and humidity monitoring, in the nova family and supplied by vela with a 12-month warranty."
PRD0677,Candle Vista 776,Gaming,Candle,1000.46,575.55,2014,24,1.133,SKU-CAN00677,Gaming Hardware,Orbit,Gold,SUP011,Australia,2014-10-07,GST_STANDARD,Recycled box,True,True,"gaming hardware designed for competitive play and voice communication, in the orbit family and supplied by candle with a 24-month warranty."
PRD0678,Vela Core 777,Wearable,Vela,904.89,532.6,2014,12,0.114,SKU-VEL00678,Health Wearable,Pulse,Black,SUP012,Japan,2014-06-13,GST_STANDARD,Recycled box,True,True,"health wearable designed for exercise session summaries, in the pulse family and supplied by vela with a 12-month warranty."
PRD0679,Candle Lumen 778,Networking,Candle,1399.86,853.13,2012,24,0.901,SKU-CAN00679,Connected Network,Quest,Green,SUP013,Malaysia,2012-12-23,GST_STANDARD,Box,True,True,"connected network designed for video meetings and media streaming, in the quest family and supplied by candle with a 24-month warranty."
PRD0680,Vela Ridge 779,Accessory,Vela,103.14,64.77,2013,12,0.18,SKU-VEL00680,Mobile Accessory,Ridge,Gold,SUP014,Japan,2013-09-18,GST_STANDARD,Box,True,True,"mobile accessory designed for charging-cable organisation, in the ridge family and supplied by vela with a 12-month warranty."
PRD0681,Candle Arc 780,Laptop,Candle,1969.92,1313.52,2017,24,1.234,SKU-CAN00681,Ultrabook,Shift,White,SUP015,Korea,2017-12-19,GST_STANDARD,Protective case,True,True,"ultrabook designed for shared home-office administration, in the shift family and supplied by candle with a 24-month warranty."
PRD0682,Vela Echo 781,Smartphone,Vela,1273.55,879.44,2013,24,0.16,SKU-VEL00682,5G Smartphone,Spark,Blue,SUP016,Japan,2013-10-07,GST_STANDARD,Recycled box,False,True,"5g smartphone designed for travel planning and media use, in the spark family and supplied by vela with a 24-month warranty."
PRD0683,Candle Orbit 782,Tablet,Candle,571.77,409.84,2017,24,0.79,SKU-CAN00683,Productivity Tablet,Vista,Gold,SUP017,Australia,2017-02-01,GST_STANDARD,Protective case,False,True,"productivity tablet designed for family learning and shared browsing, in the vista family and supplied by candle with a 24-month warranty."
PRD0684,Vela Spark 783,Home Entertainment,Vela,3458.02,1826.83,2012,24,5.856,SKU-VEL00684,Smart Display,Wave,Graphite,SUP018,China,2012-04-14,GST_STANDARD,Box,False,True,"smart display designed for casual living-room gaming, in the wave family and supplied by vela with a 24-month warranty."
PRD0685,Candle Bloom 784,Audio,Candle,987.86,720.91,2016,12,0.399,SKU-CAN00685,Wireless Audio,Arc,Blue,SUP019,Vietnam,2016-08-04,GST_STANDARD,Protective case,False,True,"wireless audio designed for shared-room music playback, in the arc family and supplied by candle with a 12-month warranty."
PRD0686,Vela Halo 785,Smart Home,Vela,208.32,119.71,2012,12,0.429,SKU-VEL00686,Home Automation,Atlas,Blue,SUP020,Malaysia,2012-03-21,GST_STANDARD,Box,False,True,"home automation designed for door and window activity alerts, in the atlas family and supplied by vela with a 12-month warranty."
PRD0687,Candle Quest 786,Gaming,Candle,1174.99,869.69,2014,24,1.332,SKU-CAN00687,Gaming Hardware,Bloom,Blue,SUP021,Vietnam,2014-06-16,GST_STANDARD,Protective case,True,True,"gaming hardware designed for portable gaming and travel, in the bloom family and supplied by candle with a 24-month warranty."
PRD0688,Vela Wave 787,Wearable,Vela,611.89,366.56,2015,12,0.126,SKU-VEL00688,Health Wearable,Core,Gold,SUP022,Korea,2015-11-21,GST_STANDARD,Box,True,True,"health wearable designed for calendar alerts and quick message checks, in the core family and supplied by vela with a 12-month warranty."
PRD0689,Candle Edge 788,Networking,Candle,277.28,181.08,2013,24,0.732,SKU-CAN00689,Connected Network,Edge,Gold,SUP023,China,2013-07-16,GST_STANDARD,Protective case,True,True,"connected network designed for guest-network and device management, in the edge family and supplied by candle with a 24-month warranty."
PRD0690,Vela Nova 789,Accessory,Vela,296.31,209.42,2017,12,0.149,SKU-VEL00690,Mobile Accessory,Echo,Silver,SUP024,Japan,2017-05-17,GST_STANDARD,Recycled box,False,True,"mobile accessory designed for connecting several devices through one compact adapter, in the echo family and supplied by vela with a 12-month warranty."
PRD0691,Candle Shift 790,Laptop,Candle,2519.24,1509.95,2015,24,1.377,SKU-CAN00691,Ultrabook,Flux,Graphite,SUP025,Vietnam,2015-06-13,GST_STANDARD,Recycled box,True,True,"ultrabook designed for travel-based work and presentations, in the flux family and supplied by candle with a 24-month warranty."
PRD0692,Vela Atlas 791,Smartphone,Vela,1665.58,1070.41,2015,24,0.203,SKU-VEL00692,5G Smartphone,Halo,Red,SUP026,Japan,2015-12-06,GST_STANDARD,Box,False,True,"5g smartphone designed for family communication and casual apps, in the halo family and supplied by vela with a 24-month warranty."
PRD0693,Candle Flux 792,Tablet,Candle,1390.63,680.12,2012,24,0.579,SKU-CAN00693,Productivity Tablet,Lumen,Green,SUP027,Japan,2012-08-25,GST_STANDARD,Box,True,True,"productivity tablet designed for drawing and lightweight creative work, in the lumen family and supplied by candle with a 24-month warranty."
PRD0694,Vela Pulse 793,Home Entertainment,Vela,1978.51,1436.82,2016,24,6.913,SKU-VEL00694,Smart Display,Nova,Green,SUP028,Japan,2016-03-05,GST_STANDARD,Recycled box,False,True,"smart display designed for presentations and photo viewing, in the nova family and supplied by vela with a 24-month warranty."
PRD0695,Candle Vista 794,Audio,Candle,908.69,647.93,2015,12,0.376,SKU-CAN00695,Wireless Audio,Orbit,White,SUP029,Vietnam,2015-05-22,GST_STANDARD,Recycled box,True,True,"wireless audio designed for long listening sessions at home, in the orbit family and supplied by candle with a 12-month warranty."
PRD0696,Vela Core 795,Smart Home,Vela,119.65,86.32,2016,12,0.378,SKU-VEL00696,Home Automation,Pulse,Silver,SUP030,Japan,2016-09-18,GST_STANDARD,Protective case,True,True,"home automation designed for automated blind and curtain routines, in the pulse family and supplied by vela with a 12-month warranty."
PRD0697,Candle Lumen 796,Gaming,Candle,1305.19,974.3,2012,24,1.218,SKU-CAN00697,Gaming Hardware,Quest,Gold,SUP031,China,2012-02-25,GST_STANDARD,Box,True,True,"gaming hardware designed for game streaming and media capture, in the quest family and supplied by candle with a 24-month warranty."
PRD0698,Vela Ridge 797,Wearable,Vela,981.72,564.82,2017,12,0.108,SKU-VEL00698,Health Wearable,Ridge,Graphite,SUP032,Vietnam,2017-03-12,GST_STANDARD,Box,True,True,"health wearable designed for habit reminders and everyday timekeeping, in the ridge family and supplied by vela with a 12-month warranty."
PRD0699,Candle Arc 798,Networking,Candle,1102.07,782.36,2014,24,0.877,SKU-CAN00699,Connected Network,Shift,Green,SUP033,Korea,2014-11-26,GST_STANDARD,Recycled box,False,True,"connected network designed for extending coverage between rooms, in the shift family and supplied by candle with a 24-month warranty."
PRD0700,Vela Echo 799,Accessory,Vela,206.13,115.18,2016,12,0.246,SKU-VEL00700,Mobile Accessory,Spark,Blue,SUP034,Australia,2016-04-20,GST_STANDARD,Box,False,True,"mobile accessory designed for hands-free device support in a shared workspace, in the spark family and supplied by vela with a 12-month warranty."
PRD0701,Candle Orbit 800,Laptop,Candle,2281.85,1303.71,2016,24,1.315,SKU-CAN00701,Ultrabook,Vista,Green,SUP035,Korea,2016-02-24,GST_STANDARD,Recycled box,True,True,"ultrabook designed for portable document work and video meetings, in the vista family and supplied by candle with a 24-month warranty."
PRD0702,Vela Spark 801,Smartphone,Vela,1785.7,1141.23,2016,24,0.182,SKU-VEL00702,5G Smartphone,Wave,White,SUP036,Vietnam,2016-11-05,GST_STANDARD,Protective case,True,True,"5g smartphone designed for daily communication and navigation, in the wave family and supplied by vela with a 24-month warranty."
PRD0703,Candle Bloom 802,Tablet,Candle,716.42,525.68,2014,24,0.736,SKU-CAN00703,Productivity Tablet,Arc,Green,SUP037,China,2014-05-22,GST_STANDARD,Recycled box,True,True,"productivity tablet designed for reading, annotation and handwritten notes, in the arc family and supplied by candle with a 24-month warranty."
PRD0704,Vela Halo 803,Home Entertainment,Vela,4048.59,2110.35,2017,24,8.668,SKU-VEL00704,Smart Display,Atlas,Gold,SUP001,Australia,2017-02-02,GST_STANDARD,Box,True,True,"smart display designed for shared film and television viewing, in the atlas family and supplied by vela with a 24-month warranty."
PRD0705,Candle Quest 804,Audio,Candle,387.12,291.89,2015,12,0.555,SKU-CAN00705,Wireless Audio,Bloom,Gold,SUP002,Australia,2015-03-25,GST_STANDARD,Protective case,False,True,"wireless audio designed for commuting and spoken-content listening, in the bloom family and supplied by candle with a 12-month warranty."
PRD0706,Vela Wave 805,Smart Home,Vela,377.51,221.13,2015,12,0.456,SKU-VEL00706,Home Automation,Core,White,SUP003,Vietnam,2015-11-22,GST_STANDARD,Box,True,True,"home automation designed for app-controlled room lighting, in the core family and supplied by vela with a 12-month warranty."
PRD0707,Candle Edge 806,Gaming,Candle,1217.98,773.49,2015,24,1.47,SKU-CAN00707,Gaming Hardware,Edge,Blue,SUP004,Malaysia,2015-11-14,GST_STANDARD,Protective case,True,True,"gaming hardware designed for long desktop gaming sessions, in the edge family and supplied by candle with a 24-month warranty."
PRD0708,Vela Nova 807,Wearable,Vela,1093.2,798.83,2012,12,0.092,SKU-VEL00708,Health Wearable,Echo,Black,SUP005,Malaysia,2012-07-05,GST_STANDARD,Protective case,True,True,"health wearable designed for daily activity and sleep tracking, in the echo family and supplied by vela with a 12-month warranty."
PRD0709,Candle Shift 808,Networking,Candle,1109.44,777.78,2012,24,0.956,SKU-CAN00709,Connected Network,Flux,Graphite,SUP006,Malaysia,2012-07-10,GST_STANDARD,Box,True,True,"connected network designed for home-office wireless coverage, in the flux family and supplied by candle with a 24-month warranty."
PRD0710,Vela Atlas 809,Accessory,Vela,161.67,85.57,2012,12,0.194,SKU-VEL00710,Mobile Accessory,Halo,Red,SUP007,Malaysia,2012-08-08,GST_STANDARD,Box,False,True,"mobile accessory designed for adjustable desk mounting and device positioning, in the halo family and supplied by vela with a 12-month warranty."
PRD0711,Candle Flux 810,Laptop,Candle,1902.91,1203.48,2013,24,2.038,SKU-CAN00711,Ultrabook,Lumen,Black,SUP008,Japan,2013-06-18,GST_STANDARD,Box,True,True,"ultrabook designed for study, research and note taking, in the lumen family and supplied by candle with a 24-month warranty."
PRD0712,Vela Pulse 811,Smartphone,Vela,1119.82,728.94,2015,24,0.292,SKU-VEL00712,5G Smartphone,Nova,Black,SUP009,Japan,2015-05-21,GST_STANDARD,Protective case,True,True,"5g smartphone designed for mobile photography and messaging, in the nova family and supplied by vela with a 24-month warranty."
PRD0713,Candle Vista 812,Tablet,Candle,1129.25,754.75,2012,24,0.661,SKU-CAN00713,Productivity Tablet,Orbit,Red,SUP010,China,2012-09-11,GST_STANDARD,Recycled box,True,True,"productivity tablet designed for portable media and video calls, in the orbit family and supplied by candle with a 24-month warranty."
PRD0714,Vela Core 813,Home Entertainment,Vela,3727.82,2753.9,2015,24,6.614,SKU-VEL00714,Smart Display,Pulse,Red,SUP011,China,2015-08-25,GST_STANDARD,Protective case,True,True,"smart display designed for music and spoken-content playback, in the pulse family and supplied by vela with a 24-month warranty."
PRD0715,Candle Lumen 814,Audio,Candle,809.62,468.31,2015,12,0.517,SKU-CAN00715,Wireless Audio,Quest,Silver,SUP012,Japan,2015-02-14,GST_STANDARD,Box,True,True,"wireless audio designed for music during focused desk work, in the quest family and supplied by candle with a 12-month warranty."
PRD0716,Vela Ridge 815,Smart Home,Vela,120.76,63.13,2015,12,0.419,SKU-VEL00716,Home Automation,Ridge,Green,SUP013,Australia,2015-08-21,GST_STANDARD,Recycled box,True,True,"home automation designed for scheduled control of a household power outlet, in the ridge family and supplied by vela with a 12-month warranty."
PRD0717,Candle Arc 816,Gaming,Candle,2154.07,1342.53,2014,24,1.523,SKU-CAN00717,Gaming Hardware,Shift,Gold,SUP014,Malaysia,2014-12-13,GST_STANDARD,Protective case,False,False,"gaming hardware designed for casual games in a shared room, in the shift family and supplied by candle with a 24-month warranty."
PRD0718,Vela Echo 817,Wearable,Vela,543.69,408.21,2013,12,0.164,SKU-VEL00718,Health Wearable,Spark,Blue,SUP015,Korea,2013-01-14,GST_STANDARD,Protective case,True,True,"health wearable designed for walking and commute notifications, in the spark family and supplied by vela with a 12-month warranty."
PRD0719,Candle Orbit 818,Networking,Candle,876.46,618.74,2016,24,0.729,SKU-CAN00719,Connected Network,Vista,White,SUP016,Vietnam,2016-05-10,GST_STANDARD,Protective case,True,True,"connected network designed for connecting several shared household devices, in the vista family and supplied by candle with a 24-month warranty."
PRD0720,Vela Spark 819,Accessory,Vela,416.7,201.43,2013,12,0.212,SKU-VEL00720,Mobile Accessory,Wave,White,SUP017,Australia,2013-06-13,GST_STANDARD,Protective case,False,True,"mobile accessory designed for protective storage during travel, in the wave family and supplied by vela with a 12-month warranty."
PRD0721,Candle Bloom 820,Laptop,Candle,2913.95,1513.56,2014,24,1.364,SKU-CAN00721,Ultrabook,Arc,White,SUP018,Malaysia,2014-11-13,GST_STANDARD,Recycled box,True,True,"ultrabook designed for creative projects and media editing, in the arc family and supplied by candle with a 24-month warranty."
PRD0722,Vela Halo 821,Smartphone,Vela,1792.17,1004.75,2013,24,0.186,SKU-VEL00722,5G Smartphone,Atlas,White,SUP019,China,2013-11-03,GST_STANDARD,Recycled box,True,True,"5g smartphone designed for work calls and calendar management, in the atlas family and supplied by vela with a 24-month warranty."
PRD0723,Candle Quest 822,Tablet,Candle,867.11,581.79,2012,24,0.468,SKU-CAN00723,Productivity Tablet,Bloom,Graphite,SUP020,Vietnam,2012-09-14,GST_STANDARD,Recycled box,True,True,"productivity tablet designed for field forms and client presentations, in the bloom family and supplied by candle with a 24-month warranty."
PRD0724,Vela Wave 823,Home Entertainment,Vela,2896.31,1969.02,2016,24,5.847,SKU-VEL00724,Smart Display,Core,Black,SUP021,Malaysia,2016-05-06,GST_STANDARD,Box,True,True,"smart display designed for family media streaming, in the core family and supplied by vela with a 24-month warranty."
PRD0725,Candle Edge 824,Audio,Candle,282.7,199.45,2015,12,0.611,SKU-CAN00725,Wireless Audio,Edge,Blue,SUP022,Korea,2015-02-14,GST_STANDARD,Recycled box,True,True,"wireless audio designed for video calls and online classes, in the edge family and supplied by candle with a 12-month warranty."
PRD0726,Vela Nova 825,Smart Home,Vela,256.01,151.36,2016,12,0.402,SKU-VEL00726,Home Automation,Echo,Gold,SUP023,China,2016-07-24,GST_STANDARD,Protective case,True,True,"home automation designed for indoor temperature and humidity monitoring, in the echo family and supplied by vela with a 12-month warranty."
PRD0727,Candle Shift 826,Gaming,Candle,2045.32,1424.31,2014,24,1.642,SKU-CAN00727,Gaming Hardware,Flux,Blue,SUP024,Korea,2014-06-21,GST_STANDARD,Recycled box,True,True,"gaming hardware designed for competitive play and voice communication, in the flux family and supplied by candle with a 24-month warranty."
PRD0728,Vela Atlas 827,Wearable,Vela,122.0,88.98,2017,12,0.141,SKU-VEL00728,Health Wearable,Halo,Silver,SUP025,Australia,2017-02-05,GST_STANDARD,Protective case,True,True,"health wearable designed for exercise session summaries, in the halo family and supplied by vela with a 12-month warranty."
PRD0729,Candle Flux 828,Networking,Candle,1304.27,655.13,2016,24,0.729,SKU-CAN00729,Connected Network,Lumen,Graphite,SUP026,China,2016-07-18,GST_STANDARD,Recycled box,False,True,"connected network designed for video meetings and media streaming, in the lumen family and supplied by candle with a 24-month warranty."
PRD0730,Vela Pulse 829,Accessory,Vela,388.14,195.24,2013,12,0.171,SKU-VEL00730,Mobile Accessory,Nova,Green,SUP027,Korea,2013-01-07,GST_STANDARD,Box,False,True,"mobile accessory designed for charging-cable organisation, in the nova family and supplied by vela with a 12-month warranty."
PRD0731,Candle Vista 830,Laptop,Candle,1036.98,610.68,2015,24,1.866,SKU-CAN00731,Ultrabook,Orbit,Silver,SUP028,Australia,2015-11-26,GST_STANDARD,Recycled box,True,True,"ultrabook designed for shared home-office administration, in the orbit family and supplied by candle with a 24-month warranty."
PRD0732,Vela Core 831,Smartphone,Vela,1068.78,683.9,2014,24,0.273,SKU-VEL00732,5G Smartphone,Pulse,White,SUP029,China,2014-09-21,GST_STANDARD,Protective case,False,True,"5g smartphone designed for travel planning and media use, in the pulse family and supplied by vela with a 24-month warranty."
PRD0733,Candle Lumen 832,Tablet,Candle,1110.2,691.4,2013,24,0.803,SKU-CAN00733,Productivity Tablet,Quest,White,SUP030,Malaysia,2013-06-20,GST_STANDARD,Protective case,True,True,"productivity tablet designed for family learning and shared browsing, in the quest family and supplied by candle with a 24-month warranty."
PRD0734,Vela Ridge 833,Home Entertainment,Vela,3584.06,2578.85,2017,24,5.927,SKU-VEL00734,Smart Display,Ridge,Gold,SUP031,Australia,2017-01-16,GST_STANDARD,Protective case,True,True,"smart display designed for casual living-room gaming, in the ridge family and supplied by vela with a 24-month warranty."
PRD0735,Candle Arc 834,Audio,Candle,1149.06,666.5,2013,12,0.639,SKU-CAN00735,Wireless Audio,Shift,Green,SUP032,Japan,2013-08-14,GST_STANDARD,Protective case,True,True,"wireless audio designed for shared-room music playback, in the shift family and supplied by candle with a 12-month warranty."
PRD0736,Vela Echo 835,Smart Home,Vela,171.3,94.86,2014,12,0.276,SKU-VEL00736,Home Automation,Spark,Silver,SUP033,Vietnam,2014-10-21,GST_STANDARD,Protective case,True,True,"home automation designed for door and window activity alerts, in the spark family and supplied by vela with a 12-month warranty."
PRD0737,Candle Orbit 836,Gaming,Candle,2577.23,1853.79,2013,24,1.591,SKU-CAN00737,Gaming Hardware,Vista,Gold,SUP034,Vietnam,2013-05-24,GST_STANDARD,Box,False,False,"gaming hardware designed for portable gaming and travel, in the vista family and supplied by candle with a 24-month warranty."
PRD0738,Vela Spark 837,Wearable,Vela,520.03,383.8,2012,12,0.132,SKU-VEL00738,Health Wearable,Wave,Gold,SUP035,Vietnam,2012-09-06,GST_STANDARD,Protective case,False,True,"health wearable designed for calendar alerts and quick message checks, in the wave family and supplied by vela with a 12-month warranty."
PRD0739,Candle Bloom 838,Networking,Candle,784.83,511.58,2012,24,0.624,SKU-CAN00739,Connected Network,Arc,Blue,SUP036,Vietnam,2012-08-25,GST_STANDARD,Box,True,True,"connected network designed for guest-network and device management, in the arc family and supplied by candle with a 24-month warranty."
PRD0740,Vela Halo 839,Accessory,Vela,150.48,80.15,2016,12,0.159,SKU-VEL00740,Mobile Accessory,Atlas,Blue,SUP037,Japan,2016-05-27,GST_STANDARD,Protective case,False,True,"mobile accessory designed for connecting several devices through one compact adapter, in the atlas family and supplied by vela with a 12-month warranty."
PRD0741,Candle Quest 840,Laptop,Candle,1637.14,1173.58,2012,24,1.628,SKU-CAN00741,Ultrabook,Bloom,White,SUP001,Vietnam,2012-09-21,GST_STANDARD,Box,False,True,"ultrabook designed for travel-based work and presentations, in the bloom family and supplied by candle with a 24-month warranty."
PRD0742,Vela Wave 841,Smartphone,Vela,1054.62,653.29,2013,24,0.303,SKU-VEL00742,5G Smartphone,Core,Graphite,SUP002,Japan,2013-12-08,GST_STANDARD,Protective case,True,True,"5g smartphone designed for family communication and casual apps, in the core family and supplied by vela with a 24-month warranty."
PRD0743,Candle Edge 842,Tablet,Candle,939.8,681.12,2017,24,0.673,SKU-CAN00743,Productivity Tablet,Edge,White,SUP003,Korea,2017-06-01,GST_STANDARD,Recycled box,True,True,"productivity tablet designed for drawing and lightweight creative work, in the edge family and supplied by candle with a 24-month warranty."
PRD0744,Vela Nova 843,Home Entertainment,Vela,3085.44,1541.24,2017,24,5.554,SKU-VEL00744,Smart Display,Echo,Silver,SUP004,Korea,2017-08-22,GST_STANDARD,Recycled box,False,True,"smart display designed for presentations and photo viewing, in the echo family and supplied by vela with a 24-month warranty."
PRD0745,Candle Shift 844,Audio,Candle,494.7,259.66,2014,12,0.648,SKU-CAN00745,Wireless Audio,Flux,Graphite,SUP005,China,2014-06-20,GST_STANDARD,Recycled box,False,True,"wireless audio designed for long listening sessions at home, in the flux family and supplied by candle with a 12-month warranty."
PRD0746,Vela Atlas 845,Smart Home,Vela,187.06,97.37,2017,12,0.402,SKU-VEL00746,Home Automation,Halo,Red,SUP006,Korea,2017-03-27,GST_STANDARD,Box,True,True,"home automation designed for automated blind and curtain routines, in the halo family and supplied by vela with a 12-month warranty."
PRD0747,Candle Flux 846,Gaming,Candle,2580.17,1380.63,2012,24,1.079,SKU-CAN00747,Gaming Hardware,Lumen,Green,SUP007,Korea,2012-01-19,GST_STANDARD,Recycled box,True,True,"gaming hardware designed for game streaming and media capture, in the lumen family and supplied by candle with a 24-month warranty."
PRD0748,Vela Pulse 847,Wearable,Vela,789.67,506.64,2015,12,0.143,SKU-VEL00748,Health Wearable,Nova,Black,SUP008,Malaysia,2015-08-20,GST_STANDARD,Box,True,True,"health wearable designed for habit reminders and everyday timekeeping, in the nova family and supplied by vela with a 12-month warranty."
PRD0749,Candle Vista 848,Networking,Candle,1242.7,853.64,2017,24,0.564,SKU-CAN00749,Connected Network,Orbit,Red,SUP009,Japan,2017-12-01,GST_STANDARD,Recycled box,True,True,"connected network designed for extending coverage between rooms, in the orbit family and supplied by candle with a 24-month warranty."
PRD0750,Vela Core 849,Accessory,Vela,262.52,157.45,2015,12,0.165,SKU-VEL00750,Mobile Accessory,Pulse,White,SUP010,China,2015-03-14,GST_STANDARD,Recycled box,True,True,"mobile accessory designed for hands-free device support in a shared workspace, in the pulse family and supplied by vela with a 12-month warranty."
PRD0751,Candle Lumen 850,Laptop,Candle,1174.19,697.76,2017,24,1.182,SKU-CAN00751,Ultrabook,Quest,White,SUP011,Australia,2017-01-05,GST_STANDARD,Protective case,True,True,"ultrabook designed for portable document work and video meetings, in the quest family and supplied by candle with a 24-month warranty."
PRD0752,Vela Ridge 851,Smartphone,Vela,933.7,642.66,2017,24,0.264,SKU-VEL00752,5G Smartphone,Ridge,Graphite,SUP012,Korea,2017-08-02,GST_STANDARD,Protective case,True,True,"5g smartphone designed for daily communication and navigation, in the ridge family and supplied by vela with a 24-month warranty."
PRD0753,Candle Arc 852,Tablet,Candle,372.43,230.83,2017,24,0.722,SKU-CAN00753,Productivity Tablet,Shift,Blue,SUP013,Vietnam,2017-12-13,GST_STANDARD,Recycled box,False,True,"productivity tablet designed for reading, annotation and handwritten notes, in the shift family and supplied by candle with a 24-month warranty."
PRD0754,Vela Echo 853,Home Entertainment,Vela,2370.32,1406.57,2014,24,9.077,SKU-VEL00754,Smart Display,Spark,Gold,SUP014,Korea,2014-11-23,GST_STANDARD,Protective case,False,True,"smart display designed for shared film and television viewing, in the spark family and supplied by vela with a 24-month warranty."
PRD0755,Candle Orbit 854,Audio,Candle,229.0,118.21,2016,12,0.385,SKU-CAN00755,Wireless Audio,Vista,Graphite,SUP015,Australia,2016-06-22,GST_STANDARD,Protective case,True,True,"wireless audio designed for commuting and spoken-content listening, in the vista family and supplied by candle with a 12-month warranty."
PRD0756,Vela Spark 855,Smart Home,Vela,61.89,38.21,2014,12,0.415,SKU-VEL00756,Home Automation,Wave,Graphite,SUP016,Vietnam,2014-12-01,GST_STANDARD,Protective case,True,True,"home automation designed for app-controlled room lighting, in the wave family and supplied by vela with a 12-month warranty."
PRD0757,Candle Bloom 856,Gaming,Candle,915.35,587.0,2017,24,1.167,SKU-CAN00757,Gaming Hardware,Arc,Graphite,SUP017,Australia,2017-11-01,GST_STANDARD,Protective case,True,True,"gaming hardware designed for long desktop gaming sessions, in the arc family and supplied by candle with a 24-month warranty."
PRD0758,Vela Halo 857,Wearable,Vela,543.13,322.24,2014,12,0.153,SKU-VEL00758,Health Wearable,Atlas,Green,SUP018,Korea,2014-03-01,GST_STANDARD,Recycled box,False,True,"health wearable designed for daily activity and sleep tracking, in the atlas family and supplied by vela with a 12-month warranty."
PRD0759,Candle Quest 858,Networking,Candle,655.9,323.03,2015,24,0.799,SKU-CAN00759,Connected Network,Bloom,Gold,SUP019,Japan,2015-09-25,GST_STANDARD,Box,True,True,"connected network designed for home-office wireless coverage, in the bloom family and supplied by candle with a 24-month warranty."
PRD0760,Vela Wave 859,Accessory,Vela,187.91,102.96,2017,12,0.218,SKU-VEL00760,Mobile Accessory,Core,Silver,SUP020,Korea,2017-12-07,GST_STANDARD,Recycled box,True,True,"mobile accessory designed for adjustable desk mounting and device positioning, in the core family and supplied by vela with a 12-month warranty."
PRD0761,Candle Edge 860,Laptop,Candle,2430.17,1428.86,2013,24,1.211,SKU-CAN00761,Ultrabook,Edge,Red,SUP021,Vietnam,2013-06-19,GST_STANDARD,Recycled box,True,False,"ultrabook designed for study, research and note taking, in the edge family and supplied by candle with a 24-month warranty."
PRD0762,Vela Nova 861,Smartphone,Vela,848.37,422.41,2013,24,0.179,SKU-VEL00762,5G Smartphone,Echo,Gold,SUP022,China,2013-08-08,GST_STANDARD,Recycled box,True,True,"5g smartphone designed for mobile photography and messaging, in the echo family and supplied by vela with a 24-month warranty."
PRD0763,Candle Shift 862,Tablet,Candle,950.45,510.84,2016,24,0.729,SKU-CAN00763,Productivity Tablet,Flux,Red,SUP023,Japan,2016-05-06,GST_STANDARD,Box,True,True,"productivity tablet designed for portable media and video calls, in the flux family and supplied by candle with a 24-month warranty."
PRD0764,Vela Atlas 863,Home Entertainment,Vela,472.57,265.04,2017,24,8.938,SKU-VEL00764,Smart Display,Halo,White,SUP024,Vietnam,2017-10-14,GST_STANDARD,Box,False,True,"smart display designed for music and spoken-content playback, in the halo family and supplied by vela with a 24-month warranty."
PRD0765,Candle Flux 864,Audio,Candle,724.29,424.31,2014,12,0.438,SKU-CAN00765,Wireless Audio,Lumen,Graphite,SUP025,Malaysia,2014-08-09,GST_STANDARD,Protective case,True,True,"wireless audio designed for music during focused desk work, in the lumen family and supplied by candle with a 12-month warranty."
PRD0766,Vela Pulse 865,Smart Home,Vela,420.5,209.76,2015,12,0.286,SKU-VEL00766,Home Automation,Nova,Gold,SUP026,Korea,2015-04-12,GST_STANDARD,Recycled box,False,True,"home automation designed for scheduled control of a household power outlet, in the nova family and supplied by vela with a 12-month warranty."
PRD0767,Candle Vista 866,Gaming,Candle,380.35,194.94,2016,24,0.897,SKU-CAN00767,Gaming Hardware,Orbit,Blue,SUP027,China,2016-03-14,GST_STANDARD,Box,False,True,"gaming hardware designed for casual games in a shared room, in the orbit family and supplied by candle with a 24-month warranty."
PRD0768,Vela Core 867,Wearable,Vela,73.54,38.23,2015,12,0.125,SKU-VEL00768,Health Wearable,Pulse,Blue,SUP028,Korea,2015-12-02,GST_STANDARD,Protective case,False,True,"health wearable designed for walking and commute notifications, in the pulse family and supplied by vela with a 12-month warranty."
PRD0769,Candle Lumen 868,Networking,Candle,798.58,508.91,2014,24,0.781,SKU-CAN00769,Connected Network,Quest,Gold,SUP029,Malaysia,2014-10-23,GST_STANDARD,Protective case,True,True,"connected network designed for connecting several shared household devices, in the quest family and supplied by candle with a 24-month warranty."
PRD0770,Vela Ridge 869,Accessory,Vela,410.85,291.76,2012,12,0.218,SKU-VEL00770,Mobile Accessory,Ridge,Graphite,SUP030,Vietnam,2012-06-05,GST_STANDARD,Box,False,True,"mobile accessory designed for protective storage during travel, in the ridge family and supplied by vela with a 12-month warranty."
PRD0771,Candle Arc 870,Laptop,Candle,1690.63,1037.44,2014,24,1.812,SKU-CAN00771,Ultrabook,Shift,Red,SUP031,Japan,2014-04-21,GST_STANDARD,Protective case,True,True,"ultrabook designed for creative projects and media editing, in the shift family and supplied by candle with a 24-month warranty."
PRD0772,Vela Echo 871,Smartphone,Vela,661.34,413.79,2014,24,0.246,SKU-VEL00772,5G Smartphone,Spark,Green,SUP032,Japan,2014-09-25,GST_STANDARD,Box,False,True,"5g smartphone designed for work calls and calendar management, in the spark family and supplied by vela with a 24-month warranty."
PRD0773,Candle Orbit 872,Tablet,Candle,310.58,149.78,2015,24,0.515,SKU-CAN00773,Productivity Tablet,Vista,Gold,SUP033,Vietnam,2015-10-17,GST_STANDARD,Box,True,True,"productivity tablet designed for field forms and client presentations, in the vista family and supplied by candle with a 24-month warranty."
PRD0774,Vela Spark 873,Home Entertainment,Vela,1734.69,1187.23,2016,24,6.823,SKU-VEL00774,Smart Display,Wave,Gold,SUP034,Vietnam,2016-02-27,GST_STANDARD,Recycled box,True,True,"smart display designed for family media streaming, in the wave family and supplied by vela with a 24-month warranty."
PRD0775,Candle Bloom 874,Audio,Candle,668.73,377.56,2014,12,0.435,SKU-CAN00775,Wireless Audio,Arc,White,SUP035,China,2014-10-15,GST_STANDARD,Recycled box,True,True,"wireless audio designed for video calls and online classes, in the arc family and supplied by candle with a 12-month warranty."
PRD0776,Vela Halo 875,Smart Home,Vela,294.42,161.97,2016,12,0.407,SKU-VEL00776,Home Automation,Atlas,Gold,SUP036,China,2016-02-02,GST_STANDARD,Box,True,True,"home automation designed for indoor temperature and humidity monitoring, in the atlas family and supplied by vela with a 12-month warranty."
PRD0777,Candle Quest 876,Gaming,Candle,2046.64,1367.28,2016,24,1.045,SKU-CAN00777,Gaming Hardware,Bloom,Red,SUP037,Australia,2016-03-02,GST_STANDARD,Recycled box,True,False,"gaming hardware designed for competitive play and voice communication, in the bloom family and supplied by candle with a 24-month warranty."
PRD0778,Vela Wave 877,Wearable,Vela,1004.54,761.31,2017,12,0.093,SKU-VEL00778,Health Wearable,Core,Red,SUP001,Korea,2017-06-07,GST_STANDARD,Protective case,True,False,"health wearable designed for exercise session summaries, in the core family and supplied by vela with a 12-month warranty."
PRD0779,Candle Edge 878,Networking,Candle,234.12,124.62,2016,24,0.689,SKU-CAN00779,Connected Network,Edge,Red,SUP002,Vietnam,2016-06-27,GST_STANDARD,Box,True,True,"connected network designed for video meetings and media streaming, in the edge family and supplied by candle with a 24-month warranty."
PRD0780,Vela Nova 879,Accessory,Vela,308.34,228.0,2012,12,0.203,SKU-VEL00780,Mobile Accessory,Echo,Graphite,SUP003,Vietnam,2012-02-18,GST_STANDARD,Recycled box,True,True,"mobile accessory designed for charging-cable organisation, in the echo family and supplied by vela with a 12-month warranty."
PRD0781,Candle Shift 880,Laptop,Candle,2713.32,1438.3,2014,24,1.356,SKU-CAN00781,Ultrabook,Flux,Blue,SUP004,Vietnam,2014-09-15,GST_STANDARD,Protective case,False,True,"ultrabook designed for shared home-office administration, in the flux family and supplied by candle with a 24-month warranty."
PRD0782,Vela Atlas 881,Smartphone,Vela,492.79,285.35,2017,24,0.278,SKU-VEL00782,5G Smartphone,Halo,Black,SUP005,Malaysia,2017-07-12,GST_STANDARD,Recycled box,True,True,"5g smartphone designed for travel planning and media use, in the halo family and supplied by vela with a 24-month warranty."
PRD0783,Candle Flux 882,Tablet,Candle,1427.48,733.78,2016,24,0.847,SKU-CAN00783,Productivity Tablet,Lumen,Black,SUP006,Japan,2016-05-05,GST_STANDARD,Box,True,True,"productivity tablet designed for family learning and shared browsing, in the lumen family and supplied by candle with a 24-month warranty."
PRD0784,Vela Pulse 883,Home Entertainment,Vela,385.51,275.12,2015,24,7.861,SKU-VEL00784,Smart Display,Nova,Black,SUP007,Japan,2015-11-20,GST_STANDARD,Recycled box,True,False,"smart display designed for casual living-room gaming, in the nova family and supplied by vela with a 24-month warranty."
PRD0785,Candle Vista 884,Audio,Candle,739.95,476.48,2015,12,0.481,SKU-CAN00785,Wireless Audio,Orbit,White,SUP008,Malaysia,2015-05-16,GST_STANDARD,Box,False,True,"wireless audio designed for shared-room music playback, in the orbit family and supplied by candle with a 12-month warranty."
PRD0786,Vela Core 885,Smart Home,Vela,326.86,243.38,2017,12,0.437,SKU-VEL00786,Home Automation,Pulse,White,SUP009,Malaysia,2017-11-23,GST_STANDARD,Box,False,True,"home automation designed for door and window activity alerts, in the pulse family and supplied by vela with a 12-month warranty."
PRD0787,Candle Lumen 886,Gaming,Candle,1650.81,1130.87,2014,24,1.458,SKU-CAN00787,Gaming Hardware,Quest,Gold,SUP010,Malaysia,2014-07-24,GST_STANDARD,Protective case,True,True,"gaming hardware designed for portable gaming and travel, in the quest family and supplied by candle with a 24-month warranty."
PRD0788,Vela Ridge 887,Wearable,Vela,1009.9,729.95,2013,12,0.093,SKU-VEL00788,Health Wearable,Ridge,Black,SUP011,Vietnam,2013-06-14,GST_STANDARD,Box,True,True,"health wearable designed for calendar alerts and quick message checks, in the ridge family and supplied by vela with a 12-month warranty."
PRD0789,Candle Arc 888,Networking,Candle,928.44,471.9,2013,24,0.741,SKU-CAN00789,Connected Network,Shift,Red,SUP012,Vietnam,2013-12-02,GST_STANDARD,Protective case,False,True,"connected network designed for guest-network and device management, in the shift family and supplied by candle with a 24-month warranty."
PRD0790,Vela Echo 889,Accessory,Vela,55.39,39.1,2017,12,0.18,SKU-VEL00790,Mobile Accessory,Spark,Gold,SUP013,China,2017-06-18,GST_STANDARD,Box,False,True,"mobile accessory designed for connecting several devices through one compact adapter, in the spark family and supplied by vela with a 12-month warranty."
PRD0791,Candle Orbit 890,Laptop,Candle,2467.42,1669.63,2017,24,1.226,SKU-CAN00791,Ultrabook,Vista,Blue,SUP014,China,2017-05-26,GST_STANDARD,Protective case,True,True,"ultrabook designed for travel-based work and presentations, in the vista family and supplied by candle with a 24-month warranty."
PRD0792,Vela Spark 891,Smartphone,Vela,1480.93,930.24,2014,24,0.286,SKU-VEL00792,5G Smartphone,Wave,Green,SUP015,Korea,2014-05-07,GST_STANDARD,Box,True,True,"5g smartphone designed for family communication and casual apps, in the wave family and supplied by vela with a 24-month warranty."
PRD0793,Candle Bloom 892,Tablet,Candle,760.3,442.8,2014,24,0.631,SKU-CAN00793,Productivity Tablet,Arc,Silver,SUP016,Korea,2014-07-20,GST_STANDARD,Protective case,True,True,"productivity tablet designed for drawing and lightweight creative work, in the arc family and supplied by candle with a 24-month warranty."
PRD0794,Vela Halo 893,Home Entertainment,Vela,4029.39,2489.23,2017,24,5.829,SKU-VEL00794,Smart Display,Atlas,White,SUP017,Malaysia,2017-06-08,GST_STANDARD,Protective case,True,True,"smart display designed for presentations and photo viewing, in the atlas family and supplied by vela with a 24-month warranty."
PRD0795,Candle Quest 894,Audio,Candle,574.53,334.91,2012,12,0.607,SKU-CAN00795,Wireless Audio,Bloom,Silver,SUP018,Vietnam,2012-01-19,GST_STANDARD,Protective case,False,True,"wireless audio designed for long listening sessions at home, in the bloom family and supplied by candle with a 12-month warranty."
PRD0796,Vela Wave 895,Smart Home,Vela,46.19,32.4,2013,12,0.311,SKU-VEL00796,Home Automation,Core,Green,SUP019,Malaysia,2013-01-11,GST_STANDARD,Recycled box,True,True,"home automation designed for automated blind and curtain routines, in the core family and supplied by vela with a 12-month warranty."
PRD0797,Candle Edge 896,Gaming,Candle,936.62,572.84,2014,24,1.356,SKU-CAN00797,Gaming Hardware,Edge,Black,SUP020,Malaysia,2014-08-12,GST_STANDARD,Box,True,True,"gaming hardware designed for game streaming and media capture, in the edge family and supplied by candle with a 24-month warranty."
PRD0798,Vela Nova 897,Wearable,Vela,418.33,259.6,2013,12,0.106,SKU-VEL00798,Health Wearable,Echo,White,SUP021,Australia,2013-12-13,GST_STANDARD,Box,True,True,"health wearable designed for habit reminders and everyday timekeeping, in the echo family and supplied by vela with a 12-month warranty."
PRD0799,Candle Shift 898,Networking,Candle,114.07,77.88,2013,24,0.574,SKU-CAN00799,Connected Network,Flux,Green,SUP022,Malaysia,2013-01-24,GST_STANDARD,Protective case,True,True,"connected network designed for extending coverage between rooms, in the flux family and supplied by candle with a 24-month warranty."
PRD0800,Vela Atlas 899,Accessory,Vela,168.54,114.15,2016,12,0.181,SKU-VEL00800,Mobile Accessory,Halo,Blue,SUP023,Vietnam,2016-09-14,GST_STANDARD,Protective case,True,True,"mobile accessory designed for hands-free device support in a shared workspace, in the halo family and supplied by vela with a 12-month warranty."
PRD0801,Candle Flux 900,Laptop,Candle,1592.9,1095.01,2014,24,1.614,SKU-CAN00801,Ultrabook,Lumen,White,SUP024,Vietnam,2014-09-24,GST_STANDARD,Protective case,True,True,"ultrabook designed for portable document work and video meetings, in the lumen family and supplied by candle with a 24-month warranty."
PRD0802,Vela Pulse 901,Smartphone,Vela,715.6,452.0,2015,24,0.221,SKU-VEL00802,5G Smartphone,Nova,Silver,SUP025,Vietnam,2015-11-10,GST_STANDARD,Protective case,False,True,"5g smartphone designed for daily communication and navigation, in the nova family and supplied by vela with a 24-month warranty."
PRD0803,Candle Vista 902,Tablet,Candle,671.68,469.43,2013,24,0.569,SKU-CAN00803,Productivity Tablet,Orbit,Graphite,SUP026,Australia,2013-11-25,GST_STANDARD,Protective case,True,True,"productivity tablet designed for reading, annotation and handwritten notes, in the orbit family and supplied by candle with a 24-month warranty."
PRD0804,Vela Core 903,Home Entertainment,Vela,3159.06,1838.63,2012,24,7.337,SKU-VEL00804,Smart Display,Pulse,Graphite,SUP027,Vietnam,2012-04-25,GST_STANDARD,Protective case,False,True,"smart display designed for shared film and television viewing, in the pulse family and supplied by vela with a 24-month warranty."
PRD0805,Candle Lumen 904,Audio,Candle,1065.34,806.7,2012,12,0.411,SKU-CAN00805,Wireless Audio,Quest,Red,SUP028,Malaysia,2012-07-13,GST_STANDARD,Protective case,True,True,"wireless audio designed for commuting and spoken-content listening, in the quest family and supplied by candle with a 12-month warranty."
PRD0806,Vela Ridge 905,Smart Home,Vela,499.24,261.36,2013,12,0.369,SKU-VEL00806,Home Automation,Ridge,White,SUP029,Australia,2013-11-21,GST_STANDARD,Box,True,True,"home automation designed for app-controlled room lighting, in the ridge family and supplied by vela with a 12-month warranty."
PRD0807,Candle Arc 906,Gaming,Candle,123.14,81.62,2013,24,1.614,SKU-CAN00807,Gaming Hardware,Shift,Blue,SUP030,China,2013-11-14,GST_STANDARD,Box,False,True,"gaming hardware designed for long desktop gaming sessions, in the shift family and supplied by candle with a 24-month warranty."
PRD0808,Vela Echo 907,Wearable,Vela,69.84,45.02,2015,12,0.136,SKU-VEL00808,Health Wearable,Spark,Graphite,SUP031,Japan,2015-10-13,GST_STANDARD,Protective case,True,True,"health wearable designed for daily activity and sleep tracking, in the spark family and supplied by vela with a 12-month warranty."
PRD0809,Candle Orbit 908,Networking,Candle,1365.76,708.08,2016,24,0.619,SKU-CAN00809,Connected Network,Vista,Blue,SUP032,China,2016-07-17,GST_STANDARD,Box,True,True,"connected network designed for home-office wireless coverage, in the vista family and supplied by candle with a 24-month warranty."
PRD0810,Vela Spark 909,Accessory,Vela,393.15,269.22,2013,12,0.148,SKU-VEL00810,Mobile Accessory,Wave,Red,SUP033,Japan,2013-09-26,GST_STANDARD,Box,True,True,"mobile accessory designed for adjustable desk mounting and device positioning, in the wave family and supplied by vela with a 12-month warranty."
PRD0811,Candle Bloom 910,Laptop,Candle,3124.99,2191.17,2012,24,1.928,SKU-CAN00811,Ultrabook,Arc,Silver,SUP034,Japan,2012-09-07,GST_STANDARD,Recycled box,True,True,"ultrabook designed for study, research and note taking, in the arc family and supplied by candle with a 24-month warranty."
PRD0812,Vela Halo 911,Smartphone,Vela,1404.46,931.66,2014,24,0.224,SKU-VEL00812,5G Smartphone,Atlas,Gold,SUP035,Malaysia,2014-11-23,GST_STANDARD,Recycled box,True,True,"5g smartphone designed for mobile photography and messaging, in the atlas family and supplied by vela with a 24-month warranty."
PRD0813,Candle Quest 912,Tablet,Candle,1117.42,713.34,2012,24,0.808,SKU-CAN00813,Productivity Tablet,Bloom,Black,SUP036,Korea,2012-11-04,GST_STANDARD,Box,True,True,"productivity tablet designed for portable media and video calls, in the bloom family and supplied by candle with a 24-month warranty."
PRD0814,Vela Wave 913,Home Entertainment,Vela,849.01,420.43,2012,24,6.74,SKU-VEL00814,Smart Display,Core,Gold,SUP037,China,2012-11-26,GST_STANDARD,Recycled box,True,True,"smart display designed for music and spoken-content playback, in the core family and supplied by vela with a 24-month warranty."
PRD0815,Candle Edge 914,Audio,Candle,962.19,628.6,2012,12,0.488,SKU-CAN00815,Wireless Audio,Edge,Green,SUP001,Australia,2012-12-04,GST_STANDARD,Protective case,True,True,"wireless audio designed for music during focused desk work, in the edge family and supplied by candle with a 12-month warranty."
PRD0816,Vela Nova 915,Smart Home,Vela,377.97,250.38,2013,12,0.42,SKU-VEL00816,Home Automation,Echo,White,SUP002,China,2013-02-14,GST_STANDARD,Box,True,False,"home automation designed for scheduled control of a household power outlet, in the echo family and supplied by vela with a 12-month warranty."
PRD0817,Candle Shift 916,Gaming,Candle,1184.03,632.25,2012,24,1.524,SKU-CAN00817,Gaming Hardware,Flux,Graphite,SUP003,Japan,2012-06-15,GST_STANDARD,Recycled box,True,True,"gaming hardware designed for casual games in a shared room, in the flux family and supplied by candle with a 24-month warranty."
PRD0818,Vela Atlas 917,Wearable,Vela,690.8,518.23,2016,12,0.118,SKU-VEL00818,Health Wearable,Halo,White,SUP004,Korea,2016-09-24,GST_STANDARD,Protective case,True,False,"health wearable designed for walking and commute notifications, in the halo family and supplied by vela with a 12-month warranty."
PRD0819,Candle Flux 918,Networking,Candle,269.55,197.88,2012,24,0.504,SKU-CAN00819,Connected Network,Lumen,White,SUP005,Malaysia,2012-12-09,GST_STANDARD,Recycled box,True,True,"connected network designed for connecting several shared household devices, in the lumen family and supplied by candle with a 24-month warranty."
PRD0820,Vela Pulse 919,Accessory,Vela,31.29,20.76,2014,12,0.236,SKU-VEL00820,Mobile Accessory,Nova,Gold,SUP006,Malaysia,2014-10-13,GST_STANDARD,Protective case,False,True,"mobile accessory designed for protective storage during travel, in the nova family and supplied by vela with a 12-month warranty."
PRD0821,Candle Vista 920,Laptop,Candle,979.52,502.07,2012,24,1.336,SKU-CAN00821,Ultrabook,Orbit,White,SUP007,Japan,2012-03-03,GST_STANDARD,Protective case,True,True,"ultrabook designed for creative projects and media editing, in the orbit family and supplied by candle with a 24-month warranty."
PRD0822,Vela Core 921,Smartphone,Vela,1288.35,892.92,2014,24,0.292,SKU-VEL00822,5G Smartphone,Pulse,Green,SUP008,Malaysia,2014-09-09,GST_STANDARD,Box,True,True,"5g smartphone designed for work calls and calendar management, in the pulse family and supplied by vela with a 24-month warranty."
PRD0823,Candle Lumen 922,Tablet,Candle,739.71,432.09,2016,24,0.583,SKU-CAN00823,Productivity Tablet,Quest,Green,SUP009,Vietnam,2016-12-09,GST_STANDARD,Box,True,True,"productivity tablet designed for field forms and client presentations, in the quest family and supplied by candle with a 24-month warranty."
PRD0824,Vela Ridge 923,Home Entertainment,Vela,1647.74,822.12,2017,24,8.802,SKU-VEL00824,Smart Display,Ridge,Silver,SUP010,Vietnam,2017-09-19,GST_STANDARD,Box,True,True,"smart display designed for family media streaming, in the ridge family and supplied by vela with a 24-month warranty."
PRD0825,Candle Arc 924,Audio,Candle,841.2,422.02,2014,12,0.623,SKU-CAN00825,Wireless Audio,Shift,Gold,SUP011,Australia,2014-12-10,GST_STANDARD,Recycled box,False,True,"wireless audio designed for video calls and online classes, in the shift family and supplied by candle with a 12-month warranty."
PRD0826,Vela Echo 925,Smart Home,Vela,89.12,48.43,2016,12,0.305,SKU-VEL00826,Home Automation,Spark,Graphite,SUP012,Korea,2016-12-22,GST_STANDARD,Recycled box,True,True,"home automation designed for indoor temperature and humidity monitoring, in the spark family and supplied by vela with a 12-month warranty."
PRD0827,Candle Orbit 926,Gaming,Candle,1653.52,1232.54,2014,24,1.468,SKU-CAN00827,Gaming Hardware,Vista,Silver,SUP013,Korea,2014-08-18,GST_STANDARD,Protective case,True,True,"gaming hardware designed for competitive play and voice communication, in the vista family and supplied by candle with a 24-month warranty."
PRD0828,Vela Spark 927,Wearable,Vela,146.02,70.19,2015,12,0.104,SKU-VEL00828,Health Wearable,Wave,Green,SUP014,Australia,2015-12-10,GST_STANDARD,Protective case,False,True,"health wearable designed for exercise session summaries, in the wave family and supplied by vela with a 12-month warranty."
PRD0829,Candle Bloom 928,Networking,Candle,328.42,165.05,2013,24,0.587,SKU-CAN00829,Connected Network,Arc,Black,SUP015,Australia,2013-02-01,GST_STANDARD,Recycled box,False,True,"connected network designed for video meetings and media streaming, in the arc family and supplied by candle with a 24-month warranty."
PRD0830,Vela Halo 929,Accessory,Vela,146.02,75.37,2016,12,0.166,SKU-VEL00830,Mobile Accessory,Atlas,Black,SUP016,Malaysia,2016-06-21,GST_STANDARD,Box,True,True,"mobile accessory designed for charging-cable organisation, in the atlas family and supplied by vela with a 12-month warranty."
PRD0831,Candle Quest 930,Laptop,Candle,1878.68,927.42,2012,24,1.376,SKU-CAN00831,Ultrabook,Bloom,Gold,SUP017,China,2012-04-08,GST_STANDARD,Protective case,True,True,"ultrabook designed for shared home-office administration, in the bloom family and supplied by candle with a 24-month warranty."
PRD0832,Vela Wave 931,Smartphone,Vela,1613.0,1029.51,2016,24,0.185,SKU-VEL00832,5G Smartphone,Core,Red,SUP018,Malaysia,2016-01-06,GST_STANDARD,Protective case,True,False,"5g smartphone designed for travel planning and media use, in the core family and supplied by vela with a 24-month warranty."
PRD0833,Candle Edge 932,Tablet,Candle,1417.93,828.11,2016,24,0.544,SKU-CAN00833,Productivity Tablet,Edge,Graphite,SUP019,Vietnam,2016-08-06,GST_STANDARD,Box,True,True,"productivity tablet designed for family learning and shared browsing, in the edge family and supplied by candle with a 24-month warranty."
PRD0834,Vela Nova 933,Home Entertainment,Vela,2762.83,1799.73,2014,24,5.86,SKU-VEL00834,Smart Display,Echo,Graphite,SUP020,China,2014-08-09,GST_STANDARD,Box,True,True,"smart display designed for casual living-room gaming, in the echo family and supplied by vela with a 24-month warranty."
PRD0835,Candle Shift 934,Audio,Candle,240.61,120.77,2015,12,0.555,SKU-CAN00835,Wireless Audio,Flux,Graphite,SUP021,Vietnam,2015-02-15,GST_STANDARD,Box,False,True,"wireless audio designed for shared-room music playback, in the flux family and supplied by candle with a 12-month warranty."
PRD0836,Vela Atlas 935,Smart Home,Vela,610.89,432.54,2013,12,0.48,SKU-VEL00836,Home Automation,Halo,Blue,SUP022,Japan,2013-01-05,GST_STANDARD,Box,True,True,"home automation designed for door and window activity alerts, in the halo family and supplied by vela with a 12-month warranty."
PRD0837,Candle Flux 936,Gaming,Candle,470.72,253.63,2015,24,0.948,SKU-CAN00837,Gaming Hardware,Lumen,Blue,SUP023,Korea,2015-01-22,GST_STANDARD,Protective case,True,True,"gaming hardware designed for portable gaming and travel, in the lumen family and supplied by candle with a 24-month warranty."
PRD0838,Vela Pulse 937,Wearable,Vela,955.16,688.08,2015,12,0.109,SKU-VEL00838,Health Wearable,Nova,Graphite,SUP024,Japan,2015-07-19,GST_STANDARD,Box,True,True,"health wearable designed for calendar alerts and quick message checks, in the nova family and supplied by vela with a 12-month warranty."
PRD0839,Candle Vista 938,Networking,Candle,1337.75,734.82,2012,24,0.932,SKU-CAN00839,Connected Network,Orbit,Graphite,SUP025,China,2012-06-21,GST_STANDARD,Protective case,True,True,"connected network designed for guest-network and device management, in the orbit family and supplied by candle with a 24-month warranty."
PRD0840,Vela Core 939,Accessory,Vela,102.1,52.07,2013,12,0.134,SKU-VEL00840,Mobile Accessory,Pulse,White,SUP026,Vietnam,2013-09-11,GST_STANDARD,Box,False,True,"mobile accessory designed for connecting several devices through one compact adapter, in the pulse family and supplied by vela with a 12-month warranty."
PRD0841,Candle Lumen 940,Laptop,Candle,1110.67,817.34,2016,24,1.095,SKU-CAN00841,Ultrabook,Quest,Green,SUP027,Japan,2016-09-27,GST_STANDARD,Box,False,True,"ultrabook designed for travel-based work and presentations, in the quest family and supplied by candle with a 24-month warranty."
PRD0842,Vela Ridge 941,Smartphone,Vela,1294.03,781.87,2017,24,0.251,SKU-VEL00842,5G Smartphone,Ridge,Gold,SUP028,Korea,2017-12-04,GST_STANDARD,Box,True,True,"5g smartphone designed for family communication and casual apps, in the ridge family and supplied by vela with a 24-month warranty."
PRD0843,Candle Arc 942,Tablet,Candle,1524.85,846.24,2015,24,0.77,SKU-CAN00843,Productivity Tablet,Shift,Red,SUP029,Malaysia,2015-11-22,GST_STANDARD,Protective case,True,True,"productivity tablet designed for drawing and lightweight creative work, in the shift family and supplied by candle with a 24-month warranty."
PRD0844,Vela Echo 943,Home Entertainment,Vela,3853.97,2440.49,2014,24,7.735,SKU-VEL00844,Smart Display,Spark,Graphite,SUP030,China,2014-11-13,GST_STANDARD,Protective case,False,True,"smart display designed for presentations and photo viewing, in the spark family and supplied by vela with a 24-month warranty."
PRD0845,Candle Orbit 944,Audio,Candle,45.19,33.91,2015,12,0.609,SKU-CAN00845,Wireless Audio,Vista,Red,SUP031,Japan,2015-10-03,GST_STANDARD,Recycled box,True,True,"wireless audio designed for long listening sessions at home, in the vista family and supplied by candle with a 12-month warranty."
PRD0846,Vela Spark 945,Smart Home,Vela,417.95,226.89,2016,12,0.317,SKU-VEL00846,Home Automation,Wave,Green,SUP032,Japan,2016-02-27,GST_STANDARD,Recycled box,True,True,"home automation designed for automated blind and curtain routines, in the wave family and supplied by vela with a 12-month warranty."
PRD0847,Candle Bloom 946,Gaming,Candle,1756.67,1186.6,2012,24,0.99,SKU-CAN00847,Gaming Hardware,Arc,Red,SUP033,Japan,2012-05-27,GST_STANDARD,Recycled box,False,True,"gaming hardware designed for game streaming and media capture, in the arc family and supplied by candle with a 24-month warranty."
PRD0848,Vela Halo 947,Wearable,Vela,870.59,615.92,2014,12,0.13,SKU-VEL00848,Health Wearable,Atlas,White,SUP034,Japan,2014-07-16,GST_STANDARD,Box,False,True,"health wearable designed for habit reminders and everyday timekeeping, in the atlas family and supplied by vela with a 12-month warranty."
PRD0849,Candle Quest 948,Networking,Candle,115.9,59.07,2012,24,0.654,SKU-CAN00849,Connected Network,Bloom,Silver,SUP035,Malaysia,2012-12-18,GST_STANDARD,Recycled box,False,True,"connected network designed for extending coverage between rooms, in the bloom family and supplied by candle with a 24-month warranty."
PRD0850,Vela Wave 949,Accessory,Vela,37.87,26.72,2014,12,0.158,SKU-VEL00850,Mobile Accessory,Core,Graphite,SUP036,Japan,2014-12-10,GST_STANDARD,Box,True,True,"mobile accessory designed for hands-free device support in a shared workspace, in the core family and supplied by vela with a 12-month warranty."
PRD0851,Candle Edge 950,Laptop,Candle,2627.27,1981.98,2015,24,1.14,SKU-CAN00851,Ultrabook,Edge,Red,SUP037,China,2015-10-06,GST_STANDARD,Protective case,False,True,"ultrabook designed for portable document work and video meetings, in the edge family and supplied by candle with a 24-month warranty."
PRD0852,Vela Nova 951,Smartphone,Vela,1779.82,1003.26,2012,24,0.205,SKU-VEL00852,5G Smartphone,Echo,White,SUP001,China,2012-07-04,GST_STANDARD,Recycled box,True,True,"5g smartphone designed for daily communication and navigation, in the echo family and supplied by vela with a 24-month warranty."
PRD0853,Candle Shift 952,Tablet,Candle,1167.89,699.04,2016,24,0.831,SKU-CAN00853,Productivity Tablet,Flux,Green,SUP002,China,2016-06-18,GST_STANDARD,Box,False,True,"productivity tablet designed for reading, annotation and handwritten notes, in the flux family and supplied by candle with a 24-month warranty."
PRD0854,Vela Atlas 953,Home Entertainment,Vela,651.27,490.47,2014,24,6.298,SKU-VEL00854,Smart Display,Halo,Green,SUP003,China,2014-12-21,GST_STANDARD,Protective case,False,True,"smart display designed for shared film and television viewing, in the halo family and supplied by vela with a 24-month warranty."
PRD0855,Candle Flux 954,Audio,Candle,204.55,145.54,2016,12,0.495,SKU-CAN00855,Wireless Audio,Lumen,Black,SUP004,China,2016-08-08,GST_STANDARD,Recycled box,True,True,"wireless audio designed for commuting and spoken-content listening, in the lumen family and supplied by candle with a 12-month warranty."
PRD0856,Vela Pulse 955,Smart Home,Vela,429.74,312.36,2017,12,0.478,SKU-VEL00856,Home Automation,Nova,Gold,SUP005,Australia,2017-01-03,GST_STANDARD,Protective case,False,True,"home automation designed for app-controlled room lighting, in the nova family and supplied by vela with a 12-month warranty."
PRD0857,Candle Vista 956,Gaming,Candle,1044.86,630.37,2014,24,1.404,SKU-CAN00857,Gaming Hardware,Orbit,Gold,SUP006,Vietnam,2014-01-15,GST_STANDARD,Box,True,True,"gaming hardware designed for long desktop gaming sessions, in the orbit family and supplied by candle with a 24-month warranty."
PRD0858,Vela Core 957,Wearable,Vela,363.41,256.15,2017,12,0.12,SKU-VEL00858,Health Wearable,Pulse,Blue,SUP007,Malaysia,2017-12-10,GST_STANDARD,Protective case,True,True,"health wearable designed for daily activity and sleep tracking, in the pulse family and supplied by vela with a 12-month warranty."
PRD0859,Candle Lumen 958,Networking,Candle,664.51,479.14,2016,24,0.693,SKU-CAN00859,Connected Network,Quest,Silver,SUP008,Vietnam,2016-06-27,GST_STANDARD,Box,True,True,"connected network designed for home-office wireless coverage, in the quest family and supplied by candle with a 24-month warranty."
PRD0860,Vela Ridge 959,Accessory,Vela,397.97,206.97,2012,12,0.177,SKU-VEL00860,Mobile Accessory,Ridge,Graphite,SUP009,China,2012-05-01,GST_STANDARD,Protective case,False,True,"mobile accessory designed for adjustable desk mounting and device positioning, in the ridge family and supplied by vela with a 12-month warranty."
PRD0861,Candle Arc 960,Laptop,Candle,3121.0,2028.95,2013,24,1.667,SKU-CAN00861,Ultrabook,Shift,Silver,SUP010,Vietnam,2013-04-22,GST_STANDARD,Protective case,True,True,"ultrabook designed for study, research and note taking, in the shift family and supplied by candle with a 24-month warranty."
PRD0862,Vela Echo 961,Smartphone,Vela,612.88,440.29,2014,24,0.277,SKU-VEL00862,5G Smartphone,Spark,Black,SUP011,China,2014-10-16,GST_STANDARD,Protective case,True,True,"5g smartphone designed for mobile photography and messaging, in the spark family and supplied by vela with a 24-month warranty."
PRD0863,Candle Orbit 962,Tablet,Candle,1472.8,1045.41,2014,24,0.457,SKU-CAN00863,Productivity Tablet,Vista,Black,SUP012,Australia,2014-10-15,GST_STANDARD,Protective case,True,True,"productivity tablet designed for portable media and video calls, in the vista family and supplied by candle with a 24-month warranty."
PRD0864,Vela Spark 963,Home Entertainment,Vela,631.67,356.16,2017,24,7.012,SKU-VEL00864,Smart Display,Wave,Silver,SUP013,Japan,2017-06-17,GST_STANDARD,Box,True,False,"smart display designed for music and spoken-content playback, in the wave family and supplied by vela with a 24-month warranty."
PRD0865,Candle Bloom 964,Audio,Candle,1074.97,656.92,2014,12,0.621,SKU-CAN00865,Wireless Audio,Arc,White,SUP014,Vietnam,2014-12-21,GST_STANDARD,Box,True,True,"wireless audio designed for music during focused desk work, in the arc family and supplied by candle with a 12-month warranty."
PRD0866,Vela Halo 965,Smart Home,Vela,369.1,236.01,2017,12,0.347,SKU-VEL00866,Home Automation,Atlas,Graphite,SUP015,China,2017-01-19,GST_STANDARD,Box,True,True,"home automation designed for scheduled control of a household power outlet, in the atlas family and supplied by vela with a 12-month warranty."
PRD0867,Candle Quest 966,Gaming,Candle,822.76,488.9,2014,24,1.021,SKU-CAN00867,Gaming Hardware,Bloom,Gold,SUP016,China,2014-06-04,GST_STANDARD,Recycled box,True,True,"gaming hardware designed for casual games in a shared room, in the bloom family and supplied by candle with a 24-month warranty."
PRD0868,Vela Wave 967,Wearable,Vela,594.16,391.18,2012,12,0.16,SKU-VEL00868,Health Wearable,Core,Red,SUP017,Japan,2012-12-12,GST_STANDARD,Recycled box,True,True,"health wearable designed for walking and commute notifications, in the core family and supplied by vela with a 12-month warranty."
PRD0869,Candle Edge 968,Networking,Candle,131.2,90.17,2015,24,0.809,SKU-CAN00869,Connected Network,Edge,Blue,SUP018,China,2015-07-03,GST_STANDARD,Protective case,True,True,"connected network designed for connecting several shared household devices, in the edge family and supplied by candle with a 24-month warranty."
PRD0870,Vela Nova 969,Accessory,Vela,360.59,265.61,2017,12,0.229,SKU-VEL00870,Mobile Accessory,Echo,Red,SUP019,Australia,2017-03-13,GST_STANDARD,Box,True,True,"mobile accessory designed for protective storage during travel, in the echo family and supplied by vela with a 12-month warranty."
PRD0871,Candle Shift 970,Laptop,Candle,3071.93,1717.7,2012,24,1.657,SKU-CAN00871,Ultrabook,Flux,Green,SUP020,Australia,2012-01-07,GST_STANDARD,Recycled box,False,True,"ultrabook designed for creative projects and media editing, in the flux family and supplied by candle with a 24-month warranty."
PRD0872,Vela Atlas 971,Smartphone,Vela,588.52,290.51,2016,24,0.189,SKU-VEL00872,5G Smartphone,Halo,Red,SUP021,Korea,2016-02-26,GST_STANDARD,Recycled box,False,True,"5g smartphone designed for work calls and calendar management, in the halo family and supplied by vela with a 24-month warranty."
PRD0873,Candle Flux 972,Tablet,Candle,1172.09,584.85,2015,24,0.459,SKU-CAN00873,Productivity Tablet,Lumen,Silver,SUP022,Malaysia,2015-09-23,GST_STANDARD,Recycled box,True,True,"productivity tablet designed for field forms and client presentations, in the lumen family and supplied by candle with a 24-month warranty."
PRD0874,Vela Pulse 973,Home Entertainment,Vela,3409.41,1804.78,2016,24,5.398,SKU-VEL00874,Smart Display,Nova,Blue,SUP023,China,2016-12-17,GST_STANDARD,Recycled box,True,True,"smart display designed for family media streaming, in the nova family and supplied by vela with a 24-month warranty."
PRD0875,Candle Vista 974,Audio,Candle,73.21,39.0,2015,12,0.492,SKU-CAN00875,Wireless Audio,Orbit,White,SUP024,Japan,2015-02-05,GST_STANDARD,Recycled box,False,False,"wireless audio designed for video calls and online classes, in the orbit family and supplied by candle with a 12-month warranty."
PRD0876,Vela Core 975,Smart Home,Vela,146.18,74.62,2014,12,0.406,SKU-VEL00876,Home Automation,Pulse,Green,SUP025,Vietnam,2014-01-21,GST_STANDARD,Box,True,True,"home automation designed for indoor temperature and humidity monitoring, in the pulse family and supplied by vela with a 12-month warranty."
PRD0877,Candle Lumen 976,Gaming,Candle,1849.07,1142.09,2014,24,0.903,SKU-CAN00877,Gaming Hardware,Quest,Graphite,SUP026,China,2014-01-20,GST_STANDARD,Box,True,True,"gaming hardware designed for competitive play and voice communication, in the quest family and supplied by candle with a 24-month warranty."
PRD0878,Vela Ridge 977,Wearable,Vela,689.64,457.65,2014,12,0.157,SKU-VEL00878,Health Wearable,Ridge,Graphite,SUP027,Vietnam,2014-02-22,GST_STANDARD,Protective case,True,True,"health wearable designed for exercise session summaries, in the ridge family and supplied by vela with a 12-month warranty."
PRD0879,Candle Arc 978,Networking,Candle,1459.82,1064.41,2017,24,0.732,SKU-CAN00879,Connected Network,Shift,Graphite,SUP028,Japan,2017-02-26,GST_STANDARD,Recycled box,True,True,"connected network designed for video meetings and media streaming, in the shift family and supplied by candle with a 24-month warranty."
PRD0880,Vela Echo 979,Accessory,Vela,132.59,77.81,2015,12,0.212,SKU-VEL00880,Mobile Accessory,Spark,Green,SUP029,China,2015-04-18,GST_STANDARD,Protective case,False,True,"mobile accessory designed for charging-cable organisation, in the spark family and supplied by vela with a 12-month warranty."
PRD0881,Candle Orbit 980,Laptop,Candle,1385.81,880.23,2013,24,1.728,SKU-CAN00881,Ultrabook,Vista,Red,SUP030,Japan,2013-06-25,GST_STANDARD,Recycled box,False,True,"ultrabook designed for shared home-office administration, in the vista family and supplied by candle with a 24-month warranty."
PRD0882,Vela Spark 981,Smartphone,Vela,989.33,587.99,2012,24,0.188,SKU-VEL00882,5G Smartphone,Wave,Silver,SUP031,Malaysia,2012-04-11,GST_STANDARD,Protective case,True,True,"5g smartphone designed for travel planning and media use, in the wave family and supplied by vela with a 24-month warranty."
PRD0883,Candle Bloom 982,Tablet,Candle,1201.31,820.59,2014,24,0.801,SKU-CAN00883,Productivity Tablet,Arc,Green,SUP032,China,2014-07-06,GST_STANDARD,Box,False,True,"productivity tablet designed for family learning and shared browsing, in the arc family and supplied by candle with a 24-month warranty."
PRD0884,Vela Halo 983,Home Entertainment,Vela,2408.23,1193.97,2015,24,8.526,SKU-VEL00884,Smart Display,Atlas,Blue,SUP033,Vietnam,2015-04-26,GST_STANDARD,Recycled box,True,True,"smart display designed for casual living-room gaming, in the atlas family and supplied by vela with a 24-month warranty."
PRD0885,Candle Quest 984,Audio,Candle,689.39,490.82,2014,12,0.656,SKU-CAN00885,Wireless Audio,Bloom,Graphite,SUP034,Malaysia,2014-12-14,GST_STANDARD,Box,False,True,"wireless audio designed for shared-room music playback, in the bloom family and supplied by candle with a 12-month warranty."
PRD0886,Vela Wave 985,Smart Home,Vela,389.53,243.59,2017,12,0.321,SKU-VEL00886,Home Automation,Core,Gold,SUP035,Japan,2017-05-05,GST_STANDARD,Box,True,True,"home automation designed for door and window activity alerts, in the core family and supplied by vela with a 12-month warranty."
PRD0887,Candle Edge 986,Gaming,Candle,569.07,345.27,2012,24,1.182,SKU-CAN00887,Gaming Hardware,Edge,White,SUP036,China,2012-11-17,GST_STANDARD,Protective case,True,True,"gaming hardware designed for portable gaming and travel, in the edge family and supplied by candle with a 24-month warranty."
PRD0888,Vela Nova 987,Wearable,Vela,734.2,399.72,2016,12,0.139,SKU-VEL00888,Health Wearable,Echo,Silver,SUP037,Japan,2016-03-20,GST_STANDARD,Box,True,True,"health wearable designed for calendar alerts and quick message checks, in the echo family and supplied by vela with a 12-month warranty."
PRD0889,Candle Shift 988,Networking,Candle,518.76,302.1,2013,24,0.645,SKU-CAN00889,Connected Network,Flux,Gold,SUP001,Malaysia,2013-09-09,GST_STANDARD,Protective case,True,True,"connected network designed for guest-network and device management, in the flux family and supplied by candle with a 24-month warranty."
PRD0890,Vela Atlas 989,Accessory,Vela,176.95,101.84,2017,12,0.204,SKU-VEL00890,Mobile Accessory,Halo,Black,SUP002,Malaysia,2017-02-12,GST_STANDARD,Protective case,True,True,"mobile accessory designed for connecting several devices through one compact adapter, in the halo family and supplied by vela with a 12-month warranty."
PRD0891,Candle Flux 990,Laptop,Candle,2138.63,1617.5,2014,24,2.025,SKU-CAN00891,Ultrabook,Lumen,Green,SUP003,Australia,2014-08-26,GST_STANDARD,Box,False,True,"ultrabook designed for travel-based work and presentations, in the lumen family and supplied by candle with a 24-month warranty."
PRD0892,Vela Pulse 991,Smartphone,Vela,375.64,202.21,2013,24,0.256,SKU-VEL00892,5G Smartphone,Nova,Black,SUP004,Japan,2013-08-17,GST_STANDARD,Recycled box,True,True,"5g smartphone designed for family communication and casual apps, in the nova family and supplied by vela with a 24-month warranty."
PRD0893,Candle Vista 992,Tablet,Candle,1495.82,832.53,2012,24,0.776,SKU-CAN00893,Productivity Tablet,Orbit,Green,SUP005,China,2012-02-27,GST_STANDARD,Box,True,True,"productivity tablet designed for drawing and lightweight creative work, in the orbit family and supplied by candle with a 24-month warranty."
PRD0894,Vela Core 993,Home Entertainment,Vela,3415.6,1749.64,2013,24,6.847,SKU-VEL00894,Smart Display,Pulse,White,SUP006,Australia,2013-12-17,GST_STANDARD,Protective case,True,False,"smart display designed for presentations and photo viewing, in the pulse family and supplied by vela with a 24-month warranty."
PRD0895,Candle Lumen 994,Audio,Candle,567.08,396.11,2012,12,0.377,SKU-CAN00895,Wireless Audio,Quest,Graphite,SUP007,Japan,2012-04-01,GST_STANDARD,Recycled box,True,True,"wireless audio designed for long listening sessions at home, in the quest family and supplied by candle with a 12-month warranty."
PRD0896,Vela Ridge 995,Smart Home,Vela,507.02,244.93,2016,12,0.485,SKU-VEL00896,Home Automation,Ridge,Black,SUP008,Vietnam,2016-04-25,GST_STANDARD,Box,False,True,"home automation designed for automated blind and curtain routines, in the ridge family and supplied by vela with a 12-month warranty."
PRD0897,Candle Arc 996,Gaming,Candle,351.24,221.05,2012,24,1.569,SKU-CAN00897,Gaming Hardware,Shift,Blue,SUP009,Vietnam,2012-03-02,GST_STANDARD,Box,False,True,"gaming hardware designed for game streaming and media capture, in the shift family and supplied by candle with a 24-month warranty."
PRD0898,Vela Echo 997,Wearable,Vela,197.48,144.58,2015,12,0.093,SKU-VEL00898,Health Wearable,Spark,Graphite,SUP010,Vietnam,2015-08-13,GST_STANDARD,Recycled box,True,True,"health wearable designed for habit reminders and everyday timekeeping, in the spark family and supplied by vela with a 12-month warranty."
PRD0899,Candle Orbit 998,Networking,Candle,1072.73,728.39,2014,24,0.578,SKU-CAN00899,Connected Network,Vista,Blue,SUP011,China,2014-10-05,GST_STANDARD,Box,False,True,"connected network designed for extending coverage between rooms, in the vista family and supplied by candle with a 24-month warranty."
PRD0900,Vela Spark 999,Accessory,Vela,369.61,234.49,2017,12,0.156,SKU-VEL00900,Mobile Accessory,Wave,Silver,SUP012,Japan,2017-07-24,GST_STANDARD,Recycled box,False,True,"mobile accessory designed for hands-free device support in a shared workspace, in the wave family and supplied by vela with a 12-month warranty."
PRD0901,Candle Bloom 1000,Laptop,Candle,1749.28,992.09,2014,24,1.408,SKU-CAN00901,Ultrabook,Arc,Blue,SUP013,Malaysia,2014-04-11,GST_STANDARD,Box,True,True,"ultrabook designed for portable document work and video meetings, in the arc family and supplied by candle with a 24-month warranty."
PRD0902,Vela Halo 1001,Smartphone,Vela,565.32,393.87,2014,24,0.261,SKU-VEL00902,5G Smartphone,Atlas,White,SUP014,Australia,2014-06-01,GST_STANDARD,Recycled box,True,True,"5g smartphone designed for daily communication and navigation, in the atlas family and supplied by vela with a 24-month warranty."
PRD0903,Candle Quest 1002,Tablet,Candle,332.35,249.99,2017,24,0.827,SKU-CAN00903,Productivity Tablet,Bloom,Red,SUP015,China,2017-01-05,GST_STANDARD,Recycled box,True,True,"productivity tablet designed for reading, annotation and handwritten notes, in the bloom family and supplied by candle with a 24-month warranty."
PRD0904,Vela Wave 1003,Home Entertainment,Vela,2587.28,1866.34,2012,24,8.888,SKU-VEL00904,Smart Display,Core,Red,SUP016,Vietnam,2012-02-19,GST_STANDARD,Protective case,True,True,"smart display designed for shared film and television viewing, in the core family and supplied by vela with a 24-month warranty."
PRD0905,Candle Edge 1004,Audio,Candle,470.11,309.8,2015,12,0.435,SKU-CAN00905,Wireless Audio,Edge,Graphite,SUP017,China,2015-01-27,GST_STANDARD,Box,False,True,"wireless audio designed for commuting and spoken-content listening, in the edge family and supplied by candle with a 12-month warranty."
PRD0906,Vela Nova 1005,Smart Home,Vela,553.58,371.51,2016,12,0.301,SKU-VEL00906,Home Automation,Echo,Blue,SUP018,Malaysia,2016-03-16,GST_STANDARD,Recycled box,True,True,"home automation designed for app-controlled room lighting, in the echo family and supplied by vela with a 12-month warranty."
PRD0907,Candle Shift 1006,Gaming,Candle,2551.71,1639.54,2014,24,1.302,SKU-CAN00907,Gaming Hardware,Flux,Green,SUP019,Vietnam,2014-11-24,GST_STANDARD,Box,True,True,"gaming hardware designed for long desktop gaming sessions, in the flux family and supplied by candle with a 24-month warranty."
PRD0908,Vela Atlas 1007,Wearable,Vela,136.87,75.26,2015,12,0.087,SKU-VEL00908,Health Wearable,Halo,Gold,SUP020,Vietnam,2015-02-01,GST_STANDARD,Box,True,True,"health wearable designed for daily activity and sleep tracking, in the halo family and supplied by vela with a 12-month warranty."
PRD0909,Candle Flux 1008,Networking,Candle,346.13,194.08,2017,24,0.675,SKU-CAN00909,Connected Network,Lumen,Blue,SUP021,China,2017-02-15,GST_STANDARD,Recycled box,False,True,"connected network designed for home-office wireless coverage, in the lumen family and supplied by candle with a 24-month warranty."
PRD0910,Vela Pulse 1009,Accessory,Vela,28.09,17.71,2014,12,0.172,SKU-VEL00910,Mobile Accessory,Nova,Black,SUP022,Korea,2014-01-04,GST_STANDARD,Box,True,True,"mobile accessory designed for adjustable desk mounting and device positioning, in the nova family and supplied by vela with a 12-month warranty."
PRD0911,Candle Vista 1010,Laptop,Candle,1191.91,783.58,2014,24,1.802,SKU-CAN00911,Ultrabook,Orbit,Red,SUP023,Australia,2014-11-26,GST_STANDARD,Protective case,True,True,"ultrabook designed for study, research and note taking, in the orbit family and supplied by candle with a 24-month warranty."
PRD0912,Vela Core 1011,Smartphone,Vela,1391.06,816.69,2016,24,0.278,SKU-VEL00912,5G Smartphone,Pulse,Graphite,SUP024,Australia,2016-09-25,GST_STANDARD,Recycled box,True,False,"5g smartphone designed for mobile photography and messaging, in the pulse family and supplied by vela with a 24-month warranty."
PRD0913,Candle Lumen 1012,Tablet,Candle,878.51,640.17,2012,24,0.501,SKU-CAN00913,Productivity Tablet,Quest,Red,SUP025,China,2012-12-25,GST_STANDARD,Box,True,True,"productivity tablet designed for portable media and video calls, in the quest family and supplied by candle with a 24-month warranty."
PRD0914,Vela Ridge 1013,Home Entertainment,Vela,2743.18,1986.53,2012,24,5.76,SKU-VEL00914,Smart Display,Ridge,Black,SUP026,China,2012-04-01,GST_STANDARD,Protective case,True,True,"smart display designed for music and spoken-content playback, in the ridge family and supplied by vela with a 24-month warranty."
PRD0915,Candle Arc 1014,Audio,Candle,551.31,344.72,2014,12,0.55,SKU-CAN00915,Wireless Audio,Shift,White,SUP027,Vietnam,2014-06-08,GST_STANDARD,Box,True,True,"wireless audio designed for music during focused desk work, in the shift family and supplied by candle with a 12-month warranty."
PRD0916,Vela Echo 1015,Smart Home,Vela,784.31,455.74,2017,12,0.271,SKU-VEL00916,Home Automation,Spark,Gold,SUP028,China,2017-05-21,GST_STANDARD,Box,True,True,"home automation designed for scheduled control of a household power outlet, in the spark family and supplied by vela with a 12-month warranty."
PRD0917,Candle Orbit 1016,Gaming,Candle,1133.22,745.62,2014,24,1.244,SKU-CAN00917,Gaming Hardware,Vista,Gold,SUP029,Japan,2014-12-14,GST_STANDARD,Recycled box,True,True,"gaming hardware designed for casual games in a shared room, in the vista family and supplied by candle with a 24-month warranty."
PRD0918,Vela Spark 1017,Wearable,Vela,911.04,470.06,2013,12,0.119,SKU-VEL00918,Health Wearable,Wave,Black,SUP030,Korea,2013-11-02,GST_STANDARD,Protective case,True,True,"health wearable designed for walking and commute notifications, in the wave family and supplied by vela with a 12-month warranty."
PRD0919,Candle Bloom 1018,Networking,Candle,192.13,133.59,2012,24,0.633,SKU-CAN00919,Connected Network,Arc,Green,SUP031,Korea,2012-06-06,GST_STANDARD,Box,True,True,"connected network designed for connecting several shared household devices, in the arc family and supplied by candle with a 24-month warranty."
PRD0920,Vela Halo 1019,Accessory,Vela,123.07,89.41,2016,12,0.235,SKU-VEL00920,Mobile Accessory,Atlas,Green,SUP032,Malaysia,2016-02-18,GST_STANDARD,Protective case,False,True,"mobile accessory designed for protective storage during travel, in the atlas family and supplied by vela with a 12-month warranty."
PRD0921,Candle Quest 1020,Laptop,Candle,3109.79,2084.12,2017,24,1.797,SKU-CAN00921,Ultrabook,Bloom,Black,SUP033,Japan,2017-05-17,GST_STANDARD,Protective case,False,True,"ultrabook designed for creative projects and media editing, in the bloom family and supplied by candle with a 24-month warranty."
PRD0922,Vela Wave 1021,Smartphone,Vela,693.11,507.88,2016,24,0.201,SKU-VEL00922,5G Smartphone,Core,Black,SUP034,Vietnam,2016-10-23,GST_STANDARD,Protective case,True,True,"5g smartphone designed for work calls and calendar management, in the core family and supplied by vela with a 24-month warranty."
PRD0923,Candle Edge 1022,Tablet,Candle,1561.37,926.34,2014,24,0.496,SKU-CAN00923,Productivity Tablet,Edge,Silver,SUP035,China,2014-01-25,GST_STANDARD,Box,True,True,"productivity tablet designed for field forms and client presentations, in the edge family and supplied by candle with a 24-month warranty."
PRD0924,Vela Nova 1023,Home Entertainment,Vela,508.67,318.17,2016,24,9.279,SKU-VEL00924,Smart Display,Echo,Silver,SUP036,Australia,2016-06-19,GST_STANDARD,Recycled box,True,True,"smart display designed for family media streaming, in the echo family and supplied by vela with a 24-month warranty."
PRD0925,Candle Shift 1024,Audio,Candle,56.69,38.83,2012,12,0.402,SKU-CAN00925,Wireless Audio,Flux,Gold,SUP037,Korea,2012-04-12,GST_STANDARD,Recycled box,True,True,"wireless audio designed for video calls and online classes, in the flux family and supplied by candle with a 12-month warranty."
PRD0926,Vela Atlas 1025,Smart Home,Vela,455.41,290.01,2013,12,0.28,SKU-VEL00926,Home Automation,Halo,Green,SUP001,China,2013-05-20,GST_STANDARD,Protective case,False,True,"home automation designed for indoor temperature and humidity monitoring, in the halo family and supplied by vela with a 12-month warranty."
PRD0927,Candle Flux 1026,Gaming,Candle,138.39,103.5,2014,24,1.542,SKU-CAN00927,Gaming Hardware,Lumen,White,SUP002,Korea,2014-03-18,GST_STANDARD,Box,True,True,"gaming hardware designed for competitive play and voice communication, in the lumen family and supplied by candle with a 24-month warranty."
PRD0928,Vela Pulse 1027,Wearable,Vela,834.91,425.59,2016,12,0.091,SKU-VEL00928,Health Wearable,Nova,Green,SUP003,Korea,2016-05-25,GST_STANDARD,Protective case,False,True,"health wearable designed for exercise session summaries, in the nova family and supplied by vela with a 12-month warranty."
PRD0929,Candle Vista 1028,Networking,Candle,131.55,78.69,2014,24,0.694,SKU-CAN00929,Connected Network,Orbit,Graphite,SUP004,China,2014-11-15,GST_STANDARD,Box,True,True,"connected network designed for video meetings and media streaming, in the orbit family and supplied by candle with a 24-month warranty."
PRD0930,Vela Core 1029,Accessory,Vela,298.86,175.32,2013,12,0.183,SKU-VEL00930,Mobile Accessory,Pulse,Black,SUP005,Australia,2013-04-18,GST_STANDARD,Recycled box,True,True,"mobile accessory designed for charging-cable organisation, in the pulse family and supplied by vela with a 12-month warranty."
PRD0931,Candle Lumen 1030,Laptop,Candle,1394.59,779.41,2017,24,1.876,SKU-CAN00931,Ultrabook,Quest,Gold,SUP006,Korea,2017-11-17,GST_STANDARD,Recycled box,True,True,"ultrabook designed for shared home-office administration, in the quest family and supplied by candle with a 24-month warranty."
PRD0932,Vela Ridge 1031,Smartphone,Vela,326.42,233.79,2016,24,0.214,SKU-VEL00932,5G Smartphone,Ridge,White,SUP007,China,2016-11-12,GST_STANDARD,Protective case,True,True,"5g smartphone designed for travel planning and media use, in the ridge family and supplied by vela with a 24-month warranty."
PRD0933,Candle Arc 1032,Tablet,Candle,1243.12,639.27,2012,24,0.609,SKU-CAN00933,Productivity Tablet,Shift,Gold,SUP008,Malaysia,2012-11-10,GST_STANDARD,Box,False,True,"productivity tablet designed for family learning and shared browsing, in the shift family and supplied by candle with a 24-month warranty."
PRD0934,Vela Echo 1033,Home Entertainment,Vela,524.96,346.52,2017,24,5.95,SKU-VEL00934,Smart Display,Spark,Black,SUP009,Vietnam,2017-01-03,GST_STANDARD,Box,True,True,"smart display designed for casual living-room gaming, in the spark family and supplied by vela with a 24-month warranty."
PRD0935,Candle Orbit 1034,Audio,Candle,617.88,417.54,2017,12,0.352,SKU-CAN00935,Wireless Audio,Vista,Blue,SUP010,Malaysia,2017-03-25,GST_STANDARD,Box,True,True,"wireless audio designed for shared-room music playback, in the vista family and supplied by candle with a 12-month warranty."
PRD0936,Vela Spark 1035,Smart Home,Vela,279.68,171.83,2013,12,0.396,SKU-VEL00936,Home Automation,Wave,Green,SUP011,Korea,2013-07-05,GST_STANDARD,Protective case,False,True,"home automation designed for door and window activity alerts, in the wave family and supplied by vela with a 12-month warranty."
PRD0937,Candle Bloom 1036,Gaming,Candle,435.56,215.36,2014,24,1.477,SKU-CAN00937,Gaming Hardware,Arc,Blue,SUP012,China,2014-09-17,GST_STANDARD,Recycled box,False,True,"gaming hardware designed for portable gaming and travel, in the arc family and supplied by candle with a 24-month warranty."
PRD0938,Vela Halo 1037,Wearable,Vela,103.84,68.95,2014,12,0.105,SKU-VEL00938,Health Wearable,Atlas,Gold,SUP013,Korea,2014-07-24,GST_STANDARD,Recycled box,False,True,"health wearable designed for calendar alerts and quick message checks, in the atlas family and supplied by vela with a 12-month warranty."
PRD0939,Candle Quest 1038,Networking,Candle,522.59,347.82,2013,24,0.54,SKU-CAN00939,Connected Network,Bloom,Red,SUP014,Japan,2013-06-17,GST_STANDARD,Protective case,True,True,"connected network designed for guest-network and device management, in the bloom family and supplied by candle with a 24-month warranty."
PRD0940,Vela Wave 1039,Accessory,Vela,227.03,111.3,2015,12,0.142,SKU-VEL00940,Mobile Accessory,Core,White,SUP015,Australia,2015-07-21,GST_STANDARD,Recycled box,True,True,"mobile accessory designed for connecting several devices through one compact adapter, in the core family and supplied by vela with a 12-month warranty."
PRD0941,Candle Edge 1040,Laptop,Candle,2159.7,1206.44,2013,24,1.428,SKU-CAN00941,Ultrabook,Edge,Black,SUP016,Japan,2013-04-14,GST_STANDARD,Recycled box,False,True,"ultrabook designed for travel-based work and presentations, in the edge family and supplied by candle with a 24-month warranty."
PRD0942,Vela Nova 1041,Smartphone,Vela,437.56,304.07,2013,24,0.255,SKU-VEL00942,5G Smartphone,Echo,Silver,SUP017,Australia,2013-02-05,GST_STANDARD,Box,True,True,"5g smartphone designed for family communication and casual apps, in the echo family and supplied by vela with a 24-month warranty."
PRD0943,Candle Shift 1042,Tablet,Candle,578.85,431.37,2013,24,0.59,SKU-CAN00943,Productivity Tablet,Flux,Blue,SUP018,Japan,2013-03-07,GST_STANDARD,Protective case,True,True,"productivity tablet designed for drawing and lightweight creative work, in the flux family and supplied by candle with a 24-month warranty."
PRD0944,Vela Atlas 1043,Home Entertainment,Vela,2088.32,1555.21,2014,24,9.23,SKU-VEL00944,Smart Display,Halo,White,SUP019,Korea,2014-07-23,GST_STANDARD,Box,True,True,"smart display designed for presentations and photo viewing, in the halo family and supplied by vela with a 24-month warranty."
PRD0945,Candle Flux 1044,Audio,Candle,693.93,350.33,2014,12,0.384,SKU-CAN00945,Wireless Audio,Lumen,Red,SUP020,Malaysia,2014-03-01,GST_STANDARD,Protective case,True,True,"wireless audio designed for long listening sessions at home, in the lumen family and supplied by candle with a 12-month warranty."
PRD0946,Vela Pulse 1045,Smart Home,Vela,810.85,534.31,2016,12,0.442,SKU-VEL00946,Home Automation,Nova,Silver,SUP021,Malaysia,2016-10-11,GST_STANDARD,Recycled box,False,False,"home automation designed for automated blind and curtain routines, in the nova family and supplied by vela with a 12-month warranty."
PRD0947,Candle Vista 1046,Gaming,Candle,934.61,655.44,2014,24,1.517,SKU-CAN00947,Gaming Hardware,Orbit,Red,SUP022,China,2014-06-07,GST_STANDARD,Protective case,True,True,"gaming hardware designed for game streaming and media capture, in the orbit family and supplied by candle with a 24-month warranty."
PRD0948,Vela Core 1047,Wearable,Vela,454.84,342.43,2013,12,0.155,SKU-VEL00948,Health Wearable,Pulse,Red,SUP023,Korea,2013-06-19,GST_STANDARD,Box,True,True,"health wearable designed for habit reminders and everyday timekeeping, in the pulse family and supplied by vela with a 12-month warranty."
PRD0949,Candle Lumen 1048,Networking,Candle,589.87,349.92,2012,24,0.9,SKU-CAN00949,Connected Network,Quest,White,SUP024,Vietnam,2012-01-12,GST_STANDARD,Protective case,True,True,"connected network designed for extending coverage between rooms, in the quest family and supplied by candle with a 24-month warranty."
PRD0950,Vela Ridge 1049,Accessory,Vela,238.05,176.21,2015,12,0.179,SKU-VEL00950,Mobile Accessory,Ridge,Red,SUP025,Japan,2015-06-03,GST_STANDARD,Box,True,True,"mobile accessory designed for hands-free device support in a shared workspace, in the ridge family and supplied by vela with a 12-month warranty."
PRD0951,Candle Arc 1050,Laptop,Candle,2559.57,1292.05,2017,24,1.953,SKU-CAN00951,Ultrabook,Shift,Red,SUP026,Malaysia,2017-01-04,GST_STANDARD,Recycled box,False,True,"ultrabook designed for portable document work and video meetings, in the shift family and supplied by candle with a 24-month warranty."
PRD0952,Vela Echo 1051,Smartphone,Vela,1636.67,1093.19,2017,24,0.244,SKU-VEL00952,5G Smartphone,Spark,Gold,SUP027,Vietnam,2017-09-06,GST_STANDARD,Recycled box,True,True,"5g smartphone designed for daily communication and navigation, in the spark family and supplied by vela with a 24-month warranty."
PRD0953,Candle Orbit 1052,Tablet,Candle,968.69,713.57,2016,24,0.552,SKU-CAN00953,Productivity Tablet,Vista,Gold,SUP028,China,2016-09-27,GST_STANDARD,Box,True,True,"productivity tablet designed for reading, annotation and handwritten notes, in the vista family and supplied by candle with a 24-month warranty."
PRD0954,Vela Spark 1053,Home Entertainment,Vela,551.46,334.88,2017,24,7.015,SKU-VEL00954,Smart Display,Wave,Red,SUP029,China,2017-08-18,GST_STANDARD,Protective case,True,True,"smart display designed for shared film and television viewing, in the wave family and supplied by vela with a 24-month warranty."
PRD0955,Candle Bloom 1054,Audio,Candle,502.79,265.96,2013,12,0.583,SKU-CAN00955,Wireless Audio,Arc,Red,SUP030,China,2013-08-17,GST_STANDARD,Box,False,True,"wireless audio designed for commuting and spoken-content listening, in the arc family and supplied by candle with a 12-month warranty."
PRD0956,Vela Halo 1055,Smart Home,Vela,726.92,538.76,2012,12,0.421,SKU-VEL00956,Home Automation,Atlas,Black,SUP031,Japan,2012-02-10,GST_STANDARD,Recycled box,False,True,"home automation designed for app-controlled room lighting, in the atlas family and supplied by vela with a 12-month warranty."
PRD0957,Candle Quest 1056,Gaming,Candle,1668.98,937.13,2017,24,1.243,SKU-CAN00957,Gaming Hardware,Bloom,Green,SUP032,Australia,2017-09-02,GST_STANDARD,Box,True,True,"gaming hardware designed for long desktop gaming sessions, in the bloom family and supplied by candle with a 24-month warranty."
PRD0958,Vela Wave 1057,Wearable,Vela,733.5,395.0,2012,12,0.107,SKU-VEL00958,Health Wearable,Core,Blue,SUP033,Australia,2012-02-16,GST_STANDARD,Protective case,True,True,"health wearable designed for daily activity and sleep tracking, in the core family and supplied by vela with a 12-month warranty."
PRD0959,Candle Edge 1058,Networking,Candle,182.03,135.88,2017,24,0.644,SKU-CAN00959,Connected Network,Edge,Green,SUP034,Japan,2017-07-10,GST_STANDARD,Protective case,False,True,"connected network designed for home-office wireless coverage, in the edge family and supplied by candle with a 24-month warranty."
PRD0960,Vela Nova 1059,Accessory,Vela,321.52,174.33,2014,12,0.214,SKU-VEL00960,Mobile Accessory,Echo,Black,SUP035,China,2014-04-17,GST_STANDARD,Protective case,False,True,"mobile accessory designed for adjustable desk mounting and device positioning, in the echo family and supplied by vela with a 12-month warranty."
PRD0961,Candle Shift 1060,Laptop,Candle,985.63,612.82,2012,24,1.654,SKU-CAN00961,Ultrabook,Flux,Gold,SUP036,Malaysia,2012-04-20,GST_STANDARD,Recycled box,False,True,"ultrabook designed for study, research and note taking, in the flux family and supplied by candle with a 24-month warranty."
PRD0962,Vela Atlas 1061,Smartphone,Vela,1137.0,696.96,2015,24,0.159,SKU-VEL00962,5G Smartphone,Halo,White,SUP037,Malaysia,2015-06-22,GST_STANDARD,Box,False,True,"5g smartphone designed for mobile photography and messaging, in the halo family and supplied by vela with a 24-month warranty."
PRD0963,Candle Flux 1062,Tablet,Candle,648.79,395.31,2013,24,0.643,SKU-CAN00963,Productivity Tablet,Lumen,Black,SUP001,Vietnam,2013-12-18,GST_STANDARD,Box,False,True,"productivity tablet designed for portable media and video calls, in the lumen family and supplied by candle with a 24-month warranty."
PRD0964,Vela Pulse 1063,Home Entertainment,Vela,887.89,638.72,2014,24,10.124,SKU-VEL00964,Smart Display,Nova,Gold,SUP002,Japan,2014-02-07,GST_STANDARD,Box,True,True,"smart display designed for music and spoken-content playback, in the nova family and supplied by vela with a 24-month warranty."
PRD0965,Candle Vista 1064,Audio,Candle,1000.42,560.33,2014,12,0.482,SKU-CAN00965,Wireless Audio,Orbit,Gold,SUP003,Vietnam,2014-03-18,GST_STANDARD,Recycled box,False,True,"wireless audio designed for music during focused desk work, in the orbit family and supplied by candle with a 12-month warranty."
PRD0966,Vela Core 1065,Smart Home,Vela,706.39,427.49,2013,12,0.347,SKU-VEL00966,Home Automation,Pulse,Green,SUP004,Korea,2013-02-27,GST_STANDARD,Box,True,True,"home automation designed for scheduled control of a household power outlet, in the pulse family and supplied by vela with a 12-month warranty."
PRD0967,Candle Lumen 1066,Gaming,Candle,2053.47,1075.44,2013,24,1.469,SKU-CAN00967,Gaming Hardware,Quest,Blue,SUP005,China,2013-10-16,GST_STANDARD,Box,False,True,"gaming hardware designed for casual games in a shared room, in the quest family and supplied by candle with a 24-month warranty."
PRD0968,Vela Ridge 1067,Wearable,Vela,861.46,462.98,2013,12,0.155,SKU-VEL00968,Health Wearable,Ridge,Red,SUP006,Japan,2013-08-24,GST_STANDARD,Protective case,True,True,"health wearable designed for walking and commute notifications, in the ridge family and supplied by vela with a 12-month warranty."
PRD0969,Candle Arc 1068,Networking,Candle,99.89,68.83,2016,24,0.825,SKU-CAN00969,Connected Network,Shift,Gold,SUP007,Korea,2016-08-25,GST_STANDARD,Box,False,True,"connected network designed for connecting several shared household devices, in the shift family and supplied by candle with a 24-month warranty."
PRD0970,Vela Echo 1069,Accessory,Vela,107.81,68.82,2017,12,0.136,SKU-VEL00970,Mobile Accessory,Spark,Red,SUP008,Korea,2017-07-12,GST_STANDARD,Box,True,True,"mobile accessory designed for protective storage during travel, in the spark family and supplied by vela with a 12-month warranty."
PRD0971,Candle Orbit 1070,Laptop,Candle,1694.61,1226.67,2017,24,1.245,SKU-CAN00971,Ultrabook,Vista,Blue,SUP009,Japan,2017-08-16,GST_STANDARD,Recycled box,True,True,"ultrabook designed for creative projects and media editing, in the vista family and supplied by candle with a 24-month warranty."
PRD0972,Vela Spark 1071,Smartphone,Vela,1027.59,523.47,2016,24,0.291,SKU-VEL00972,5G Smartphone,Wave,White,SUP010,Vietnam,2016-02-19,GST_STANDARD,Box,False,True,"5g smartphone designed for work calls and calendar management, in the wave family and supplied by vela with a 24-month warranty."
PRD0973,Candle Bloom 1072,Tablet,Candle,573.55,294.97,2015,24,0.564,SKU-CAN00973,Productivity Tablet,Arc,Blue,SUP011,China,2015-08-21,GST_STANDARD,Box,False,True,"productivity tablet designed for field forms and client presentations, in the arc family and supplied by candle with a 24-month warranty."
PRD0974,Vela Halo 1073,Home Entertainment,Vela,1232.06,840.29,2012,24,8.697,SKU-VEL00974,Smart Display,Atlas,Green,SUP012,Australia,2012-05-03,GST_STANDARD,Recycled box,True,True,"smart display designed for family media streaming, in the atlas family and supplied by vela with a 24-month warranty."
PRD0975,Candle Quest 1074,Audio,Candle,723.09,520.49,2013,12,0.439,SKU-CAN00975,Wireless Audio,Bloom,Gold,SUP013,China,2013-09-12,GST_STANDARD,Protective case,True,True,"wireless audio designed for video calls and online classes, in the bloom family and supplied by candle with a 12-month warranty."
PRD0976,Vela Wave 1075,Smart Home,Vela,714.76,494.28,2012,12,0.29,SKU-VEL00976,Home Automation,Core,Graphite,SUP014,China,2012-01-01,GST_STANDARD,Recycled box,False,True,"home automation designed for indoor temperature and humidity monitoring, in the core family and supplied by vela with a 12-month warranty."
PRD0977,Candle Edge 1076,Gaming,Candle,327.77,210.17,2017,24,1.636,SKU-CAN00977,Gaming Hardware,Edge,Blue,SUP015,Vietnam,2017-07-13,GST_STANDARD,Protective case,True,True,"gaming hardware designed for competitive play and voice communication, in the edge family and supplied by candle with a 24-month warranty."
PRD0978,Vela Nova 1077,Wearable,Vela,655.83,392.44,2017,12,0.158,SKU-VEL00978,Health Wearable,Echo,Silver,SUP016,China,2017-11-14,GST_STANDARD,Protective case,False,True,"health wearable designed for exercise session summaries, in the echo family and supplied by vela with a 12-month warranty."
PRD0979,Candle Shift 1078,Networking,Candle,1067.2,798.37,2015,24,0.854,SKU-CAN00979,Connected Network,Flux,Black,SUP017,Australia,2015-02-14,GST_STANDARD,Box,True,True,"connected network designed for video meetings and media streaming, in the flux family and supplied by candle with a 24-month warranty."
PRD0980,Vela Atlas 1079,Accessory,Vela,398.63,283.45,2013,12,0.134,SKU-VEL00980,Mobile Accessory,Halo,Gold,SUP018,Vietnam,2013-03-27,GST_STANDARD,Box,False,True,"mobile accessory designed for charging-cable organisation, in the halo family and supplied by vela with a 12-month warranty."
PRD0981,Candle Flux 1080,Laptop,Candle,2778.15,1863.24,2016,24,1.509,SKU-CAN00981,Ultrabook,Lumen,Blue,SUP019,Korea,2016-06-11,GST_STANDARD,Recycled box,True,True,"ultrabook designed for shared home-office administration, in the lumen family and supplied by candle with a 24-month warranty."
PRD0982,Vela Pulse 1081,Smartphone,Vela,1474.96,842.04,2017,24,0.218,SKU-VEL00982,5G Smartphone,Nova,Graphite,SUP020,Korea,2017-12-08,GST_STANDARD,Recycled box,True,True,"5g smartphone designed for travel planning and media use, in the nova family and supplied by vela with a 24-month warranty."
PRD0983,Candle Vista 1082,Tablet,Candle,863.49,586.82,2015,24,0.638,SKU-CAN00983,Productivity Tablet,Orbit,Blue,SUP021,Vietnam,2015-06-24,GST_STANDARD,Box,True,True,"productivity tablet designed for family learning and shared browsing, in the orbit family and supplied by candle with a 24-month warranty."
PRD0984,Vela Core 1083,Home Entertainment,Vela,2245.63,1145.62,2014,24,5.945,SKU-VEL00984,Smart Display,Pulse,Silver,SUP022,Japan,2014-04-22,GST_STANDARD,Recycled box,False,True,"smart display designed for casual living-room gaming, in the pulse family and supplied by vela with a 24-month warranty."
PRD0985,Candle Lumen 1084,Audio,Candle,77.36,38.21,2015,12,0.618,SKU-CAN00985,Wireless Audio,Quest,Black,SUP023,Vietnam,2015-06-23,GST_STANDARD,Recycled box,True,True,"wireless audio designed for shared-room music playback, in the quest family and supplied by candle with a 12-month warranty."
PRD0986,Vela Ridge 1085,Smart Home,Vela,419.88,261.13,2012,12,0.327,SKU-VEL00986,Home Automation,Ridge,Green,SUP024,Korea,2012-09-12,GST_STANDARD,Box,False,False,"home automation designed for door and window activity alerts, in the ridge family and supplied by vela with a 12-month warranty."
PRD0987,Candle Arc 1086,Gaming,Candle,1838.0,1211.64,2012,24,1.169,SKU-CAN00987,Gaming Hardware,Shift,Gold,SUP025,Vietnam,2012-06-27,GST_STANDARD,Protective case,True,True,"gaming hardware designed for portable gaming and travel, in the shift family and supplied by candle with a 24-month warranty."
PRD0988,Vela Echo 1087,Wearable,Vela,721.76,523.6,2015,12,0.114,SKU-VEL00988,Health Wearable,Spark,Blue,SUP026,Japan,2015-05-10,GST_STANDARD,Protective case,True,True,"health wearable designed for calendar alerts and quick message checks, in the spark family and supplied by vela with a 12-month warranty."
PRD0989,Candle Orbit 1088,Networking,Candle,535.6,383.66,2013,24,0.918,SKU-CAN00989,Connected Network,Vista,Black,SUP027,Australia,2013-12-18,GST_STANDARD,Protective case,True,True,"connected network designed for guest-network and device management, in the vista family and supplied by candle with a 24-month warranty."
PRD0990,Vela Spark 1089,Accessory,Vela,373.88,232.81,2014,12,0.197,SKU-VEL00990,Mobile Accessory,Wave,Green,SUP028,Korea,2014-07-07,GST_STANDARD,Recycled box,True,True,"mobile accessory designed for connecting several devices through one compact adapter, in the wave family and supplied by vela with a 12-month warranty."
PRD0991,Candle Bloom 1090,Laptop,Candle,2498.97,1608.69,2012,24,1.649,SKU-CAN00991,Ultrabook,Arc,Black,SUP029,Korea,2012-09-25,GST_STANDARD,Recycled box,False,True,"ultrabook designed for travel-based work and presentations, in the arc family and supplied by candle with a 24-month warranty."
PRD0992,Vela Halo 1091,Smartphone,Vela,1098.67,739.8,2014,24,0.207,SKU-VEL00992,5G Smartphone,Atlas,White,SUP030,Australia,2014-02-25,GST_STANDARD,Protective case,True,True,"5g smartphone designed for family communication and casual apps, in the atlas family and supplied by vela with a 24-month warranty."
PRD0993,Candle Quest 1092,Tablet,Candle,750.11,479.74,2013,24,0.577,SKU-CAN00993,Productivity Tablet,Bloom,Graphite,SUP031,Australia,2013-03-03,GST_STANDARD,Protective case,False,True,"productivity tablet designed for drawing and lightweight creative work, in the bloom family and supplied by candle with a 24-month warranty."
PRD0994,Vela Wave 1093,Home Entertainment,Vela,2732.71,1838.88,2014,24,8.235,SKU-VEL00994,Smart Display,Core,Black,SUP032,Malaysia,2014-06-02,GST_STANDARD,Box,True,True,"smart display designed for presentations and photo viewing, in the core family and supplied by vela with a 24-month warranty."
PRD0995,Candle Edge 1094,Audio,Candle,258.22,133.62,2015,12,0.478,SKU-CAN00995,Wireless Audio,Edge,Red,SUP033,Malaysia,2015-02-05,GST_STANDARD,Recycled box,True,True,"wireless audio designed for long listening sessions at home, in the edge family and supplied by candle with a 12-month warranty."
PRD0996,Vela Nova 1095,Smart Home,Vela,440.1,221.99,2013,12,0.448,SKU-VEL00996,Home Automation,Echo,Red,SUP034,Vietnam,2013-03-06,GST_STANDARD,Recycled box,True,True,"home automation designed for automated blind and curtain routines, in the echo family and supplied by vela with a 12-month warranty."
PRD0997,Candle Shift 1096,Gaming,Candle,1651.08,841.39,2013,24,1.246,SKU-CAN00997,Gaming Hardware,Flux,White,SUP035,Japan,2013-01-09,GST_STANDARD,Box,False,True,"gaming hardware designed for game streaming and media capture, in the flux family and supplied by candle with a 24-month warranty."
PRD0998,Vela Atlas 1097,Wearable,Vela,366.72,246.15,2013,12,0.101,SKU-VEL00998,Health Wearable,Halo,Black,SUP036,Australia,2013-05-15,GST_STANDARD,Protective case,True,True,"health wearable designed for habit reminders and everyday timekeeping, in the halo family and supplied by vela with a 12-month warranty."
PRD0999,Candle Flux 1098,Networking,Candle,892.27,486.41,2014,24,0.878,SKU-CAN00999,Connected Network,Lumen,Silver,SUP037,Vietnam,2014-09-12,GST_STANDARD,Recycled box,True,True,"connected network designed for extending coverage between rooms, in the lumen family and supplied by candle with a 24-month warranty."
PRD1000,Vela Pulse 1099,Accessory,Vela,45.04,23.37,2015,12,0.218,SKU-VEL01000,Mobile Accessory,Nova,Graphite,SUP001,Australia,2015-06-24,GST_STANDARD,Protective case,True,True,"mobile accessory designed for hands-free device support in a shared workspace, in the nova family and supplied by vela with a 12-month warranty."
